INSERT INTO `acc_group` (`groupid`, `group_title`, `group_code`, `add_date`) VALUES
(1, 'Assets', 101, NULL),
(2, 'Liabilities', 102, NULL),
(3, 'Income', 103, NULL),
(4, 'Expense', 104, NULL),
(5, 'Capital', 105, NULL);


INSERT INTO `add_specimen` (`id`, `specimen`, `created_at`) VALUES
(1, 'Blood', NULL),
(2, 'Imaging', NULL),
(3, 'Urine', NULL),
(4, 'Radiology', NULL),
(5, 'Stool', NULL),
(6, 'Any Others Sample', NULL),
(7, 'Echo', NULL),
(10, 'Electric Cardiograp', NULL);


INSERT INTO `admin_type` (`id`, `admin_type`, `status`) VALUES
(3, 'Hospital Admin', 1),
(4, 'Pharmacy Admin', 1),
(5, 'Ipd Admin', 1),
(6, 'Opd Admin', 1),
(7, 'Lab Admin', 1),
(8, 'Reception Admin', 1),
(9, 'Accounts Admin', 1);


INSERT INTO `area` (`area_id`, `area_title`, `area_title_bangla`, `description`, `add_date`, `division_id`, `district_id`, `area_st`) VALUES
(1, 'mirpur', 'মিরপুর', '', '2017-12-19 23:34:16', 3, 1, NULL),
(2, 'Uttara', 'উত্তরা', '', '2017-12-19 23:34:56', 3, 1, NULL),
(3, 'Dhanmondi', 'ধানমন্ডি', '', '2017-12-19 23:35:56', 3, 1, NULL),
(4, 'Gulshan', 'গুলশান', '', '2017-12-19 23:36:54', 3, 1, NULL),
(5, 'Mohammadpur', 'মোহাম্মদপুর', '', '2017-12-19 23:38:01', 3, 1, NULL),
(6, 'Elephant Road', 'এলিফ্যান্ট রোড', '', '2017-12-19 23:44:21', 3, 1, NULL),
(7, 'Wari', 'ওয়ারী', '', '2017-12-19 23:44:54', 3, 1, NULL),
(8, 'Kawranbazar', 'কাওরানবাজার', '', '2017-12-19 23:45:38', 3, 1, NULL),
(9, 'Kafrul', 'কাফরুল', '', '2017-12-19 23:47:56', 3, 1, NULL),
(10, 'Kamrangirchar', 'কামরাঙ্গীরচর', '', '2017-12-19 23:49:06', 3, 1, NULL),
(11, 'Keraniganj', 'কেরানীগঞ্জ', '', '2017-12-19 23:50:16', 3, 1, NULL),
(12, 'Kotowali', 'কোতোয়ালী', '', '2017-12-19 23:50:51', 3, 1, NULL),
(13, 'Cantonment', 'ক্যান্টনমেন্ট', '', '2017-12-19 23:51:25', 3, 1, NULL),
(14, 'Khilkhet', 'খিলক্ষেত', '', '2017-12-19 23:52:39', 3, 1, NULL),
(15, 'Khilgaon', 'খিলগাঁও', '', '2017-12-19 23:53:31', 3, 1, NULL),
(16, 'Chaukbazar', 'চকবাজার', '', '2017-12-19 23:54:05', 3, 1, NULL),
(17, 'Tongi', 'টঙ্গী', '', '2017-12-19 23:54:29', 3, 1, NULL),
(18, 'Demra', 'ডেমরা', '', '2017-12-19 23:55:10', 3, 1, NULL),
(19, 'Tejgaon', 'তেজগাঁও', '', '2017-12-19 23:55:42', 3, 1, NULL),
(20, 'Dohar', 'দোহার', '', '2017-12-19 23:56:29', 3, 1, NULL),
(21, 'Dhamrai', 'ধামরাই', '', '2017-12-19 23:56:57', 3, 1, NULL),
(22, 'Nawabganj', 'নবাবগঞ্জ', '', '2017-12-19 23:57:31', 3, 1, NULL),
(23, 'New market', 'নিউমার্কেট', '', '2017-12-19 23:57:58', 3, 1, NULL),
(24, 'Paltan', 'পল্টন', '', '2017-12-19 23:58:29', 3, 1, NULL),
(25, 'Purbachal', 'পূর্বাচল', '', '2017-12-19 23:58:59', 3, 1, NULL),
(26, 'Bangshal', 'বংশাল', '', '2017-12-19 23:59:38', 3, 1, NULL),
(27, 'Banani', 'বনানী', '', '2017-12-19 23:59:57', 3, 1, NULL),
(28, 'Banani DHOS', 'বনানী ডিওএইচএস', '', '2017-12-20 00:00:37', 3, 1, NULL),
(29, 'Bashundhara', 'বসুন্ধরা', '', '2017-12-20 00:01:04', 3, 1, NULL),
(30, 'Bangla-motor', 'বাংলামোটর', '', '2017-12-20 00:02:10', 3, 1, NULL),
(31, 'Badda', 'বাড্ডা', '', '2017-12-20 00:02:40', 3, 1, NULL),
(32, 'Baridhara', 'বারিধারা', '', '2017-12-20 00:03:04', 3, 1, NULL),
(33, 'Basabo', 'বাসাবো', '', '2017-12-20 00:03:35', 3, 1, NULL),
(34, 'Mogbazar', 'মগবাজার', '', '2017-12-20 00:04:01', 3, 1, NULL),
(35, 'Motijheel', 'মতিঝিল', '', '2017-12-20 00:05:46', 3, 35, NULL),
(36, 'Mohakali', 'মহাখালী', '', '2017-12-20 00:05:09', 3, 1, NULL),
(37, 'Mohakali DOHS', 'মহাখালী ডিওএইচএস', '', '2017-12-20 00:06:40', 3, 1, NULL),
(38, 'Malibag', 'মালিবাগ', '', '2017-12-20 00:07:05', 3, 1, NULL),
(39, 'Mirpur DOHS', 'মিরপুর ডিওএইচএস', '', '2017-12-20 00:07:43', 3, 1, NULL),
(40, 'Jattarabadi', 'যাত্রাবাড়ি', '', '2017-12-20 00:08:44', 3, 1, NULL),
(41, 'Ramna', 'রমনা', '', '2017-12-20 00:09:11', 3, 1, NULL),
(42, 'Rampura', 'রামপুরা', '', '2017-12-20 00:09:36', 3, 1, NULL),
(43, 'Lalbag', 'লালবাগ', '', '2017-12-20 00:10:04', 3, 1, NULL),
(44, 'Shajahanpur', 'শাজাহানপুর', '', '2017-12-20 00:10:37', 3, 1, NULL),
(45, 'Savar', 'সাভার', '', '2017-12-20 00:11:00', 3, 1, NULL),
(46, 'Sutrapur', 'সুত্রাপুর', '', '2017-12-20 00:11:45', 3, 1, NULL),
(47, 'Hazaribag', 'হাজারীবাগ', '', '2017-12-20 00:12:27', 3, 1, NULL),
(48, 'Agrabad', 'আগ্রাবাদ', '', '2017-12-20 00:16:07', 2, 43, NULL),
(49, 'Chawkbazar', 'চকবাজার', '', '2017-12-20 00:16:57', 2, 43, NULL),
(50, 'Halishahar', 'হালিশহর', '', '2017-12-20 00:17:52', 2, 43, NULL),
(51, 'Nasribad', 'নাসিরাবাদ', '', '2017-12-20 00:18:16', 2, 43, NULL),
(52, 'Chandgaon', 'চাঁদগাও', '', '2017-12-20 00:19:29', 2, 43, NULL),
(53, 'Anowara', 'আনোয়ারা', '', '2017-12-20 00:35:22', 2, 43, NULL),
(54, 'Anderkilla', 'আন্দরকিল্লা', '', '2017-12-20 00:36:10', 2, 43, NULL),
(55, 'Karnafuly', 'কর্ণফুলী', '', '2017-12-20 00:36:53', 2, 43, NULL),
(56, 'Cornelhat', 'কর্নেলহাট', '', '2017-12-20 00:37:21', 2, 43, NULL),
(57, 'Kotwali', 'কোতয়ালী', '', '2017-12-20 00:37:53', 2, 43, NULL),
(58, 'Khulshi', 'খুলশি', '', '2017-12-20 00:38:14', 2, 43, NULL),
(59, 'Chandanaish', 'চন্দনাঈশ', '', '2017-12-20 00:38:48', 2, 43, NULL),
(60, 'Jamalkhan', 'জামালখান', '', '2017-12-20 00:39:30', 2, 43, NULL),
(61, 'Double mooring', 'ডাবল মুরিং', '', '2017-12-20 00:39:57', 2, 43, NULL),
(62, 'Patiya', 'পটিয়া', '', '2017-12-20 00:40:21', 2, 43, NULL),
(63, 'Patenga', 'পতেঙ্গা', '', '2017-12-20 00:40:47', 2, 43, NULL),
(64, 'Panchlaish', 'পাঁচলাইশ', '', '2017-12-20 00:41:31', 2, 43, NULL),
(65, 'Pahartali', 'পাহাড়তলী', '', '2017-12-20 00:42:03', 2, 43, NULL),
(66, 'Fatikchari', 'ফটিকছড়ি', '', '2017-12-20 00:42:38', 2, 43, NULL),
(67, 'Bandar', 'বন্দর', '', '2017-12-20 00:43:03', 2, 43, NULL),
(68, 'Banskhali', 'বাঁশখালী', '', '2017-12-20 00:43:30', 2, 43, NULL),
(69, 'Baizid', 'বাইজিদ', '', '2017-12-20 00:44:32', 2, 43, NULL),
(70, 'Bakoliya', 'বাকলিয়া', '', '2017-12-20 00:45:22', 2, 43, NULL),
(71, 'Boalkhali', 'বোয়ালখালী', '', '2017-12-20 00:45:50', 2, 43, NULL),
(72, 'Mirsharai', 'মীরসরাই', '', '2017-12-20 00:46:38', 2, 43, NULL),
(73, 'Muradpur', 'মুরাদপুর', '', '2017-12-20 00:47:04', 2, 43, NULL),
(74, 'Raozan', 'রাউজান', '', '2017-12-20 00:47:36', 2, 43, NULL),
(75, 'Rangunia', 'রাঙ্গুনিয়া', '', '2017-12-20 00:48:06', 2, 43, NULL),
(76, 'Lalkhan bazar', 'লালখান বাজার', '', '2017-12-20 00:48:35', 2, 43, NULL),
(77, 'Lohagara', 'লোহাগাড়া', '', '2017-12-20 00:49:06', 2, 43, NULL),
(78, 'Sholasahar', 'ষোলশহর', '', '2017-12-20 00:49:52', 2, 43, NULL),
(79, 'Sandwip', 'সন্দ্বীপ', '', '2017-12-20 00:50:20', 2, 43, NULL),
(80, 'Satkania', 'সাতকানিয়া', '', '2017-12-20 00:50:51', 2, 43, NULL),
(81, 'CDA Avenue', 'সিডিএ এভিনিউ', '', '2017-12-20 00:51:22', 2, 43, NULL),
(82, 'Shitakunda', 'সীতাকুন্ড', '', '2017-12-20 00:51:52', 2, 43, NULL),
(83, 'Hathazari', 'হাটহাজারী', '', '2017-12-20 00:52:22', 2, 43, NULL),
(84, 'Panthapath', NULL, NULL, '2018-03-04 09:02:47', 3, 1, NULL),
(85, 'shyamoli', NULL, NULL, '2018-03-04 09:02:47', 3, 1, NULL),
(86, 'GEC Circle', NULL, NULL, '2018-03-04 09:02:47', 2, 43, NULL),
(87, 'Norshindi Sadar ', NULL, NULL, '2018-03-04 09:02:47', 3, 12, NULL),
(88, 'Agargoan ', NULL, NULL, '2018-03-04 09:02:47', 3, 1, NULL),
(89, 'Konabari', NULL, NULL, '2018-03-04 09:02:47', 3, 3, NULL),
(90, 'Mawna', NULL, NULL, '2018-03-04 09:02:47', 3, 3, NULL),
(91, 'Gazipur Sadar', NULL, NULL, '2018-03-04 09:02:47', 3, 3, NULL),
(92, 'Kathalbagan ', NULL, NULL, '2018-03-04 09:02:47', 3, 1, NULL),
(93, 'Postogola', NULL, NULL, '2018-03-04 09:02:47', 3, 1, NULL),
(94, 'Green Road', NULL, NULL, '2018-03-04 09:02:47', 3, 1, NULL),
(95, 'Badargonj Road', NULL, NULL, '2018-03-04 09:02:47', 6, 32, NULL),
(96, 'Brahmanbaria Road', NULL, NULL, '2018-03-04 09:02:47', 2, 41, NULL),
(97, 'Adabor', NULL, NULL, '2018-03-04 09:02:47', 3, 1, NULL),
(98, 'Manikganj', NULL, NULL, '2018-03-04 09:02:47', 3, 8, NULL),
(99, 'Kalabagan', NULL, NULL, '2018-03-04 09:02:47', 3, 1, NULL),
(100, 'Tangail', NULL, NULL, '2018-03-04 09:02:47', 3, 17, NULL),
(101, 'Chuadanga', NULL, NULL, '2018-03-04 09:02:47', 4, 56, NULL),
(102, 'Lalmatia', NULL, NULL, '2018-03-04 09:02:47', 3, 1, NULL),
(103, 'Kakrail', NULL, NULL, '2018-03-04 09:02:47', 3, 1, NULL),
(104, 'Tikatuli', NULL, NULL, '2018-03-04 09:02:47', 3, 1, NULL),
(105, 'Kallyanpur', NULL, NULL, '2018-03-04 09:02:47', 3, 1, NULL),
(106, 'Jamalpur', NULL, NULL, '2018-03-04 09:02:47', 3, 5, NULL),
(107, 'Pabna', NULL, NULL, '2018-03-04 09:02:47', 5, 23, NULL),
(108, 'Rajarbagh', NULL, NULL, '2018-03-04 09:02:47', 3, 1, NULL),
(109, 'Eskaton', NULL, NULL, '2018-03-04 09:02:47', 3, 1, NULL),
(110, 'Bogra', NULL, NULL, '2018-03-04 09:02:47', 5, 18, NULL),
(111, 'Kamlapur', NULL, NULL, '2018-03-04 09:02:47', 3, 1, NULL),
(112, 'Becharam Dewri Lane', NULL, NULL, '2018-03-04 09:02:47', 3, 1, NULL),
(113, 'Nayapaltan', NULL, NULL, '2018-03-04 09:02:47', 3, 1, NULL),
(114, 'Sadarghat', NULL, NULL, '2018-03-04 09:02:47', 3, 1, NULL),
(115, 'Nilkhet', NULL, NULL, '2018-03-04 09:02:47', 3, 1, NULL),
(116, 'Medical College Rd', NULL, NULL, '2018-03-04 09:02:47', 7, 54, NULL),
(117, 'Hatirpool', NULL, NULL, '2018-03-04 09:02:47', 3, 1, NULL),
(118, 'New Eskaton', NULL, NULL, '2018-03-04 09:02:47', 3, 1, NULL),
(119, 'Islampur Road', NULL, NULL, '2018-03-04 09:02:47', 3, 1, NULL),
(120, 'Armanitola', NULL, NULL, '2018-03-04 09:02:47', 3, 1, NULL),
(121, 'Mymensingh Sadar', NULL, NULL, '2018-03-04 09:02:47', 3, 10, NULL),
(122, 'Narayanganj', NULL, NULL, '2018-03-04 09:02:47', 3, 11, NULL),
(123, 'Maijdee', NULL, NULL, '2018-03-04 09:02:47', 2, 49, NULL),
(124, 'Satmasjid Road, Mohammadpur', NULL, NULL, '2018-03-04 09:02:47', 3, 1, NULL),
(125, 'Bangabandhu Road', NULL, NULL, '2018-03-04 09:02:47', 3, 11, NULL),
(126, 'Sher- E- Bangla Nagar', NULL, NULL, '2018-03-04 09:02:47', 3, 1, NULL),
(127, 'Chowmuhani', NULL, NULL, '2018-03-04 09:02:47', 2, 49, NULL),
(128, 'Begam Rokeya Sarani ', NULL, NULL, '2018-03-04 09:02:47', 3, 1, NULL),
(129, 'Shahjadpur', NULL, NULL, '2018-03-04 09:02:47', 3, 1, NULL),
(130, 'Sugandha R/A', NULL, NULL, '2018-03-04 09:02:47', 2, 43, NULL),
(131, 'Satmasjid Road, Dhanmondi', NULL, NULL, '2018-03-04 09:02:47', 3, 1, NULL),
(132, 'KDA Avenue', NULL, NULL, '2018-03-04 09:02:47', 4, 59, NULL),
(133, 'Farmgate', NULL, NULL, '2018-03-04 09:02:47', 3, 1, NULL),
(134, 'Jahanabad, Bhatiari', NULL, NULL, '2018-03-04 09:02:47', 2, 43, NULL),
(135, 'Hospital Road', NULL, NULL, '2018-03-04 09:02:47', 5, 23, NULL),
(136, 'Hospital Road', NULL, NULL, '2018-03-04 09:02:47', 3, 6, NULL),
(137, 'East Sawrapara', NULL, NULL, '2018-03-04 09:02:47', 3, 1, NULL),
(138, ' Nikunja', NULL, NULL, '2018-03-04 09:02:47', 3, 1, NULL),
(139, 'Mugda', NULL, NULL, '2018-03-04 09:02:47', 3, 1, NULL),
(140, 'Savar', NULL, NULL, '2018-03-04 09:02:47', 3, 1, NULL),
(141, 'Shahid Shahidullah Kaisar Road', NULL, NULL, '2018-03-04 09:02:47', 2, 46, NULL),
(142, 'Middle Badda', NULL, NULL, '2018-03-04 09:02:47', 3, 1, NULL),
(143, 'Aftabnagar', NULL, NULL, '2018-03-04 09:02:47', 3, 1, NULL),
(144, 'Joydebpur', NULL, NULL, '2018-03-04 09:02:47', 3, 3, NULL),
(145, 'Mitford ', NULL, NULL, '2018-03-04 09:02:47', 3, 1, NULL),
(146, 'Shahbagh', NULL, NULL, '2018-03-04 09:02:47', 3, 1, NULL),
(147, 'Secretariate Road', NULL, NULL, '2018-03-04 09:02:47', 3, 1, NULL),
(148, 'Slyhet', NULL, NULL, '2018-03-04 09:02:47', 7, 54, NULL),
(149, 'Baptist Mission Road', NULL, NULL, '2018-03-04 09:02:47', 1, 35, NULL),
(150, 'Laxmipur', NULL, NULL, '2018-03-04 09:02:47', 5, 24, NULL),
(151, 'Rangpur', NULL, NULL, '2018-03-04 09:02:47', 6, 32, NULL),
(152, 'Matuail', NULL, NULL, '2018-03-04 09:02:47', 3, 1, NULL),
(153, 'Faridpur Highway', NULL, NULL, '2018-03-04 09:02:47', 3, 2, NULL),
(154, 'Medical Road', NULL, NULL, '2018-03-04 09:02:47', 3, 10, NULL),
(155, 'Turag', NULL, NULL, '2018-03-04 09:02:47', 3, 1, NULL),
(156, 'Bogra City Bypass', NULL, NULL, '2018-03-04 09:02:47', 5, 18, NULL),
(157, 'Dinajpur Dhaka Highway', NULL, NULL, '2018-03-04 09:02:47', 6, 26, NULL),
(158, 'Bhagalpur', NULL, NULL, '2018-03-04 09:02:47', 3, 6, NULL),
(159, 'Sirajgonj', NULL, NULL, '2018-03-04 09:02:47', 5, 25, NULL),
(160, 'Choto Boyra', NULL, NULL, '2018-03-04 09:02:47', 4, 59, NULL),
(161, 'Pathantola Road', NULL, NULL, '2018-03-04 09:02:47', 7, 54, NULL),
(162, ' Zakir Hossain Road', NULL, NULL, '2018-03-04 09:02:47', 2, 43, NULL),
(163, 'Band Road', NULL, NULL, '2018-03-04 09:02:47', 1, 35, NULL),
(164, ' Burichang', NULL, NULL, '2018-03-04 09:02:47', 2, 44, NULL),
(165, 'Chashara', NULL, NULL, '2018-03-04 09:02:47', 3, 11, NULL),
(166, 'President Road', NULL, NULL, '2018-03-04 09:02:47', 3, 11, NULL),
(167, 'kaptan Bazar', NULL, NULL, '2018-03-04 09:02:47', 3, 1, NULL),
(168, 'Magura', NULL, NULL, '2018-03-04 09:02:47', 4, 61, NULL),
(169, 'Rupnagar Road', NULL, NULL, '2018-03-04 09:02:47', 3, 1, NULL),
(170, 'Shantinagar', NULL, NULL, '2018-03-04 09:02:47', 3, 1, NULL),
(171, 'Kachukhet ', NULL, NULL, '2018-03-04 09:02:47', 3, 1, NULL),
(172, 'Darus Salam Road', NULL, NULL, '2018-03-04 09:02:47', 3, 1, NULL),
(173, 'Doyaganj', NULL, NULL, '2018-03-04 09:02:47', 3, 1, NULL),
(174, 'Fakirapool', NULL, NULL, '2018-03-04 09:02:47', 3, 1, NULL),
(175, 'jatrabari', NULL, NULL, '2018-03-04 09:02:47', 3, 1, NULL),
(176, ' Hajigonj', NULL, NULL, '2018-03-04 09:02:47', 2, 42, NULL),
(177, 'Pallabi', NULL, NULL, '2018-03-04 09:02:47', 3, 1, NULL),
(178, 'Sonapotti Road 2 ', NULL, NULL, '2018-03-04 09:02:47', 5, 23, NULL),
(179, 'Shahid Taj Uddin Ahmed Sarani', NULL, NULL, '2018-03-04 09:02:47', 3, 1, NULL),
(180, ' Kazi Allaudin Road', NULL, NULL, '2018-03-04 09:02:47', 3, 1, NULL),
(181, 'Shazadpur', NULL, NULL, '2018-03-04 09:02:47', 3, 1, NULL),
(182, 'Dendabor', NULL, NULL, '2018-03-04 09:02:47', 3, 1, NULL),
(183, 'Shobujbag', NULL, NULL, '2018-03-04 09:02:47', 3, 1, NULL),
(184, 'Armanitola Road', NULL, NULL, '2018-03-04 09:02:47', 3, 1, NULL),
(185, ' Lalbagh', NULL, NULL, '2018-03-04 09:02:47', 3, 1, NULL),
(186, 'Madaripur Sadar', NULL, NULL, '2018-03-04 09:02:47', 3, 7, NULL),
(187, 'Mymensingh Rd', NULL, NULL, '2018-03-04 09:02:47', 3, 6, NULL),
(188, 'Elephent Road', NULL, NULL, '2018-03-04 09:02:47', 3, 1, NULL),
(189, 'Nardda', NULL, NULL, '2018-03-04 09:02:47', 3, 1, NULL),
(190, 'Gendaria', NULL, NULL, '2018-03-04 09:02:47', 3, 1, NULL),
(191, 'Comilla City', NULL, NULL, '2018-03-04 09:02:47', 2, 44, NULL),
(192, 'Kallyanpur', NULL, NULL, '2018-03-04 09:02:47', 3, 1, NULL),
(193, 'Kamrangirchar', NULL, NULL, '2018-03-04 09:02:47', 3, 1, NULL),
(194, 'Munshiganj', NULL, NULL, '2018-03-04 09:02:47', 3, 9, NULL),
(195, 'Bogura', NULL, NULL, '2018-03-04 09:02:47', 5, 18, NULL),
(196, 'Sirajganj', NULL, NULL, '2018-03-04 09:02:47', 5, 25, NULL),
(197, 'Demra', NULL, NULL, '2018-03-04 09:02:47', 3, 1, NULL),
(198, 'Shantinagar', NULL, NULL, '2018-03-04 09:02:47', 3, 1, NULL);

INSERT INTO `blood_group` (`id`, `blood_group_title`, `status`) VALUES
(1, 'A+', 1),
(2, 'B+', 1),
(3, 'O+', 1),
(4, 'AB+', 1),
(5, 'A-', 1),
(6, 'B-', 1),
(7, 'O-', 1),
(8, 'AB-', 1);

INSERT INTO `company` (`id`, `comp_name`, `status`, `created_at`, `updated_at`) VALUES
(1, 'renata', 1, NULL, '2018-11-07 15:19:41'),
(2, 'incefta', 1, NULL, '2018-11-07 15:19:44'),
(3, 'beximco pharma', 1, NULL, '2018-11-07 15:19:46'),
(4, 'sqaure pharmaceuticals', 1, NULL, '2018-11-07 15:19:50'),
(5, 'opsonin pharmaceuticals', 1, NULL, '2018-11-08 04:50:32'),
(6, 'Greenland-pharmaceuticals', 1, NULL, '2018-11-09 07:53:39'),
(7, 'SK_F', 1, NULL, '2018-11-09 08:04:00'),
(8, 'mundi-pharma', 1, NULL, '2018-11-09 08:09:09'),
(9, 'popular-pharmaceutical', 1, NULL, '2018-11-09 09:10:03'),
(10, 'zm-surgical', 1, NULL, '2018-11-10 04:51:45'),
(11, 'nuvista-pharma', 1, NULL, '2018-11-10 06:58:29'),
(12, 'saymon-surgical', 1, NULL, '2018-11-10 08:55:09'),
(13, 'Beacon pharmaceutical', 1, NULL, '2018-11-18 08:04:00'),
(14, 'General pharmaceutcals', 1, NULL, '2018-11-18 08:11:23'),
(15, 'Nuvista pharma limited', 1, NULL, '2018-11-18 08:57:52'),
(16, 'aci pharmacitical', 1, NULL, '2018-11-21 06:18:01'),
(17, 'R F L', 1, NULL, '2018-11-21 06:35:17'),
(18, 'Techno Drugs LTD', 1, NULL, '2018-11-21 06:45:54');

INSERT INTO `country` (`id`, `name`, `shortname`, `nicename`, `iso3`, `numcode`, `mobile_code`, `created_at`, `updated_at`) VALUES
(1, 'AFGHANISTAN', 'AF', 'Afghanistan', 'AFG', 4, '93', '2018-08-07 15:18:59', '2018-08-07 09:20:47'),
(2, 'ALBANIA', 'AL', 'Albania', 'ALB', 8, '355', '2018-08-07 15:18:59', '2018-08-07 09:20:47'),
(3, 'ALGERIA', 'DZ', 'Algeria', 'DZA', 12, '213', '2018-08-07 15:18:59', '2018-08-07 09:20:47'),
(4, 'AMERICAN SAMOA', 'AS', 'American Samoa', 'ASM', 16, '1684', '2018-08-07 15:18:59', '2018-08-07 09:20:47'),
(5, 'ANDORRA', 'AD', 'Andorra', 'AND', 20, '376', '2018-08-07 15:18:59', '2018-08-07 09:20:47'),
(6, 'ANGOLA', 'AO', 'Angola', 'AGO', 24, '244', '2018-08-07 15:18:59', '2018-08-07 09:20:47'),
(7, 'ANGUILLA', 'AI', 'Anguilla', 'AIA', 660, '1264', '2018-08-07 15:18:59', '2018-08-07 09:20:47'),
(8, 'ANTARCTICA', 'AQ', 'Antarctica', 'ANT', NULL, '0', '2018-08-07 15:18:59', '2018-09-03 06:48:35'),
(9, 'ANTIGUA AND BARBUDA', 'AG', 'Antigua and Barbuda', 'ATG', 28, '1268', '2018-08-07 15:18:59', '2018-08-07 09:20:47'),
(10, 'ARGENTINA', 'AR', 'Argentina', 'ARG', 32, '54', '2018-08-07 15:18:59', '2018-08-07 09:20:47'),
(11, 'ARMENIA', 'AM', 'Armenia', 'ARM', 51, '374', '2018-08-07 15:18:59', '2018-08-07 09:20:47'),
(12, 'ARUBA', 'AW', 'Aruba', 'ABW', 533, '297', '2018-08-07 15:18:59', '2018-08-07 09:20:47'),
(13, 'AUSTRALIA', 'AU', 'Australia', 'AUS', 36, '61', '2018-08-07 15:18:59', '2018-08-07 09:20:47'),
(14, 'AUSTRIA', 'AT', 'Austria', 'AUT', 40, '43', '2018-08-07 15:18:59', '2018-08-07 09:20:47'),
(15, 'AZERBAIJAN', 'AZ', 'Azerbaijan', 'AZE', 31, '994', '2018-08-07 15:18:59', '2018-08-07 09:20:47'),
(16, 'BAHAMAS', 'BS', 'Bahamas', 'BHS', 44, '1242', '2018-08-07 15:18:59', '2018-08-07 09:20:47'),
(17, 'BAHRAIN', 'BH', 'Bahrain', 'BHR', 48, '973', '2018-08-07 15:18:59', '2018-08-07 09:20:47'),
(18, 'BANGLADESH', 'BD', 'Bangladesh', 'BGD', 50, '880', '2018-08-07 15:18:59', '2018-08-07 09:20:47'),
(19, 'BARBADOS', 'BB', 'Barbados', 'BRB', 52, '1246', '2018-08-07 15:18:59', '2018-08-07 09:20:47'),
(20, 'BELARUS', 'BY', 'Belarus', 'BLR', 112, '375', '2018-08-07 15:18:59', '2018-08-07 09:20:47'),
(21, 'BELGIUM', 'BE', 'Belgium', 'BEL', 56, '32', '2018-08-07 15:18:59', '2018-08-07 09:20:47'),
(22, 'BELIZE', 'BZ', 'Belize', 'BLZ', 84, '501', '2018-08-07 15:18:59', '2018-08-07 09:20:47'),
(23, 'BENIN', 'BJ', 'Benin', 'BEN', 204, '229', '2018-08-07 15:18:59', '2018-08-07 09:20:47'),
(24, 'BERMUDA', 'BM', 'Bermuda', 'BMU', 60, '1441', '2018-08-07 15:18:59', '2018-08-07 09:20:47'),
(25, 'BHUTAN', 'BT', 'Bhutan', 'BTN', 64, '975', '2018-08-07 15:18:59', '2018-08-07 09:20:47'),
(26, 'BOLIVIA', 'BO', 'Bolivia', 'BOL', 68, '591', '2018-08-07 15:18:59', '2018-08-07 09:20:47'),
(27, 'BOSNIA AND HERZEGOVINA', 'BA', 'Bosnia and Herzegovina', 'BIH', 70, '387', '2018-08-07 15:18:59', '2018-08-07 09:20:47'),
(28, 'BOTSWANA', 'BW', 'Botswana', 'BWA', 72, '267', '2018-08-07 15:18:59', '2018-08-07 09:20:47'),
(29, 'BOUVET ISLAND', 'BV', 'Bouvet Island', NULL, NULL, '0', '2018-08-07 15:18:59', '2018-08-07 09:20:47'),
(30, 'BRAZIL', 'BR', 'Brazil', 'BRA', 76, '55', '2018-08-07 15:18:59', '2018-08-07 09:20:47'),
(31, 'BRITISH INDIAN OCEAN TERRITORY', 'IO', 'British Indian Ocean Territory', NULL, NULL, '246', '2018-08-07 15:18:59', '2018-08-07 09:20:47'),
(32, 'BRUNEI DARUSSALAM', 'BN', 'Brunei Darussalam', 'BRN', 96, '673', '2018-08-07 15:18:59', '2018-08-07 09:20:47'),
(33, 'BULGARIA', 'BG', 'Bulgaria', 'BGR', 100, '359', '2018-08-07 15:18:59', '2018-08-07 09:20:47'),
(34, 'BURKINA FASO', 'BF', 'Burkina Faso', 'BFA', 854, '226', '2018-08-07 15:18:59', '2018-08-07 09:20:47'),
(35, 'BURUNDI', 'BI', 'Burundi', 'BDI', 108, '257', '2018-08-07 15:18:59', '2018-08-07 09:20:47'),
(36, 'CAMBODIA', 'KH', 'Cambodia', 'KHM', 116, '855', '2018-08-07 15:18:59', '2018-08-07 09:20:47'),
(37, 'CAMEROON', 'CM', 'Cameroon', 'CMR', 120, '237', '2018-08-07 15:18:59', '2018-08-07 09:20:47'),
(38, 'CANADA', 'CA', 'Canada', 'CAN', 124, '1', '2018-08-07 15:18:59', '2018-08-07 09:20:47'),
(39, 'CAPE VERDE', 'CV', 'Cape Verde', 'CPV', 132, '238', '2018-08-07 15:18:59', '2018-08-07 09:20:47'),
(40, 'CAYMAN ISLANDS', 'KY', 'Cayman Islands', 'CYM', 136, '1345', '2018-08-07 15:18:59', '2018-08-07 09:20:47'),
(41, 'CENTRAL AFRICAN REPUBLIC', 'CF', 'Central African Republic', 'CAF', 140, '236', '2018-08-07 15:18:59', '2018-08-07 09:20:47'),
(42, 'CHAD', 'TD', 'Chad', 'TCD', 148, '235', '2018-08-07 15:18:59', '2018-08-07 09:20:47'),
(43, 'CHILE', 'CL', 'Chile', 'CHL', 152, '56', '2018-08-07 15:18:59', '2018-08-07 09:20:47'),
(44, 'CHINA', 'CN', 'China', 'CHN', 156, '86', '2018-08-07 15:18:59', '2018-08-07 09:20:47'),
(45, 'CHRISTMAS ISLAND', 'CX', 'Christmas Island', NULL, NULL, '61', '2018-08-07 15:18:59', '2018-08-07 09:20:47'),
(46, 'COCOS (KEELING) ISLANDS', 'CC', 'Cocos (Keeling) Islands', NULL, NULL, '672', '2018-08-07 15:18:59', '2018-08-07 09:20:47'),
(47, 'COLOMBIA', 'CO', 'Colombia', 'COL', 170, '57', '2018-08-07 15:18:59', '2018-08-07 09:20:47'),
(48, 'COMOROS', 'KM', 'Comoros', 'COM', 174, '269', '2018-08-07 15:18:59', '2018-08-07 09:20:47'),
(49, 'CONGO', 'CG', 'Congo', 'COG', 178, '242', '2018-08-07 15:18:59', '2018-08-07 09:20:47'),
(50, 'CONGO, THE DEMOCRATIC REPUBLIC', 'CD', 'Congo, the Democratic Republic of the', 'COD', 180, '242', '2018-08-07 15:18:59', '2018-08-07 09:20:47'),
(51, 'COOK ISLANDS', 'CK', 'Cook Islands', 'COK', 184, '682', '2018-08-07 15:18:59', '2018-08-07 09:20:47'),
(52, 'COSTA RICA', 'CR', 'Costa Rica', 'CRI', 188, '506', '2018-08-07 15:18:59', '2018-08-07 09:20:47'),
(53, 'COTE D\'IVOIRE', 'CI', 'Cote D\'Ivoire', 'CIV', 384, '225', '2018-08-07 15:18:59', '2018-08-07 09:20:47'),
(54, 'CROATIA', 'HR', 'Croatia', 'HRV', 191, '385', '2018-08-07 15:18:59', '2018-08-07 09:20:47'),
(55, 'CUBA', 'CU', 'Cuba', 'CUB', 192, '53', '2018-08-07 15:18:59', '2018-08-07 09:20:47'),
(56, 'CYPRUS', 'CY', 'Cyprus', 'CYP', 196, '357', '2018-08-07 15:18:59', '2018-08-07 09:20:47'),
(57, 'CZECH REPUBLIC', 'CZ', 'Czech Republic', 'CZE', 203, '420', '2018-08-07 15:18:59', '2018-08-07 09:20:47'),
(58, 'DENMARK', 'DK', 'Denmark', 'DNK', 208, '45', '2018-08-07 15:18:59', '2018-08-07 09:20:47'),
(59, 'DJIBOUTI', 'DJ', 'Djibouti', 'DJI', 262, '253', '2018-08-07 15:18:59', '2018-08-07 09:20:47'),
(60, 'DOMINICA', 'DM', 'Dominica', 'DMA', 212, '1767', '2018-08-07 15:18:59', '2018-08-07 09:20:47'),
(61, 'DOMINICAN REPUBLIC', 'DO', 'Dominican Republic', 'DOM', 214, '1809', '2018-08-07 15:18:59', '2018-08-07 09:20:47'),
(62, 'ECUADOR', 'EC', 'Ecuador', 'ECU', 218, '593', '2018-08-07 15:18:59', '2018-08-07 09:20:47'),
(63, 'EGYPT', 'EG', 'Egypt', 'EGY', 818, '20', '2018-08-07 15:18:59', '2018-08-07 09:20:47'),
(64, 'EL SALVADOR', 'SV', 'El Salvador', 'SLV', 222, '503', '2018-08-07 15:18:59', '2018-08-07 09:20:47'),
(65, 'EQUATORIAL GUINEA', 'GQ', 'Equatorial Guinea', 'GNQ', 226, '240', '2018-08-07 15:18:59', '2018-08-07 09:20:47'),
(66, 'ERITREA', 'ER', 'Eritrea', 'ERI', 232, '291', '2018-08-07 15:18:59', '2018-08-07 09:20:47'),
(67, 'ESTONIA', 'EE', 'Estonia', 'EST', 233, '372', '2018-08-07 15:18:59', '2018-08-07 09:20:47'),
(68, 'ETHIOPIA', 'ET', 'Ethiopia', 'ETH', 231, '251', '2018-08-07 15:18:59', '2018-08-07 09:20:47'),
(69, 'FALKLAND ISLANDS (MALVINAS)', 'FK', 'Falkland Islands (Malvinas)', 'FLK', 238, '500', '2018-08-07 15:18:59', '2018-08-07 09:20:47'),
(70, 'FAROE ISLANDS', 'FO', 'Faroe Islands', 'FRO', 234, '298', '2018-08-07 15:18:59', '2018-08-07 09:20:47'),
(71, 'FIJI', 'FJ', 'Fiji', 'FJI', 242, '679', '2018-08-07 15:18:59', '2018-08-07 09:20:47'),
(72, 'FINLAND', 'FI', 'Finland', 'FIN', 246, '358', '2018-08-07 15:18:59', '2018-08-07 09:20:47'),
(73, 'FRANCE', 'FR', 'France', 'FRA', 250, '33', '2018-08-07 15:18:59', '2018-08-07 09:20:47'),
(74, 'FRENCH GUIANA', 'GF', 'French Guiana', 'GUF', 254, '594', '2018-08-07 15:18:59', '2018-08-07 09:20:47'),
(75, 'FRENCH POLYNESIA', 'PF', 'French Polynesia', 'PYF', 258, '689', '2018-08-07 15:18:59', '2018-08-07 09:20:47'),
(76, 'FRENCH SOUTHERN TERRITORIES', 'TF', 'French Southern Territories', NULL, NULL, '0', '2018-08-07 15:18:59', '2018-08-07 09:20:47'),
(77, 'GABON', 'GA', 'Gabon', 'GAB', 266, '241', '2018-08-07 15:18:59', '2018-08-07 09:20:47'),
(78, 'GAMBIA', 'GM', 'Gambia', 'GMB', 270, '220', '2018-08-07 15:18:59', '2018-08-07 09:20:47'),
(79, 'GEORGIA', 'GE', 'Georgia', 'GEO', 268, '995', '2018-08-07 15:18:59', '2018-08-07 09:20:47'),
(80, 'GERMANY', 'DE', 'Germany', 'DEU', 276, '49', '2018-08-07 15:18:59', '2018-08-07 09:20:47'),
(81, 'GHANA', 'GH', 'Ghana', 'GHA', 288, '233', '2018-08-07 15:18:59', '2018-08-07 09:20:47'),
(82, 'GIBRALTAR', 'GI', 'Gibraltar', 'GIB', 292, '350', '2018-08-07 15:18:59', '2018-08-07 09:20:47'),
(83, 'GREECE', 'GR', 'Greece', 'GRC', 300, '30', '2018-08-07 15:18:59', '2018-08-07 09:20:47'),
(84, 'GREENLAND', 'GL', 'Greenland', 'GRL', 304, '299', '2018-08-07 15:18:59', '2018-08-07 09:20:47'),
(85, 'GRENADA', 'GD', 'Grenada', 'GRD', 308, '1473', '2018-08-07 15:18:59', '2018-08-07 09:20:47'),
(86, 'GUADELOUPE', 'GP', 'Guadeloupe', 'GLP', 312, '590', '2018-08-07 15:18:59', '2018-08-07 09:20:47'),
(87, 'GUAM', 'GU', 'Guam', 'GUM', 316, '1671', '2018-08-07 15:18:59', '2018-08-07 09:20:47'),
(88, 'GUATEMALA', 'GT', 'Guatemala', 'GTM', 320, '502', '2018-08-07 15:18:59', '2018-08-07 09:20:47'),
(89, 'GUINEA', 'GN', 'Guinea', 'GIN', 324, '224', '2018-08-07 15:18:59', '2018-08-07 09:20:47'),
(90, 'GUINEA-BISSAU', 'GW', 'Guinea-Bissau', 'GNB', 624, '245', '2018-08-07 15:18:59', '2018-08-07 09:20:47'),
(91, 'GUYANA', 'GY', 'Guyana', 'GUY', 328, '592', '2018-08-07 15:18:59', '2018-08-07 09:20:47'),
(92, 'HAITI', 'HT', 'Haiti', 'HTI', 332, '509', '2018-08-07 15:18:59', '2018-08-07 09:20:47'),
(93, 'HEARD ISLAND AND MCDONALD ISLA', 'HM', 'Heard Island and Mcdonald Islands', NULL, NULL, '0', '2018-08-07 15:18:59', '2018-08-07 09:20:47'),
(94, 'HOLY SEE (VATICAN CITY STATE)', 'VA', 'Holy See (Vatican City State)', 'VAT', 336, '39', '2018-08-07 15:18:59', '2018-08-07 09:20:47'),
(95, 'HONDURAS', 'HN', 'Honduras', 'HND', 340, '504', '2018-08-07 15:18:59', '2018-08-07 09:20:47'),
(96, 'HONG KONG', 'HK', 'Hong Kong', 'HKG', 344, '852', '2018-08-07 15:18:59', '2018-08-07 09:20:47'),
(97, 'HUNGARY', 'HU', 'Hungary', 'HUN', 348, '36', '2018-08-07 15:18:59', '2018-08-07 09:20:47'),
(98, 'ICELAND', 'IS', 'Iceland', 'ISL', 352, '354', '2018-08-07 15:18:59', '2018-08-07 09:20:47'),
(99, 'INDIA', 'IN', 'India', 'IND', 356, '91', '2018-08-07 15:18:59', '2018-08-07 09:20:47'),
(100, 'INDONESIA', 'ID', 'Indonesia', 'IDN', 360, '62', '2018-08-07 15:18:59', '2018-08-07 09:20:47'),
(101, 'IRAN, ISLAMIC REPUBLIC OF', 'IR', 'Iran, Islamic Republic of', 'IRN', 364, '98', '2018-08-07 15:18:59', '2018-08-07 09:20:47'),
(102, 'IRAQ', 'IQ', 'Iraq', 'IRQ', 368, '964', '2018-08-07 15:18:59', '2018-08-07 09:20:47'),
(103, 'IRELAND', 'IE', 'Ireland', 'IRL', 372, '353', '2018-08-07 15:18:59', '2018-08-07 09:20:47'),
(104, 'ISRAEL', 'IL', 'Israel', 'ISR', 376, '972', '2018-08-07 15:18:59', '2018-08-07 09:20:47'),
(105, 'ITALY', 'IT', 'Italy', 'ITA', 380, '39', '2018-08-07 15:18:59', '2018-08-07 09:20:47'),
(106, 'JAMAICA', 'JM', 'Jamaica', 'JAM', 388, '1876', '2018-08-07 15:18:59', '2018-08-07 09:20:47'),
(107, 'JAPAN', 'JP', 'Japan', 'JPN', 392, '81', '2018-08-07 15:18:59', '2018-08-07 09:20:47'),
(108, 'JORDAN', 'JO', 'Jordan', 'JOR', 400, '962', '2018-08-07 15:18:59', '2018-08-07 09:20:47'),
(109, 'KAZAKHSTAN', 'KZ', 'Kazakhstan', 'KAZ', 398, '7', '2018-08-07 15:18:59', '2018-08-07 09:20:47'),
(110, 'KENYA', 'KE', 'Kenya', 'KEN', 404, '254', '2018-08-07 15:18:59', '2018-08-07 09:20:47'),
(111, 'KIRIBATI', 'KI', 'Kiribati', 'KIR', 296, '686', '2018-08-07 15:18:59', '2018-08-07 09:20:47'),
(112, 'KOREA, DEMOCRATIC PEOPLE\'S REP', 'KP', 'Korea, Democratic People\'s Republic of', 'PRK', 408, '850', '2018-08-07 15:18:59', '2018-08-07 09:20:47'),
(113, 'KOREA, REPUBLIC OF', 'KR', 'Korea, Republic of', 'KOR', 410, '82', '2018-08-07 15:18:59', '2018-08-07 09:20:47'),
(114, 'KUWAIT', 'KW', 'Kuwait', 'KWT', 414, '965', '2018-08-07 15:18:59', '2018-08-07 09:20:47'),
(115, 'KYRGYZSTAN', 'KG', 'Kyrgyzstan', 'KGZ', 417, '996', '2018-08-07 15:18:59', '2018-08-07 09:20:47'),
(116, 'LAO PEOPLE\'S DEMOCRATIC REPUBL', 'LA', 'Lao People\'s Democratic Republic', 'LAO', 418, '856', '2018-08-07 15:18:59', '2018-08-07 09:20:47'),
(117, 'LATVIA', 'LV', 'Latvia', 'LVA', 428, '371', '2018-08-07 15:18:59', '2018-08-07 09:20:47'),
(118, 'LEBANON', 'LB', 'Lebanon', 'LBN', 422, '961', '2018-08-07 15:18:59', '2018-08-07 09:20:47'),
(119, 'LESOTHO', 'LS', 'Lesotho', 'LSO', 426, '266', '2018-08-07 15:18:59', '2018-08-07 09:20:47'),
(120, 'LIBERIA', 'LR', 'Liberia', 'LBR', 430, '231', '2018-08-07 15:18:59', '2018-08-07 09:20:47'),
(121, 'LIBYAN ARAB JAMAHIRIYA', 'LY', 'Libyan Arab Jamahiriya', 'LBY', 434, '218', '2018-08-07 15:18:59', '2018-08-07 09:20:47'),
(122, 'LIECHTENSTEIN', 'LI', 'Liechtenstein', 'LIE', 438, '423', '2018-08-07 15:18:59', '2018-08-07 09:20:47'),
(123, 'LITHUANIA', 'LT', 'Lithuania', 'LTU', 440, '370', '2018-08-07 15:18:59', '2018-08-07 09:20:47'),
(124, 'LUXEMBOURG', 'LU', 'Luxembourg', 'LUX', 442, '352', '2018-08-07 15:18:59', '2018-08-07 09:20:47'),
(125, 'MACAO', 'MO', 'Macao', 'MAC', 446, '853', '2018-08-07 15:18:59', '2018-08-07 09:20:47'),
(126, 'MACEDONIA, THE FORMER YUGOSLAV', 'MK', 'Macedonia, the Former Yugoslav Republic of', 'MKD', 807, '389', '2018-08-07 15:18:59', '2018-08-07 09:20:47'),
(127, 'MADAGASCAR', 'MG', 'Madagascar', 'MDG', 450, '261', '2018-08-07 15:18:59', '2018-08-07 09:20:47'),
(128, 'MALAWI', 'MW', 'Malawi', 'MWI', 454, '265', '2018-08-07 15:18:59', '2018-08-07 09:20:47'),
(129, 'MALAYSIA', 'MY', 'Malaysia', 'MYS', 458, '60', '2018-08-07 15:18:59', '2018-08-07 09:20:47'),
(130, 'MALDIVES', 'MV', 'Maldives', 'MDV', 462, '960', '2018-08-07 15:18:59', '2018-08-07 09:20:47'),
(131, 'MALI', 'ML', 'Mali', 'MLI', 466, '223', '2018-08-07 15:18:59', '2018-08-07 09:20:47'),
(132, 'MALTA', 'MT', 'Malta', 'MLT', 470, '356', '2018-08-07 15:18:59', '2018-08-07 09:20:47'),
(133, 'MARSHALL ISLANDS', 'MH', 'Marshall Islands', 'MHL', 584, '692', '2018-08-07 15:18:59', '2018-08-07 09:20:47'),
(134, 'MARTINIQUE', 'MQ', 'Martinique', 'MTQ', 474, '596', '2018-08-07 15:18:59', '2018-08-07 09:20:47'),
(135, 'MAURITANIA', 'MR', 'Mauritania', 'MRT', 478, '222', '2018-08-07 15:18:59', '2018-08-07 09:20:47'),
(136, 'MAURITIUS', 'MU', 'Mauritius', 'MUS', 480, '230', '2018-08-07 15:18:59', '2018-08-07 09:20:47'),
(137, 'MAYOTTE', 'YT', 'Mayotte', NULL, NULL, '269', '2018-08-07 15:18:59', '2018-08-07 09:20:47'),
(138, 'MEXICO', 'MX', 'Mexico', 'MEX', 484, '52', '2018-08-07 15:18:59', '2018-08-07 09:20:47'),
(139, 'MICRONESIA, FEDERATED STATES O', 'FM', 'Micronesia, Federated States of', 'FSM', 583, '691', '2018-08-07 15:18:59', '2018-08-07 09:20:47'),
(140, 'MOLDOVA, REPUBLIC OF', 'MD', 'Moldova, Republic of', 'MDA', 498, '373', '2018-08-07 15:18:59', '2018-08-07 09:20:47'),
(141, 'MONACO', 'MC', 'Monaco', 'MCO', 492, '377', '2018-08-07 15:18:59', '2018-08-07 09:20:47'),
(142, 'MONGOLIA', 'MN', 'Mongolia', 'MNG', 496, '976', '2018-08-07 15:18:59', '2018-08-07 09:20:47'),
(143, 'MONTSERRAT', 'MS', 'Montserrat', 'MSR', 500, '1664', '2018-08-07 15:18:59', '2018-08-07 09:20:47'),
(144, 'MOROCCO', 'MA', 'Morocco', 'MAR', 504, '212', '2018-08-07 15:18:59', '2018-08-07 09:20:47'),
(145, 'MOZAMBIQUE', 'MZ', 'Mozambique', 'MOZ', 508, '258', '2018-08-07 15:18:59', '2018-08-07 09:20:47'),
(146, 'MYANMAR', 'MM', 'Myanmar', 'MMR', 104, '95', '2018-08-07 15:18:59', '2018-08-07 09:20:47'),
(147, 'NAMIBIA', 'NA', 'Namibia', 'NAM', 516, '264', '2018-08-07 15:18:59', '2018-08-07 09:20:47'),
(148, 'NAURU', 'NR', 'Nauru', 'NRU', 520, '674', '2018-08-07 15:18:59', '2018-08-07 09:20:47'),
(149, 'NEPAL', 'NP', 'Nepal', 'NPL', 524, '977', '2018-08-07 15:18:59', '2018-08-07 09:20:47'),
(150, 'NETHERLANDS', 'NL', 'Netherlands', 'NLD', 528, '31', '2018-08-07 15:18:59', '2018-08-07 09:20:47'),
(151, 'NETHERLANDS ANTILLES', 'AN', 'Netherlands Antilles', 'ANT', 530, '599', '2018-08-07 15:18:59', '2018-08-07 09:20:47'),
(152, 'NEW CALEDONIA', 'NC', 'New Caledonia', 'NCL', 540, '687', '2018-08-07 15:18:59', '2018-08-07 09:20:47'),
(153, 'NEW ZEALAND', 'NZ', 'New Zealand', 'NZL', 554, '64', '2018-08-07 15:18:59', '2018-08-07 09:20:47'),
(154, 'NICARAGUA', 'NI', 'Nicaragua', 'NIC', 558, '505', '2018-08-07 15:18:59', '2018-08-07 09:20:47'),
(155, 'NIGER', 'NE', 'Niger', 'NER', 562, '227', '2018-08-07 15:18:59', '2018-08-07 09:20:47'),
(156, 'NIGERIA', 'NG', 'Nigeria', 'NGA', 566, '234', '2018-08-07 15:18:59', '2018-08-07 09:20:47'),
(157, 'NIUE', 'NU', 'Niue', 'NIU', 570, '683', '2018-08-07 15:18:59', '2018-08-07 09:20:47'),
(158, 'NORFOLK ISLAND', 'NF', 'Norfolk Island', 'NFK', 574, '672', '2018-08-07 15:18:59', '2018-08-07 09:20:47'),
(159, 'NORTHERN MARIANA ISLANDS', 'MP', 'Northern Mariana Islands', 'MNP', 580, '1670', '2018-08-07 15:18:59', '2018-08-07 09:20:47'),
(160, 'NORWAY', 'NO', 'Norway', 'NOR', 578, '47', '2018-08-07 15:18:59', '2018-08-07 09:20:47'),
(161, 'OMAN', 'OM', 'Oman', 'OMN', 512, '968', '2018-08-07 15:18:59', '2018-08-07 09:20:47'),
(162, 'PAKISTAN', 'PK', 'Pakistan', 'PAK', 586, '92', '2018-08-07 15:18:59', '2018-08-07 09:20:47'),
(163, 'PALAU', 'PW', 'Palau', 'PLW', 585, '680', '2018-08-07 15:18:59', '2018-08-07 09:20:47'),
(164, 'PALESTINIAN TERRITORY, OCCUPIE', 'PS', 'Palestinian Territory, Occupied', NULL, NULL, '970', '2018-08-07 15:18:59', '2018-08-07 09:20:47'),
(165, 'PANAMA', 'PA', 'Panama', 'PAN', 591, '507', '2018-08-07 15:18:59', '2018-08-07 09:20:47'),
(166, 'PAPUA NEW GUINEA', 'PG', 'Papua New Guinea', 'PNG', 598, '675', '2018-08-07 15:18:59', '2018-08-07 09:20:47'),
(167, 'PARAGUAY', 'PY', 'Paraguay', 'PRY', 600, '595', '2018-08-07 15:18:59', '2018-08-07 09:20:47'),
(168, 'PERU', 'PE', 'Peru', 'PER', 604, '51', '2018-08-07 15:18:59', '2018-08-07 09:20:47'),
(169, 'PHILIPPINES', 'PH', 'Philippines', 'PHL', 608, '63', '2018-08-07 15:18:59', '2018-08-07 09:20:47'),
(170, 'PITCAIRN', 'PN', 'Pitcairn', 'PCN', 612, '0', '2018-08-07 15:18:59', '2018-08-07 09:20:47'),
(171, 'POLAND', 'PL', 'Poland', 'POL', 616, '48', '2018-08-07 15:18:59', '2018-08-07 09:20:47'),
(172, 'PORTUGAL', 'PT', 'Portugal', 'PRT', 620, '351', '2018-08-07 15:18:59', '2018-08-07 09:20:47'),
(173, 'PUERTO RICO', 'PR', 'Puerto Rico', 'PRI', 630, '1787', '2018-08-07 15:18:59', '2018-08-07 09:20:47'),
(174, 'QATAR', 'QA', 'Qatar', 'QAT', 634, '974', '2018-08-07 15:18:59', '2018-08-07 09:20:47'),
(175, 'REUNION', 'RE', 'Reunion', 'REU', 638, '262', '2018-08-07 15:18:59', '2018-08-07 09:20:47'),
(176, 'ROMANIA', 'RO', 'Romania', 'ROM', 642, '40', '2018-08-07 15:18:59', '2018-08-07 09:20:47'),
(177, 'RUSSIAN FEDERATION', 'RU', 'Russian Federation', 'RUS', 643, '70', '2018-08-07 15:18:59', '2018-08-07 09:20:47'),
(178, 'RWANDA', 'RW', 'Rwanda', 'RWA', 646, '250', '2018-08-07 15:18:59', '2018-08-07 09:20:47'),
(179, 'SAINT HELENA', 'SH', 'Saint Helena', 'SHN', 654, '290', '2018-08-07 15:18:59', '2018-08-07 09:20:47'),
(180, 'SAINT KITTS AND NEVIS', 'KN', 'Saint Kitts and Nevis', 'KNA', 659, '1869', '2018-08-07 15:18:59', '2018-08-07 09:20:47'),
(181, 'SAINT LUCIA', 'LC', 'Saint Lucia', 'LCA', 662, '1758', '2018-08-07 15:18:59', '2018-08-07 09:20:47'),
(182, 'SAINT PIERRE AND MIQUELON', 'PM', 'Saint Pierre and Miquelon', 'SPM', 666, '508', '2018-08-07 15:18:59', '2018-08-07 09:20:47'),
(183, 'SAINT VINCENT AND THE GRENADIN', 'VC', 'Saint Vincent and the Grenadines', 'VCT', 670, '1784', '2018-08-07 15:18:59', '2018-08-07 09:20:47'),
(184, 'SAMOA', 'WS', 'Samoa', 'WSM', 882, '684', '2018-08-07 15:18:59', '2018-08-07 09:20:47'),
(185, 'SAN MARINO', 'SM', 'San Marino', 'SMR', 674, '378', '2018-08-07 15:18:59', '2018-08-07 09:20:47'),
(186, 'SAO TOME AND PRINCIPE', 'ST', 'Sao Tome and Principe', 'STP', 678, '239', '2018-08-07 15:18:59', '2018-08-07 09:20:47'),
(187, 'SAUDI ARABIA', 'SA', 'Saudi Arabia', 'SAU', 682, '966', '2018-08-07 15:18:59', '2018-08-07 09:20:47'),
(188, 'SENEGAL', 'SN', 'Senegal', 'SEN', 686, '221', '2018-08-07 15:18:59', '2018-08-07 09:20:47'),
(189, 'SERBIA AND MONTENEGRO', 'CS', 'Serbia and Montenegro', NULL, NULL, '381', '2018-08-07 15:18:59', '2018-08-07 09:20:47'),
(190, 'SEYCHELLES', 'SC', 'Seychelles', 'SYC', 690, '248', '2018-08-07 15:18:59', '2018-08-07 09:20:47'),
(191, 'SIERRA LEONE', 'SL', 'Sierra Leone', 'SLE', 694, '232', '2018-08-07 15:18:59', '2018-08-07 09:20:47'),
(192, 'SINGAPORE', 'SG', 'Singapore', 'SGP', 702, '65', '2018-08-07 15:18:59', '2018-08-07 09:20:47'),
(193, 'SLOVAKIA', 'SK', 'Slovakia', 'SVK', 703, '421', '2018-08-07 15:18:59', '2018-08-07 09:20:47'),
(194, 'SLOVENIA', 'SI', 'Slovenia', 'SVN', 705, '386', '2018-08-07 15:18:59', '2018-08-07 09:20:47'),
(195, 'SOLOMON ISLANDS', 'SB', 'Solomon Islands', 'SLB', 90, '677', '2018-08-07 15:18:59', '2018-08-07 09:20:47'),
(196, 'SOMALIA', 'SO', 'Somalia', 'SOM', 706, '252', '2018-08-07 15:18:59', '2018-08-07 09:20:47'),
(197, 'SOUTH AFRICA', 'ZA', 'South Africa', 'ZAF', 710, '27', '2018-08-07 15:18:59', '2018-08-07 09:20:47'),
(198, 'SOUTH GEORGIA AND THE SOUTH SA', 'GS', 'South Georgia and the South Sandwich Islands', NULL, NULL, '0', '2018-08-07 15:18:59', '2018-08-07 09:20:47'),
(199, 'SPAIN', 'ES', 'Spain', 'ESP', 724, '34', '2018-08-07 15:18:59', '2018-08-07 09:20:47'),
(200, 'SRI LANKA', 'LK', 'Sri Lanka', 'LKA', 144, '94', '2018-08-07 15:18:59', '2018-08-07 09:20:47'),
(201, 'SUDAN', 'SD', 'Sudan', 'SDN', 736, '249', '2018-08-07 15:18:59', '2018-08-07 09:20:47'),
(202, 'SURINAME', 'SR', 'Suriname', 'SUR', 740, '597', '2018-08-07 15:18:59', '2018-08-07 09:20:47'),
(203, 'SVALBARD AND JAN MAYEN', 'SJ', 'Svalbard and Jan Mayen', 'SJM', 744, '47', '2018-08-07 15:18:59', '2018-08-07 09:20:47'),
(204, 'SWAZILAND', 'SZ', 'Swaziland', 'SWZ', 748, '268', '2018-08-07 15:18:59', '2018-08-07 09:20:47'),
(205, 'SWEDEN', 'SE', 'Sweden', 'SWE', 752, '46', '2018-08-07 15:18:59', '2018-08-07 09:20:47'),
(206, 'SWITZERLAND', 'CH', 'Switzerland', 'CHE', 756, '41', '2018-08-07 15:18:59', '2018-08-07 09:20:47'),
(207, 'SYRIAN ARAB REPUBLIC', 'SY', 'Syrian Arab Republic', 'SYR', 760, '963', '2018-08-07 15:18:59', '2018-08-07 09:20:47'),
(208, 'TAIWAN, PROVINCE OF CHINA', 'TW', 'Taiwan, Province of China', 'TWN', 158, '886', '2018-08-07 15:18:59', '2018-08-07 09:20:47'),
(209, 'TAJIKISTAN', 'TJ', 'Tajikistan', 'TJK', 762, '992', '2018-08-07 15:18:59', '2018-08-07 09:20:47'),
(210, 'TANZANIA, UNITED REPUBLIC OF', 'TZ', 'Tanzania, United Republic of', 'TZA', 834, '255', '2018-08-07 15:18:59', '2018-08-07 09:20:47'),
(211, 'THAILAND', 'TH', 'Thailand', 'THA', 764, '66', '2018-08-07 15:18:59', '2018-08-07 09:20:47'),
(212, 'TIMOR-LESTE', 'TL', 'Timor-Leste', NULL, NULL, '670', '2018-08-07 15:18:59', '2018-08-07 09:20:47'),
(213, 'TOGO', 'TG', 'Togo', 'TGO', 768, '228', '2018-08-07 15:18:59', '2018-08-07 09:20:47'),
(214, 'TOKELAU', 'TK', 'Tokelau', 'TKL', 772, '690', '2018-08-07 15:18:59', '2018-08-07 09:20:47'),
(215, 'TONGA', 'TO', 'Tonga', 'TON', 776, '676', '2018-08-07 15:18:59', '2018-08-07 09:20:47'),
(216, 'TRINIDAD AND TOBAGO', 'TT', 'Trinidad and Tobago', 'TTO', 780, '1868', '2018-08-07 15:18:59', '2018-08-07 09:20:47'),
(217, 'TUNISIA', 'TN', 'Tunisia', 'TUN', 788, '216', '2018-08-07 15:18:59', '2018-08-07 09:20:47'),
(218, 'TURKEY', 'TR', 'Turkey', 'TUR', 792, '90', '2018-08-07 15:18:59', '2018-08-07 09:20:47'),
(219, 'TURKMENISTAN', 'TM', 'Turkmenistan', 'TKM', 795, '7370', '2018-08-07 15:18:59', '2018-08-07 09:20:47'),
(220, 'TURKS AND CAICOS ISLANDS', 'TC', 'Turks and Caicos Islands', 'TCA', 796, '1649', '2018-08-07 15:18:59', '2018-08-07 09:20:47'),
(221, 'TUVALU', 'TV', 'Tuvalu', 'TUV', 798, '688', '2018-08-07 15:18:59', '2018-08-07 09:20:47'),
(222, 'UGANDA', 'UG', 'Uganda', 'UGA', 800, '256', '2018-08-07 15:18:59', '2018-08-07 09:20:47'),
(223, 'UKRAINE', 'UA', 'Ukraine', 'UKR', 804, '380', '2018-08-07 15:18:59', '2018-08-07 09:20:47'),
(224, 'UNITED ARAB EMIRATES', 'AE', 'United Arab Emirates', 'ARE', 784, '971', '2018-08-07 15:18:59', '2018-08-07 09:20:47'),
(225, 'UNITED KINGDOM', 'GB', 'United Kingdom', 'GBR', 826, '44', '2018-08-07 15:18:59', '2018-08-07 09:20:47'),
(226, 'UNITED STATES', 'US', 'United States', 'USA', 840, '1', '2018-08-07 15:18:59', '2018-08-07 09:20:47'),
(227, 'UNITED STATES MINOR OUTLYING I', 'UM', 'United States Minor Outlying Islands', NULL, NULL, '1', '2018-08-07 15:18:59', '2018-08-07 09:20:47'),
(228, 'URUGUAY', 'UY', 'Uruguay', 'URY', 858, '598', '2018-08-07 15:18:59', '2018-08-07 09:20:47'),
(229, 'UZBEKISTAN', 'UZ', 'Uzbekistan', 'UZB', 860, '998', '2018-08-07 15:18:59', '2018-08-07 09:20:47'),
(230, 'VANUATU', 'VU', 'Vanuatu', 'VUT', 548, '678', '2018-08-07 15:18:59', '2018-08-07 09:20:47'),
(231, 'VENEZUELA', 'VE', 'Venezuela', 'VEN', 862, '58', '2018-08-07 15:18:59', '2018-08-07 09:20:47'),
(232, 'VIET NAM', 'VN', 'Viet Nam', 'VNM', 704, '84', '2018-08-07 15:18:59', '2018-08-07 09:20:47'),
(233, 'VIRGIN ISLANDS, BRITISH', 'VG', 'Virgin Islands, British', 'VGB', 92, '1284', '2018-08-07 15:18:59', '2018-08-07 09:20:47'),
(234, 'VIRGIN ISLANDS, U.S.', 'VI', 'Virgin Islands, U.s.', 'VIR', 850, '1340', '2018-08-07 15:18:59', '2018-08-07 09:20:47'),
(235, 'WALLIS AND FUTUNA', 'WF', 'Wallis and Futuna', 'WLF', 876, '681', '2018-08-07 15:18:59', '2018-08-07 09:20:47'),
(236, 'WESTERN SAHARA', 'EH', 'Western Sahara', 'ESH', 732, '212', '2018-08-07 15:18:59', '2018-08-07 09:20:47'),
(237, 'YEMEN', 'YE', 'Yemen', 'YEM', 887, '967', '2018-08-07 15:18:59', '2018-08-07 09:20:47'),
(238, 'ZAMBIA', 'ZM', 'Zambia', 'ZMB', 894, '260', '2018-08-07 15:18:59', '2018-08-07 09:20:47'),
(239, 'ZIMBABWE', 'ZW', 'Zimbabwe', 'ZWE', 716, '263', '2018-08-07 15:18:59', '2018-08-07 09:20:47');


INSERT INTO `diagnostic_test_group` (`test_id`, `test_title`, `output_format`, `hospital_id`, `branch_id`, `speciman`, `specimen_id`, `status`, `created_at`, `updated_at`) VALUES
(1, 'Serology', NULL, 5, 0, 'Blood', 1, 1, '2018-10-29 21:02:32', '2018-10-29 15:02:32'),
(2, 'Biochemistry', NULL, 5, 0, 'Blood', 1, 1, '2018-10-29 21:02:58', '2018-10-29 15:02:58'),
(3, 'Hormone Test', NULL, 5, 0, 'Blood', 1, 1, '2018-10-29 21:03:26', '2018-10-29 15:03:26'),
(4, 'Haematology', NULL, 5, 0, 'Blood', 1, 1, '2018-10-29 21:05:08', '2018-10-29 15:05:08'),
(5, 'Ultrasund', NULL, 5, 0, 'Imaging', 2, 1, '2018-10-29 21:05:41', '2018-10-29 15:05:41'),
(6, 'ECG', NULL, 0, 0, 'Electric Cardiograph', 10, 1, '2018-10-29 21:06:39', '2018-10-29 15:06:39'),
(7, 'Microbiology', NULL, 5, 0, 'Any Others Sample', 6, 1, '2018-10-29 21:07:51', '2018-10-29 15:07:51'),
(8, 'X-RAY', NULL, 5, 0, 'Radiology', 4, 1, '2018-10-29 21:08:18', '2018-10-29 15:08:18'),
(9, 'Culture of Sensitivity', NULL, 0, 0, 'Any Others Sample', 6, 1, '2018-10-29 21:09:13', '2018-10-29 15:09:13'),
(10, 'URINE', NULL, 5, 0, 'Urine', 3, 1, '2018-10-29 21:09:44', '2018-10-29 15:09:44'),
(11, 'Cardiac', NULL, 5, 0, 'Urine', 3, 1, '2018-10-29 21:10:01', '2018-10-29 15:10:01'),
(12, 'Stool', NULL, 0, 0, 'Stool', 5, 1, '2018-10-29 21:10:20', '2018-10-29 15:10:20'),
(13, 'Stool ', NULL, 5, 0, 'Stool', 5, 1, '2018-10-29 21:10:35', '2018-10-29 15:10:35'),
(14, 'Echocardiogram', NULL, 5, 0, 'Echo', 7, 1, '2018-10-29 21:11:11', '2018-10-29 15:11:11'),
(15, 'ECG Computer', NULL, 5, 0, 'Imaging', 2, 1, '2018-10-30 13:24:55', '2018-10-30 07:24:55'),
(32, 'sadasda', NULL, 5, 0, 'Urine', 3, 1, '2018-12-15 13:46:01', '2018-12-15 07:46:01');

INSERT INTO `diagnostic_test_subgroup` (`id`, `mtest_id`, `sub_test_title`, `price`, `output_format`, `hospital_id`, `branch_id`, `doc_ref_com`, `quk_ref_com`, `ref_val`, `unit`, `status`, `created_at`, `updated_at`, `test_template`) VALUES
(3, 1, 'ASO Titre ', 400, NULL, 5, 0, 0.00, 200.00, '200 u/l', 'u/l', 1, '2018-10-29 21:13:00', '2018-10-29 15:13:00', '<style>\r\n#patients {\r\n	margin:0 auto;\r\n    font-family: \"Trebuchet MS\", Arial, Helvetica, sans-serif;\r\n    border-collapse: collapse;\r\n    width: 80%;\r\n    font-size: 11px\r\n}\r\n\r\n#patients td, #patients th {\r\n    border: 1px solid #ddd;\r\n    padding: 5px;\r\n}\r\n/*\r\n#patients tr:nth-child(even){background-color: #f2f2f2;}\r\n\r\n#patients tr:hover {background-color: #ddd;}*/\r\n\r\n#patients th {\r\n    padding-top: 6px;\r\n    padding-bottom: 6px;\r\n    text-align: left;\r\n    background-color: none;\r\n    color: #111111;\r\n}\r\n</style>\r\n  <table style=\"margin-top: 20px\" id=\"patients\">\r\n  <tbody><tr>\r\n    <td style=\"width:50%\">ASO Titre </td>\r\n    <td style=\"width:25%\">200 u/l</td>\r\n    <td style=\"width:25%\">200u/l</td>\r\n  </tr>\r\n\r\n  </tbody></table>\r\n\r\n'),
(4, 1, 'RA/RF Titre ', 400, NULL, 5, 0, 0.00, 200.00, 'Negative', ' ', 1, '2018-10-29 21:13:22', '2018-10-29 15:13:22', '<style>\r\n#patients {\r\n	margin:0 auto;\r\n    font-family: \"Trebuchet MS\", Arial, Helvetica, sans-serif;\r\n    border-collapse: collapse;\r\n    width: 80%;\r\n    font-size: 11px\r\n}\r\n\r\n#patients td, #patients th {\r\n    border: 1px solid #ddd;\r\n    padding: 5px;\r\n}\r\n/*\r\n#patients tr:nth-child(even){background-color: #f2f2f2;}\r\n\r\n#patients tr:hover {background-color: #ddd;}*/\r\n\r\n#patients th {\r\n    padding-top: 6px;\r\n    padding-bottom: 6px;\r\n    text-align: left;\r\n    background-color: none;\r\n    color: #111111;\r\n}\r\n</style>\r\n  <table style=\"margin-top: 20px\" id=\"patients\">\r\n  <tbody><tr>\r\n    <td style=\"width:50%\">RA Test</td>\r\n    <td style=\"width:25%\">Negative</td>\r\n    <td style=\"width:25%\">:-</td>\r\n  </tr>\r\n\r\n  </tbody></table>\r\n\r\n'),
(5, 1, 'TPHA', 400, NULL, 5, 0, 0.00, 200.00, 'Negative', ' :-', 1, '2018-10-29 21:13:43', '2018-10-29 15:13:43', '<style>\r\n#patients {\r\n	margin:0 auto;\r\n    font-family: \"Trebuchet MS\", Arial, Helvetica, sans-serif;\r\n    border-collapse: collapse;\r\n    width: 80%;\r\n    font-size: 11px\r\n}\r\n\r\n#patients td, #patients th {\r\n    border: 1px solid #ddd;\r\n    padding: 5px;\r\n}\r\n/*\r\n#patients tr:nth-child(even){background-color: #f2f2f2;}\r\n\r\n#patients tr:hover {background-color: #ddd;}*/\r\n\r\n#patients th {\r\n    padding-top: 6px;\r\n    padding-bottom: 6px;\r\n    text-align: left;\r\n    background-color: none;\r\n    color: #111111;\r\n}\r\n</style>\r\n  <table style=\"margin-top: 20px\" id=\"patients\">\r\n  <tbody><tr>\r\n    <td style=\"width:50%\">TPHA</td>\r\n    <td style=\"width:25%\"> Negative (-ve)</td>\r\n    <td style=\"width:25%\"> :-</td>\r\n  </tr>\r\n\r\n  </tbody></table>\r\n\r\n'),
(6, 1, 'VDRL', 400, NULL, 5, 0, 0.00, 200.00, NULL, NULL, 1, '2018-10-29 21:14:02', '2018-10-29 15:14:02', '<style>\r\n#patients {\r\n	margin:0 auto;\r\n    font-family: \"Trebuchet MS\", Arial, Helvetica, sans-serif;\r\n    border-collapse: collapse;\r\n    width: 80%;\r\n    font-size: 11px\r\n}\r\n\r\n#patients td, #patients th {\r\n    border: 1px solid #ddd;\r\n    padding: 5px;\r\n}\r\n/*\r\n#patients tr:nth-child(even){background-color: #f2f2f2;}\r\n\r\n#patients tr:hover {background-color: #ddd;}*/\r\n\r\n#patients th {\r\n    padding-top: 6px;\r\n    padding-bottom: 6px;\r\n    text-align: left;\r\n    background-color: none;\r\n    color: #111111;\r\n}\r\n</style>\r\n  <table style=\"margin-top: 20px\" id=\"patients\">\r\n  <tbody><tr>\r\n    <td style=\"width:50%\">VDRL</td>\r\n    <td style=\"width:25%\">Non-Reactive</td>\r\n    <td style=\"width:25%\">:-</td>\r\n  </tr>\r\n\r\n  </tbody></table>\r\n\r\n'),
(7, 1, 'HBsAg (S.C)', 300, NULL, 5, 0, 0.00, 150.00, NULL, NULL, 1, '2018-10-29 21:14:30', '2018-10-29 15:14:30', '<style>\r\n#patients {\r\n	margin:0 auto;\r\n    font-family: \"Trebuchet MS\", Arial, Helvetica, sans-serif;\r\n    border-collapse: collapse;\r\n    width: 80%;\r\n    font-size: 11px\r\n}\r\n\r\n#patients td, #patients th {\r\n    border: 1px solid #ddd;\r\n    padding: 5px;\r\n}\r\n/*\r\n#patients tr:nth-child(even){background-color: #f2f2f2;}\r\n\r\n#patients tr:hover {background-color: #ddd;}*/\r\n\r\n#patients th {\r\n    padding-top: 6px;\r\n    padding-bottom: 6px;\r\n    text-align: left;\r\n    background-color: none;\r\n    color: #111111;\r\n}\r\n</style>\r\n  <table style=\"margin-top: 20px\" id=\"patients\">\r\n  <tbody><tr>\r\n    <td style=\"width:50%\">HBsAg (S.C)</td>\r\n    <td style=\"width:25%\">Negative (-ve)<br></td>\r\n    <td style=\"width:25%\">:-</td>\r\n  </tr>\r\n\r\n  </tbody></table>\r\n\r\n'),
(8, 1, 'CRP Test', 1000, NULL, 5, 0, 0.00, 500.00, 'Less than 6.0 mg/l', 'mg/l', 1, '2018-10-29 21:14:50', '2018-10-29 15:14:50', '<style>\r\n#patients {\r\n	margin:0 auto;\r\n    font-family: \"Trebuchet MS\", Arial, Helvetica, sans-serif;\r\n    border-collapse: collapse;\r\n    width: 80%;\r\n    font-size: 11px\r\n}\r\n\r\n#patients td, #patients th {\r\n    border: 1px solid #ddd;\r\n    padding: 5px;\r\n}\r\n/*\r\n#patients tr:nth-child(even){background-color: #f2f2f2;}\r\n\r\n#patients tr:hover {background-color: #ddd;}*/\r\n\r\n#patients th {\r\n    padding-top: 6px;\r\n    padding-bottom: 6px;\r\n    text-align: left;\r\n    background-color: none;\r\n    color: #111111;\r\n}\r\n</style>\r\n  <table style=\"margin-top: 20px\" id=\"patients\">\r\n  <tbody><tr>\r\n    <td style=\"width:50%\">CRP Test</td>\r\n    <td style=\"width:25%\">mg/l</td>\r\n    <td style=\"width:25%\">less than 6.0 mg/l</td>\r\n  </tr>\r\n\r\n  </tbody></table>\r\n\r\n'),
(9, 1, 'Widal Test', 400, NULL, 5, 0, 0.00, 200.00, NULL, NULL, 1, '2018-10-29 21:15:09', '2018-10-29 15:15:09', '<p><style>\r\n#patients {\r\n	margin:0 auto;\r\n    font-family: \"Trebuchet MS\", Arial, Helvetica, sans-serif;\r\n    border-collapse: collapse;\r\n    width: 80%;\r\n    font-size: 11px\r\n}\r\n\r\n#patients td, #patients th {\r\n    border: 1px solid #ddd;\r\n    padding: 5px;\r\n}\r\n/*\r\n#patients tr:nth-child(even){background-color: #f2f2f2;}\r\n\r\n#patients tr:hover {background-color: #ddd;}*/\r\n\r\n#patients th {\r\n    padding-top: 6px;\r\n    padding-bottom: 6px;\r\n    text-align: left;\r\n    background-color: none;\r\n    color: #111111;\r\n}\r\n</style>\r\n  <span style=\"font-family: \"Trebuchet MS\", Arial, Helvetica, sans-serif; font-size: 11px; letter-spacing: 0.2px;\">                               </span></p><p><span style=\"font-family: \"Trebuchet MS\", Arial, Helvetica, sans-serif; font-size: 11px; letter-spacing: 0.2px;\">                               <b><span style=\"font-family: \"Arial Black\";\"> </span><u><span style=\"font-family: \"Arial Black\";\">Widal Test</span></u></b></span></p><table style=\"margin-top: 20px\" id=\"patients\">\r\n  <tbody><tr>\r\n    <td style=\"width:50%\">TO</td>\r\n    <td style=\"width:25%\">1:80</td>\r\n    <td style=\"width:25%\">Normal Value 1:80</td>\r\n  </tr><tr><td style=\"width:50%\">TH</td><td style=\"width:25%\">1:80<br></td><td style=\"width:25%\"><span style=\"letter-spacing: 0.2px;\">Normal Value </span>1:80<br></td></tr><tr><td style=\"width:50%\">AH</td><td style=\"width:25%\">1:80<br></td><td style=\"width:25%\"><span style=\"letter-spacing: 0.2px;\">Normal Value </span>1:80<br></td></tr><tr><td style=\"width:50%\">BH</td><td style=\"width:25%\">1:80<br></td><td style=\"width:25%\"><span style=\"letter-spacing: 0.2px;\">Normal Value </span>1:80<br></td></tr>\r\n\r\n  </tbody></table>\r\n\r\n<p></p>'),
(10, 1, 'Blood Group& Rh Factor', 100, NULL, 5, 0, 0.00, 50.00, '\"o\"+ ve', 'Rh Factor Positive', 1, '2018-10-29 21:15:38', '2018-10-29 15:15:38', '<style>\r\n#patients {\r\n	margin:0 auto;\r\n    font-family: \"Trebuchet MS\", Arial, Helvetica, sans-serif;\r\n    border-collapse: collapse;\r\n    width: 80%;\r\n    font-size: 11px\r\n}\r\n\r\n#patients td, #patients th {\r\n    border: 1px solid #ddd;\r\n    padding: 5px;\r\n}\r\n/*\r\n#patients tr:nth-child(even){background-color: #f2f2f2;}\r\n\r\n#patients tr:hover {background-color: #ddd;}*/\r\n\r\n#patients th {\r\n    padding-top: 6px;\r\n    padding-bottom: 6px;\r\n    text-align: left;\r\n    background-color: none;\r\n    color: #111111;\r\n}\r\n</style>\r\n  <table style=\"margin-top: 20px\" id=\"patients\">\r\n  <tbody><tr>\r\n    <td style=\"width:50%\">Blood Group &amp; Rh Factor</td><td style=\"width:25%\">\"O\"+ Positive</td>\r\n    <td style=\"width:25%\">Rh Factor Positive</td>\r\n  </tr>\r\n\r\n  </tbody></table>\r\n\r\n'),
(11, 2, 'Blood Glucose (Random)', 200, NULL, 5, 0, 0.00, 100.00, '6.6 mmol/l', 'mmol/l', 1, '2018-10-29 21:16:00', '2018-10-29 15:16:00', '<style>\r\n#patients {\r\n	margin:0 auto;\r\n    font-family: \"Trebuchet MS\", Arial, Helvetica, sans-serif;\r\n    border-collapse: collapse;\r\n    width: 80%;\r\n    font-size: 11px\r\n}\r\n\r\n#patients td, #patients th {\r\n    border: 1px solid #ddd;\r\n    padding: 5px;\r\n}\r\n/*\r\n#patients tr:nth-child(even){background-color: #f2f2f2;}\r\n\r\n#patients tr:hover {background-color: #ddd;}*/\r\n\r\n#patients th {\r\n    padding-top: 6px;\r\n    padding-bottom: 6px;\r\n    text-align: left;\r\n    background-color: none;\r\n    color: #111111;\r\n}\r\n</style>\r\n  <table style=\"margin-top: 20px\" id=\"patients\">\r\n  <tbody><tr>\r\n    <td style=\"width:50%\">Blood Glucose (Random)</td>\r\n    <td style=\"width:25%\">6.6 mmol/l</td>\r\n    <td style=\"width:25%\">7.8mmol/l</td>\r\n  </tr>\r\n\r\n  </tbody></table>\r\n\r\n'),
(12, 2, 'Blood Glucose (Fasting) ', 200, NULL, 5, 0, 0.00, 100.00, '6.3 mmol/l', 'mmol/l', 1, '2018-10-29 21:16:16', '2018-10-29 15:16:16', '<style>\r\n#patients {\r\n	margin:0 auto;\r\n    font-family: \"Trebuchet MS\", Arial, Helvetica, sans-serif;\r\n    border-collapse: collapse;\r\n    width: 80%;\r\n    font-size: 11px\r\n}\r\n\r\n#patients td, #patients th {\r\n    border: 1px solid #ddd;\r\n    padding: 5px;\r\n}\r\n/*\r\n#patients tr:nth-child(even){background-color: #f2f2f2;}\r\n\r\n#patients tr:hover {background-color: #ddd;}*/\r\n\r\n#patients th {\r\n    padding-top: 6px;\r\n    padding-bottom: 6px;\r\n    text-align: left;\r\n    background-color: none;\r\n    color: #111111;\r\n}\r\n</style>\r\n  <table style=\"margin-top: 20px\" id=\"patients\">\r\n  <tbody><tr>\r\n    <td style=\"width:50%\">Blood Glucose (Fasting) </td>\r\n    <td style=\"width:25%\">4.3 mmol/l</td>\r\n    <td style=\"width:25%\">6.3mmol/l</td>\r\n  </tr>\r\n\r\n  </tbody></table>\r\n\r\n'),
(13, 2, '2Hrs. ABF ', 200, NULL, 5, 0, 0.00, 100.00, '7.8 mmol/l', 'mmol/l', 1, '2018-10-29 21:16:49', '2018-10-29 15:16:49', '<style>\r\n#patients {\r\n	margin:0 auto;\r\n    font-family: \"Trebuchet MS\", Arial, Helvetica, sans-serif;\r\n    border-collapse: collapse;\r\n    width: 80%;\r\n    font-size: 11px\r\n}\r\n\r\n#patients td, #patients th {\r\n    border: 1px solid #ddd;\r\n    padding: 5px;\r\n}\r\n/*\r\n#patients tr:nth-child(even){background-color: #f2f2f2;}\r\n\r\n#patients tr:hover {background-color: #ddd;}*/\r\n\r\n#patients th {\r\n    padding-top: 6px;\r\n    padding-bottom: 6px;\r\n    text-align: left;\r\n    background-color: none;\r\n    color: #111111;\r\n}\r\n</style>\r\n  <table style=\"margin-top: 20px\" id=\"patients\">\r\n  <tbody><tr>\r\n    <td style=\"width:50%\">2Hrs. ABF </td>\r\n    <td style=\"width:25%\">7.8 mmol/l</td>\r\n    <td style=\"width:25%\">7.8 mmol/l</td>\r\n  </tr>\r\n\r\n  </tbody></table>\r\n\r\n'),
(14, 2, '2habf 75gm Glucose', 200, NULL, 5, 0, 0.00, 100.00, '8.8 mmol/l', 'mmol/l', 1, '2018-10-29 21:17:41', '2018-10-29 15:17:41', '<style>\r\n#patients {\r\n	margin:0 auto;\r\n    font-family: \"Trebuchet MS\", Arial, Helvetica, sans-serif;\r\n    border-collapse: collapse;\r\n    width: 80%;\r\n    font-size: 11px\r\n}\r\n\r\n#patients td, #patients th {\r\n    border: 1px solid #ddd;\r\n    padding: 5px;\r\n}\r\n/*\r\n#patients tr:nth-child(even){background-color: #f2f2f2;}\r\n\r\n#patients tr:hover {background-color: #ddd;}*/\r\n\r\n#patients th {\r\n    padding-top: 6px;\r\n    padding-bottom: 6px;\r\n    text-align: left;\r\n    background-color: none;\r\n    color: #111111;\r\n}\r\n</style>\r\n  <table style=\"margin-top: 20px\" id=\"patients\">\r\n  <tbody><tr>\r\n    <td style=\"width:50%\">2habf 75gm Glucose</td>\r\n    <td style=\"width:25%\">7.8 mmol/l</td>\r\n    <td style=\"width:25%\">7.8mmol/l</td>\r\n  </tr>\r\n\r\n  </tbody></table>\r\n\r\n'),
(15, 2, 'OGTT ', 600, NULL, 5, 0, 0.00, 300.00, NULL, NULL, 1, '2018-10-29 21:18:06', '2018-10-29 15:18:06', '<style>\r\n#patients {\r\n	margin:0 auto;\r\n    font-family: \"Trebuchet MS\", Arial, Helvetica, sans-serif;\r\n    border-collapse: collapse;\r\n    width: 80%;\r\n    font-size: 11px\r\n}\r\n\r\n#patients td, #patients th {\r\n    border: 1px solid #ddd;\r\n    padding: 5px;\r\n}\r\n/*\r\n#patients tr:nth-child(even){background-color: #f2f2f2;}\r\n\r\n#patients tr:hover {background-color: #ddd;}*/\r\n\r\n#patients th {\r\n    padding-top: 6px;\r\n    padding-bottom: 6px;\r\n    text-align: left;\r\n    background-color: none;\r\n    color: #111111;\r\n}\r\n</style>\r\n  <span style=\"font-family: &quot;Trebuchet MS&quot;, Arial, Helvetica, sans-serif; font-size: 11px; letter-spacing: 0.2px;\">&nbsp; &nbsp; &nbsp; &nbsp; &nbsp; &nbsp; &nbsp; &nbsp; &nbsp; &nbsp; &nbsp; &nbsp; &nbsp; &nbsp; &nbsp; <b><span style=\"font-family: &quot;Arial Black&quot;;\"><u>OGTT</u></span></b></span><table style=\"margin-top: 20px\" id=\"patients\"><tbody><tr><td style=\"width:50%\">Fasting Blood Glucose</td><td style=\"width:25%\">6.3 mmol/l</td><td style=\"width:25%\">6.3 mmol/l<br></td></tr><tr><td style=\"width:50%\">Crossponding Urine Sugar</td><td style=\"width:25%\">Nil</td><td style=\"width:25%\">Nil</td></tr><tr><td style=\"width:50%\">&nbsp;1hour after 75gm Blood Glucose<br></td><td style=\"width:25%\">7.7 mmol/l</td><td style=\"width:25%\">7.8mmol/l</td></tr><tr><td style=\"width:50%\">Crossponding Urine Sugar<br></td><td style=\"width:25%\">Nil<br></td><td style=\"width:25%\">Nil<br></td></tr><tr><td style=\"width:50%\">2hour after 75gm Blood Glucose</td><td style=\"width:25%\">8.8 mmol/l</td><td style=\"width:25%\">8.8 mmol/l<br></td></tr><tr><td style=\"width:50%\">Crossponding Urine Sugar<br></td><td style=\"width:25%\">Nil<br></td><td style=\"width:25%\">Nil<br></td></tr>\r\n\r\n  </tbody></table>\r\n\r\n'),
(16, 2, 'S.Creatinine', 400, NULL, 5, 0, 0.00, 200.00, NULL, NULL, 1, '2018-10-29 21:18:33', '2018-10-29 15:18:33', '<p><br></p><table id=\"patients\" style=\"letter-spacing: 0.2px; margin: 20px auto 0px; font-family: \" trebuchet=\"\" ms\",=\"\" arial,=\"\" helvetica,=\"\" sans-serif;=\"\" width:=\"\" 789px;=\"\" font-size:=\"\" 11px;\"=\"\"><tbody><tr><td style=\"border: 1px solid rgb(221, 221, 221); padding: 5px; width: 394px;\">S/Creatinine</td><td style=\"border: 1px solid rgb(221, 221, 221); padding: 5px; width: 197px;\">1.0 mg/dl</td><td style=\"border: 1px solid rgb(221, 221, 221); padding: 5px; width: 197px;\">1.2 mg/dl<br></td></tr></tbody></table>\r\n\r\n'),
(17, 2, 'S.Calcium', 500, NULL, 5, 0, 0.00, 250.00, NULL, NULL, 1, '2018-10-29 21:19:00', '2018-10-29 15:19:00', '<style>\r\n#patients {\r\n	margin:0 auto;\r\n    font-family: \"Trebuchet MS\", Arial, Helvetica, sans-serif;\r\n    border-collapse: collapse;\r\n    width: 80%;\r\n    font-size: 11px\r\n}\r\n\r\n#patients td, #patients th {\r\n    border: 1px solid #ddd;\r\n    padding: 5px;\r\n}\r\n/*\r\n#patients tr:nth-child(even){background-color: #f2f2f2;}\r\n\r\n#patients tr:hover {background-color: #ddd;}*/\r\n\r\n#patients th {\r\n    padding-top: 6px;\r\n    padding-bottom: 6px;\r\n    text-align: left;\r\n    background-color: none;\r\n    color: #111111;\r\n}\r\n</style>\r\n  <table style=\"margin-top: 20px\" id=\"patients\">\r\n  <tbody><tr>\r\n    <td style=\"width:50%\">S.Calcium</td>\r\n    <td style=\"width:25%\">5.9 mg/dl</td>\r\n    <td style=\"width:25%\">mg/dl</td>\r\n  </tr>\r\n\r\n  </tbody></table>\r\n\r\n'),
(18, 2, 'S.Urea ', 400, NULL, 5, 0, 0.00, 200.00, NULL, NULL, 1, '2018-10-29 21:19:19', '2018-10-29 15:19:19', '<style>\r\n#patients {\r\n	margin:0 auto;\r\n    font-family: \"Trebuchet MS\", Arial, Helvetica, sans-serif;\r\n    border-collapse: collapse;\r\n    width: 80%;\r\n    font-size: 11px\r\n}\r\n\r\n#patients td, #patients th {\r\n    border: 1px solid #ddd;\r\n    padding: 5px;\r\n}\r\n/*\r\n#patients tr:nth-child(even){background-color: #f2f2f2;}\r\n\r\n#patients tr:hover {background-color: #ddd;}*/\r\n\r\n#patients th {\r\n    padding-top: 6px;\r\n    padding-bottom: 6px;\r\n    text-align: left;\r\n    background-color: none;\r\n    color: #111111;\r\n}\r\n</style>\r\n  <table style=\"margin-top: 20px\" id=\"patients\">\r\n  <tbody><tr>\r\n    <td style=\"width:50%\">S.Urea </td>\r\n    <td style=\"width:25%\">25 mg/dl</td>\r\n    <td style=\"width:25%\">mg/dl</td>\r\n  </tr>\r\n\r\n  </tbody></table>\r\n\r\n'),
(19, 2, 'S.Uric Acid', 400, NULL, 5, 0, 0.00, 200.00, NULL, NULL, 1, '2018-10-29 21:19:38', '2018-10-29 15:19:38', '<style>\r\n#patients {\r\n	margin:0 auto;\r\n    font-family: \"Trebuchet MS\", Arial, Helvetica, sans-serif;\r\n    border-collapse: collapse;\r\n    width: 80%;\r\n    font-size: 11px\r\n}\r\n\r\n#patients td, #patients th {\r\n    border: 1px solid #ddd;\r\n    padding: 5px;\r\n}\r\n/*\r\n#patients tr:nth-child(even){background-color: #f2f2f2;}\r\n\r\n#patients tr:hover {background-color: #ddd;}*/\r\n\r\n#patients th {\r\n    padding-top: 6px;\r\n    padding-bottom: 6px;\r\n    text-align: left;\r\n    background-color: none;\r\n    color: #111111;\r\n}\r\n</style>\r\n  <table style=\"margin-top: 20px\" id=\"patients\">\r\n  <tbody><tr>\r\n    <td style=\"width:50%\">S.Uric Acid</td>\r\n    <td style=\"width:25%\">4.9 mg/dl</td>\r\n    <td style=\"width:25%\">mg/dl</td>\r\n  </tr>\r\n\r\n  </tbody></table>\r\n\r\n'),
(20, 2, 'S.Billirubin Total', 400, NULL, 5, 0, 0.00, 200.00, NULL, NULL, 1, '2018-10-29 21:20:14', '2018-10-29 15:20:14', '<style>\r\n#patients {\r\n	margin:0 auto;\r\n    font-family: \"Trebuchet MS\", Arial, Helvetica, sans-serif;\r\n    border-collapse: collapse;\r\n    width: 80%;\r\n    font-size: 11px\r\n}\r\n\r\n#patients td, #patients th {\r\n    border: 1px solid #ddd;\r\n    padding: 5px;\r\n}\r\n/*\r\n#patients tr:nth-child(even){background-color: #f2f2f2;}\r\n\r\n#patients tr:hover {background-color: #ddd;}*/\r\n\r\n#patients th {\r\n    padding-top: 6px;\r\n    padding-bottom: 6px;\r\n    text-align: left;\r\n    background-color: none;\r\n    color: #111111;\r\n}\r\n</style>\r\n  <table style=\"margin-top: 20px\" id=\"patients\">\r\n  <tbody><tr>\r\n    <td style=\"width:50%\">S.Billirubin Total</td>\r\n    <td style=\"width:25%\">0.8 mg/dl</td>\r\n    <td style=\"width:25%\">upto: 0.3-1.0 mg/dl</td>\r\n  </tr>\r\n\r\n  </tbody></table>\r\n\r\n'),
(21, 2, 'S.Billirubin Direct', 0, NULL, 5, 0, 0.00, 0.00, 'Up to 0.25 mg/dl', 'mg/dl', 1, '2018-10-29 21:20:34', '2018-10-29 15:20:34', '<style>\r\n#patients {\r\n	margin:0 auto;\r\n    font-family: \"Trebuchet MS\", Arial, Helvetica, sans-serif;\r\n    border-collapse: collapse;\r\n    width: 80%;\r\n    font-size: 11px\r\n}\r\n\r\n#patients td, #patients th {\r\n    border: 1px solid #ddd;\r\n    padding: 5px;\r\n}\r\n/*\r\n#patients tr:nth-child(even){background-color: #f2f2f2;}\r\n\r\n#patients tr:hover {background-color: #ddd;}*/\r\n\r\n#patients th {\r\n    padding-top: 6px;\r\n    padding-bottom: 6px;\r\n    text-align: left;\r\n    background-color: none;\r\n    color: #111111;\r\n}\r\n</style>\r\n  <table style=\"margin-top: 20px\" id=\"patients\">\r\n  <tr>\r\n    <td style=\"width:50%\">S.Billirubin Direct</td>\r\n    <td style=\"width:25%\">mg/dl</td>\r\n    <td style=\"width:25%\">mg/dl</td>\r\n  </tr>\r\n\r\n  </table>\r\n\r\n'),
(22, 2, 'S.Billirubin In-Direct', 400, NULL, 5, 0, 0.00, 200.00, NULL, NULL, 1, '2018-10-29 21:20:59', '2018-10-29 15:20:59', ''),
(23, 2, 'SGPT ', 400, NULL, 5, 0, 0.00, 200.00, NULL, NULL, 1, '2018-10-29 21:21:25', '2018-10-29 15:21:25', '<style>\r\n#patients {\r\n	margin:0 auto;\r\n    font-family: \"Trebuchet MS\", Arial, Helvetica, sans-serif;\r\n    border-collapse: collapse;\r\n    width: 80%;\r\n    font-size: 11px\r\n}\r\n\r\n#patients td, #patients th {\r\n    border: 1px solid #ddd;\r\n    padding: 5px;\r\n}\r\n/*\r\n#patients tr:nth-child(even){background-color: #f2f2f2;}\r\n\r\n#patients tr:hover {background-color: #ddd;}*/\r\n\r\n#patients th {\r\n    padding-top: 6px;\r\n    padding-bottom: 6px;\r\n    text-align: left;\r\n    background-color: none;\r\n    color: #111111;\r\n}\r\n</style>\r\n  <table style=\"margin-top: 20px\" id=\"patients\">\r\n  <tbody><tr>\r\n    <td style=\"width:50%\">SGPT </td>\r\n    <td style=\"width:25%\">30u/L</td>\r\n    <td style=\"width:25%\">40 u/L</td>\r\n  </tr>\r\n\r\n  </tbody></table>\r\n\r\n'),
(24, 2, 'SGOT(ALT)', 0, NULL, 5, 0, 0.00, 0.00, '  M: Up to 37 u/l , W: Up to 31 u/l', 'u/l', 1, '2018-10-29 21:21:38', '2018-10-29 15:21:38', '<style>\r\n#patients {\r\n	margin:0 auto;\r\n    font-family: \"Trebuchet MS\", Arial, Helvetica, sans-serif;\r\n    border-collapse: collapse;\r\n    width: 80%;\r\n    font-size: 11px\r\n}\r\n\r\n#patients td, #patients th {\r\n    border: 1px solid #ddd;\r\n    padding: 5px;\r\n}\r\n/*\r\n#patients tr:nth-child(even){background-color: #f2f2f2;}\r\n\r\n#patients tr:hover {background-color: #ddd;}*/\r\n\r\n#patients th {\r\n    padding-top: 6px;\r\n    padding-bottom: 6px;\r\n    text-align: left;\r\n    background-color: none;\r\n    color: #111111;\r\n}\r\n</style>\r\n  <table style=\"margin-top: 20px\" id=\"patients\">\r\n  <tbody><tr>\r\n    <td style=\"width:50%\">SGOT(ALT)</td>\r\n    <td style=\"width:25%\">22 u/l</td>\r\n    <td style=\"width:25%\">40u/l</td>\r\n  </tr>\r\n\r\n  </tbody></table>\r\n\r\n'),
(25, 2, 'Alkaline Phosphete', 500, NULL, 5, 0, 0.00, 250.00, NULL, NULL, 1, '2018-10-29 21:22:09', '2018-10-29 15:22:09', ''),
(26, 2, 'S.Albumin', 400, NULL, 5, 0, 0.00, 200.00, NULL, NULL, 1, '2018-10-29 21:22:45', '2018-10-29 15:22:45', '<style>\r\n#patients {\r\n	margin:0 auto;\r\n    font-family: \"Trebuchet MS\", Arial, Helvetica, sans-serif;\r\n    border-collapse: collapse;\r\n    width: 80%;\r\n    font-size: 11px\r\n}\r\n\r\n#patients td, #patients th {\r\n    border: 1px solid #ddd;\r\n    padding: 5px;\r\n}\r\n/*\r\n#patients tr:nth-child(even){background-color: #f2f2f2;}\r\n\r\n#patients tr:hover {background-color: #ddd;}*/\r\n\r\n#patients th {\r\n    padding-top: 6px;\r\n    padding-bottom: 6px;\r\n    text-align: left;\r\n    background-color: none;\r\n    color: #111111;\r\n}\r\n</style>\r\n  <table style=\"margin-top: 20px\" id=\"patients\">\r\n  <tr>\r\n    <td style=\"width:50%\">S.Albumin</td>\r\n    <td style=\"width:25%\"></td>\r\n    <td style=\"width:25%\"></td>\r\n  </tr>\r\n\r\n  </table>\r\n\r\n'),
(27, 4, 'CBC', 500, NULL, 5, 0, 0.00, 250.00, NULL, NULL, 1, '2018-10-29 21:23:25', '2018-10-29 15:23:25', '<style>\r\n#patients {\r\n	margin:0 auto;\r\n    font-family: \"Trebuchet MS\", Arial, Helvetica, sans-serif;\r\n    border-collapse: collapse;\r\n    width: 80%;\r\n    font-size: 11px\r\n}\r\n\r\n#patients td, #patients th {\r\n    border: 1px solid #ddd;\r\n    padding: 5px;\r\n}\r\n/*\r\n#patients tr:nth-child(even){background-color: #f2f2f2;}\r\n\r\n#patients tr:hover {background-color: #ddd;}*/\r\n\r\n#patients th {\r\n    padding-top: 6px;\r\n    padding-bottom: 6px;\r\n    text-align: left;\r\n    background-color: none;\r\n    color: #111111;\r\n}\r\n</style>\r\n  <table style=\"margin-top: 20px\" id=\"patients\">\r\n  <tr>\r\n    <td style=\"width:50%\">CBC</td>\r\n    <td style=\"width:25%\"></td>\r\n    <td style=\"width:25%\"></td>\r\n  </tr>\r\n\r\n  </table>\r\n\r\n'),
(28, 4, 'HB%', 200, NULL, 5, 0, 0.00, 100.00, NULL, NULL, 1, '2018-10-29 21:23:43', '2018-10-29 15:23:43', '<style>\r\n#patients {\r\n	margin:0 auto;\r\n    font-family: \"Trebuchet MS\", Arial, Helvetica, sans-serif;\r\n    border-collapse: collapse;\r\n    width: 80%;\r\n    font-size: 11px\r\n}\r\n\r\n#patients td, #patients th {\r\n    border: 1px solid #ddd;\r\n    padding: 5px;\r\n}\r\n/*\r\n#patients tr:nth-child(even){background-color: #f2f2f2;}\r\n\r\n#patients tr:hover {background-color: #ddd;}*/\r\n\r\n#patients th {\r\n    padding-top: 6px;\r\n    padding-bottom: 6px;\r\n    text-align: left;\r\n    background-color: none;\r\n    color: #111111;\r\n}\r\n</style>\r\n  <table style=\"margin-top: 20px\" id=\"patients\">\r\n  <tr>\r\n    <td style=\"width:50%\">HB%</td>\r\n    <td style=\"width:25%\"></td>\r\n    <td style=\"width:25%\"></td>\r\n  </tr>\r\n\r\n  </table>\r\n\r\n'),
(29, 4, 'TCE', 200, NULL, 5, 0, 0.00, 0.00, NULL, NULL, 1, '2018-10-29 21:24:20', '2018-10-29 15:24:20', '<style>\r\n#patients {\r\n	margin:0 auto;\r\n    font-family: \"Trebuchet MS\", Arial, Helvetica, sans-serif;\r\n    border-collapse: collapse;\r\n    width: 80%;\r\n    font-size: 11px\r\n}\r\n\r\n#patients td, #patients th {\r\n    border: 1px solid #ddd;\r\n    padding: 5px;\r\n}\r\n/*\r\n#patients tr:nth-child(even){background-color: #f2f2f2;}\r\n\r\n#patients tr:hover {background-color: #ddd;}*/\r\n\r\n#patients th {\r\n    padding-top: 6px;\r\n    padding-bottom: 6px;\r\n    text-align: left;\r\n    background-color: none;\r\n    color: #111111;\r\n}\r\n</style>\r\n  <table style=\"margin-top: 20px\" id=\"patients\">\r\n  <tbody><tr>\r\n    <td style=\"width:50%\"><font face=\"Times New Roman, serif\"><span style=\"font-size: 13.3333px;\">TCE</span></font><br></td><td style=\"width:25%\"><span style=\"font-weight: bolder; letter-spacing: 0.2px;\"><span style=\"font-size: 10pt; font-family: &quot;Times New Roman&quot;, serif;\">400 /Cmm</span></span><br></td>\r\n    <td style=\"width:25%\"><b><span style=\"font-size:10.0pt;mso-bidi-font-size:11.0pt;font-family:&quot;Times New Roman&quot;,&quot;serif&quot;;\r\nmso-fareast-font-family:&quot;Times New Roman&quot;;mso-ansi-language:EN-US;mso-fareast-language:\r\nEN-US;mso-bidi-language:AR-SA\">50--400 /Cmm</span></b></td>\r\n  </tr>\r\n\r\n  </tbody></table>\r\n\r\n'),
(30, 4, 'DC', 200, NULL, 5, 0, 0.00, 0.00, NULL, NULL, 1, '2018-10-29 21:24:37', '2018-10-29 15:24:37', '<style>\r\n#patients {\r\n	margin:0 auto;\r\n    font-family: \"Trebuchet MS\", Arial, Helvetica, sans-serif;\r\n    border-collapse: collapse;\r\n    width: 80%;\r\n    font-size: 11px\r\n}\r\n\r\n#patients td, #patients th {\r\n    border: 1px solid #ddd;\r\n    padding: 5px;\r\n}\r\n/*\r\n#patients tr:nth-child(even){background-color: #f2f2f2;}\r\n\r\n#patients tr:hover {background-color: #ddd;}*/\r\n\r\n#patients th {\r\n    padding-top: 6px;\r\n    padding-bottom: 6px;\r\n    text-align: left;\r\n    background-color: none;\r\n    color: #111111;\r\n}\r\n</style>\r\n  <table style=\"margin-top: 20px\" id=\"patients\"><b><u>Differential Count</u></b><span style=\"white-space:pre\">		</span></table><table style=\"margin-top: 20px\" id=\"patients\">\r\n  <tbody><tr>\r\n    <td style=\"width:50%\">NEUTROPHIL<br></td>\r\n    <td style=\"width:25%\">55 %</td>\r\n    <td style=\"width:25%\">40-70 %</td>\r\n  </tr><tr><td style=\"width:50%\">LYMPHOCYTE<br></td><td style=\"width:25%\">38 %<br></td><td style=\"width:25%\">20-40 %<br></td></tr><tr><td style=\"width:50%\">MONOCYTE<br></td><td style=\"width:25%\">03 %<br></td><td style=\"width:25%\">2-10 %<br></td></tr><tr><td style=\"width:50%\">EOSINOPHIL<br></td><td style=\"width:25%\">04 %<br></td><td style=\"width:25%\">00-06 %<br></td></tr><tr><td style=\"width:50%\">BASOPHIL<br></td><td style=\"width:25%\">00 %<br></td><td style=\"width:25%\">00-01 %<br></td></tr>\r\n\r\n  </tbody></table>\r\n\r\n'),
(31, 4, 'ESR Test (W)', 200, NULL, 5, 0, 0.00, 0.00, NULL, NULL, 1, '2018-10-29 21:25:19', '2018-10-29 15:25:19', '<style>\r\n#patients {\r\n	margin:0 auto;\r\n    font-family: \"Trebuchet MS\", Arial, Helvetica, sans-serif;\r\n    border-collapse: collapse;\r\n    width: 80%;\r\n    font-size: 11px\r\n}\r\n\r\n#patients td, #patients th {\r\n    border: 1px solid #ddd;\r\n    padding: 5px;\r\n}\r\n/*\r\n#patients tr:nth-child(even){background-color: #f2f2f2;}\r\n\r\n#patients tr:hover {background-color: #ddd;}*/\r\n\r\n#patients th {\r\n    padding-top: 6px;\r\n    padding-bottom: 6px;\r\n    text-align: left;\r\n    background-color: none;\r\n    color: #111111;\r\n}\r\n</style>\r\n  <table style=\"margin-top: 20px\" id=\"patients\">\r\n  <tbody><tr>\r\n    \r\n    \r\n    <td style=\"width:25%\"><b>ESR&nbsp; &nbsp; &nbsp; &nbsp; &nbsp; &nbsp; &nbsp; &nbsp; &nbsp; &nbsp; &nbsp; &nbsp; &nbsp; &nbsp; &nbsp; &nbsp; &nbsp; &nbsp; &nbsp; &nbsp; &nbsp; &nbsp; &nbsp; &nbsp; &nbsp; &nbsp; &nbsp; &nbsp; &nbsp; &nbsp; &nbsp; &nbsp; &nbsp; &nbsp; &nbsp; &nbsp; &nbsp; &nbsp; &nbsp; &nbsp; &nbsp; &nbsp; &nbsp; &nbsp; &nbsp; &nbsp; &nbsp; &nbsp; &nbsp; &nbsp; &nbsp; &nbsp; &nbsp; &nbsp; &nbsp; &nbsp; &nbsp;<span style=\"font-size:10.0pt;mso-bidi-font-size:11.0pt;font-family:&quot;Times New Roman&quot;,&quot;serif&quot;;\r\nmso-fareast-font-family:&quot;Times New Roman&quot;;mso-ansi-language:EN-US;mso-fareast-language:\r\nEN-US;mso-bidi-language:AR-SA\">20 &nbsp;mm in\r\n1<sup>st</sup> hour&nbsp; &nbsp; &nbsp; &nbsp; &nbsp; &nbsp; &nbsp; &nbsp; &nbsp; &nbsp; &nbsp; &nbsp; &nbsp; &nbsp; &nbsp; &nbsp; &nbsp; &nbsp; &nbsp; &nbsp; &nbsp; &nbsp; &nbsp; &nbsp; &nbsp;&nbsp;</span><font face=\"Times New Roman, serif\"><span style=\"font-size: 13.3333px;\">M. 0-10&nbsp; F. 0-20&nbsp; 1st Hour</span></font><br></b></td>\r\n  </tr>\r\n\r\n  </tbody></table>\r\n\r\n'),
(32, 4, 'Platelate Count', 300, NULL, 5, 0, 0.00, 0.00, NULL, NULL, 1, '2018-10-29 21:25:52', '2018-10-29 15:25:52', '<style>\r\n#patients {\r\n	margin:0 auto;\r\n    font-family: \"Trebuchet MS\", Arial, Helvetica, sans-serif;\r\n    border-collapse: collapse;\r\n    width: 80%;\r\n    font-size: 11px\r\n}\r\n\r\n#patients td, #patients th {\r\n    border: 1px solid #ddd;\r\n    padding: 5px;\r\n}\r\n/*\r\n#patients tr:nth-child(even){background-color: #f2f2f2;}\r\n\r\n#patients tr:hover {background-color: #ddd;}*/\r\n\r\n#patients th {\r\n    padding-top: 6px;\r\n    padding-bottom: 6px;\r\n    text-align: left;\r\n    background-color: none;\r\n    color: #111111;\r\n}\r\n</style>\r\n  <table style=\"margin-top: 20px\" id=\"patients\"><tbody><tr><td style=\"width:50%\"><span style=\"font-weight: bolder; letter-spacing: 0.2px;\"><span style=\"font-size: 10pt; font-family: &quot;Times New Roman&quot;, serif;\">Platelate Count</span></span></td>\r\n    <td style=\"width:25%\"><b><span style=\"font-size:10.0pt;mso-bidi-font-size:11.0pt;font-family:&quot;Times New Roman&quot;,&quot;serif&quot;;\r\nmso-fareast-font-family:&quot;Times New Roman&quot;;mso-ansi-language:EN-US;mso-fareast-language:\r\nEN-US;mso-bidi-language:AR-SA\">/Cmm</span></b></td>\r\n    <td style=\"width:25%\">150-250/Cmm<br></td>\r\n  </tr>\r\n\r\n  </tbody></table>\r\n\r\n'),
(33, 5, 'USG of W/A 4D Colour', 1200, NULL, 5, 0, 0.00, 400.00, NULL, NULL, 1, '2018-10-29 21:27:29', '2018-10-29 15:27:29', '<style>\r\n#patients {\r\n	margin:0 auto;\r\n    font-family: \"Trebuchet MS\", Arial, Helvetica, sans-serif;\r\n    border-collapse: collapse;\r\n    width: 80%;\r\n    font-size: 11px\r\n}\r\n\r\n#patients td, #patients th {\r\n    border: 1px solid #ddd;\r\n    padding: 5px;\r\n}\r\n/*\r\n#patients tr:nth-child(even){background-color: #f2f2f2;}\r\n\r\n#patients tr:hover {background-color: #ddd;}*/\r\n\r\n#patients th {\r\n    padding-top: 6px;\r\n    padding-bottom: 6px;\r\n    text-align: left;\r\n    background-color: none;\r\n    color: #111111;\r\n}\r\n</style>\r\n  <ul><li><span style=\"font-family: \" trebuchet=\"\" ms\",=\"\" arial,=\"\" helvetica,=\"\" sans-serif;=\"\" font-size:=\"\" 11px;=\"\" letter-spacing:=\"\" 0.2px;\"=\"\">&nbsp; &nbsp; &nbsp; &nbsp; &nbsp; &nbsp; &nbsp; &nbsp; &nbsp; &nbsp; &nbsp; &nbsp; &nbsp; &nbsp; &nbsp; &nbsp; &nbsp; &nbsp; &nbsp; &nbsp; &nbsp; &nbsp; &nbsp; &nbsp; &nbsp; &nbsp; &nbsp; &nbsp; &nbsp; &nbsp; &nbsp; &nbsp; &nbsp; &nbsp; &nbsp; &nbsp; &nbsp; &nbsp; &nbsp; &nbsp; &nbsp; &nbsp; &nbsp; &nbsp; &nbsp; &nbsp; <b>&nbsp; &nbsp;&nbsp;</b></span><u style=\"letter-spacing: 0.2px;\"><p class=\"MsoNormal\" align=\"center\" style=\"color: rgb(0, 255, 255); text-align: center; display: inline !important;\"><span style=\"mso-bidi-font-size:18.0pt;\r\nfont-family:&quot;Cambria&quot;,&quot;serif&quot;;mso-ascii-theme-font:major-latin;mso-hansi-theme-font:\r\nmajor-latin;color:red\"><b>ULTRASOUND REPORT</b></span></p></u></li><li><span style=\"font-family: \" trebuchet=\"\" ms\",=\"\" arial,=\"\" helvetica,=\"\" sans-serif;=\"\" font-size:=\"\" 11px;=\"\" letter-spacing:=\"\" 0.2px;\"=\"\"><span style=\"\" arial=\"\" black\";\"=\"\"><span style=\"\" arial=\"\" black\";=\"\" background-color:=\"\" rgb(255,=\"\" 0,=\"\" 0);\"=\"\"><u><b>\r\n\r\n<p class=\"MsoNormal\" align=\"center\" style=\"color: rgb(0, 255, 255); text-align: center;\"><i><span style=\"font-size:3.0pt;mso-bidi-font-size:\r\n18.0pt;font-family:&quot;Cambria&quot;,&quot;serif&quot;;mso-ascii-theme-font:major-latin;\r\nmso-hansi-theme-font:major-latin;color:white\"><o:p>&nbsp;</o:p></span></i></p><p class=\"MsoNormal\" align=\"center\" style=\"color: rgb(0, 255, 255); text-align: center; display: inline !important;\"><span style=\"letter-spacing: 0.2px; color: rgb(0, 0, 0); text-align: left;\">Uterus contain single viable foetus\r\nwith...................................................</span></p></b></u><p class=\"MsoNormal\" style=\"\"><o:p></o:p></p>\r\n\r\n<p class=\"MsoNormal\" style=\"\">Gestational age as measured in .................................................pregnancy<o:p></o:p></p>\r\n\r\n<p class=\"MsoNormal\" style=\"\">Foctal movements and foctal cardiac movements are <o:p></o:p></p>\r\n\r\n<p class=\"MsoNormal\" style=\"\">Placenta is......................................................................................................................<o:p></o:p></p>\r\n\r\n<p class=\"MsoNormal\" style=\"\">Amniotic fluid\r\nis............................................................................................................<o:p></o:p></p>\r\n\r\n<p class=\"MsoNormal\" style=\"\"><o:p>&nbsp;</o:p><span style=\"letter-spacing: 0.2px;\">L.M.P &nbsp;&nbsp;=</span></p><p class=\"MsoNormal\" style=\"\"><o:p></o:p></p>\r\n\r\n<p class=\"MsoNormal\" style=\"\"><o:p>&nbsp;</o:p><span style=\"letter-spacing: 0.2px;\">E.D.D &nbsp;=</span></p><p class=\"MsoNormal\" style=\"\"><o:p></o:p></p>\r\n\r\n<p class=\"MsoNormal\" style=\"\"><o:p>&nbsp;</o:p></p>\r\n\r\n<p class=\"MsoNormal\" style=\"\"><o:p>&nbsp;</o:p><span style=\"letter-spacing: 0.2px;\">Comments &nbsp;:</span></p><p class=\"MsoNormal\" style=\"\"><o:p></o:p></p>\r\n\r\n<p class=\"MsoNormal\" style=\"\"><o:p>&nbsp;</o:p></p>\r\n\r\n<p class=\"MsoNormal\" style=\"\"><o:p>&nbsp;</o:p></p>\r\n\r\n</span></span></span></li></ul><p><ul><li><span style=\"font-family: \" trebuchet=\"\" ms\",=\"\" arial,=\"\" helvetica,=\"\" sans-serif;=\"\" font-size:=\"\" 11px;=\"\" letter-spacing:=\"\" 0.2px;\"=\"\"><span style=\"\" arial=\"\" black\";\"=\"\"><span style=\"\" arial=\"\" black\";=\"\" background-color:=\"\" rgb(255,=\"\" 0,=\"\" 0);\"=\"\">&nbsp; &nbsp; &nbsp; &nbsp; &nbsp; &nbsp; &nbsp; &nbsp; &nbsp; &nbsp; &nbsp; &nbsp; &nbsp; &nbsp; &nbsp; &nbsp; &nbsp; &nbsp; &nbsp; &nbsp; &nbsp; &nbsp; &nbsp; &nbsp; &nbsp; &nbsp; &nbsp; &nbsp; &nbsp; &nbsp; &nbsp; &nbsp; &nbsp; &nbsp; &nbsp; &nbsp; &nbsp; &nbsp; &nbsp; &nbsp; &nbsp; &nbsp; &nbsp; &nbsp; &nbsp; &nbsp; &nbsp; &nbsp; &nbsp; &nbsp; &nbsp; &nbsp; &nbsp; &nbsp; &nbsp; &nbsp; &nbsp; &nbsp; &nbsp; &nbsp; &nbsp; &nbsp; &nbsp; &nbsp; &nbsp; &nbsp; &nbsp; &nbsp; &nbsp; &nbsp; &nbsp; &nbsp; &nbsp; &nbsp; &nbsp; &nbsp; &nbsp; &nbsp; &nbsp; &nbsp; &nbsp; &nbsp; &nbsp; &nbsp; &nbsp; &nbsp; &nbsp; &nbsp; &nbsp; &nbsp; &nbsp; &nbsp; &nbsp; &nbsp; &nbsp; &nbsp; &nbsp; &nbsp; &nbsp; &nbsp; &nbsp; Sonologist</span></span></span></li></ul></p><br>\r\n\r\n'),
(34, 5, 'USG of L/A 4D Colour', 1200, NULL, 5, 0, 0.00, 500.00, NULL, NULL, 1, '2018-10-29 21:28:00', '2018-10-29 15:28:00', ''),
(35, 5, 'USG of KUB 4D Colour', 1200, NULL, 5, 0, 0.00, 500.00, NULL, NULL, 1, '2018-10-29 21:28:30', '2018-10-29 15:28:30', '<style>\r\n#patients {\r\n	margin:0 auto;\r\n    font-family: \"Trebuchet MS\", Arial, Helvetica, sans-serif;\r\n    border-collapse: collapse;\r\n    width: 80%;\r\n    font-size: 11px\r\n}\r\n\r\n#patients td, #patients th {\r\n    border: 1px solid #ddd;\r\n    padding: 5px;\r\n}\r\n/*\r\n#patients tr:nth-child(even){background-color: #f2f2f2;}\r\n\r\n#patients tr:hover {background-color: #ddd;}*/\r\n\r\n#patients th {\r\n    padding-top: 6px;\r\n    padding-bottom: 6px;\r\n    text-align: left;\r\n    background-color: none;\r\n    color: #111111;\r\n}\r\n</style>\r\n  <table style=\"margin-top: 20px\" id=\"patients\">\r\n  <tr>\r\n    <td style=\"width:50%\">USG of KUB 4D Colour</td>\r\n    <td style=\"width:25%\"></td>\r\n    <td style=\"width:25%\"></td>\r\n  </tr>\r\n\r\n  </table>\r\n\r\n'),
(36, 5, 'USG of P/P 4D Colour', 1200, NULL, 5, 0, 0.00, 500.00, NULL, NULL, 1, '2018-10-29 21:29:05', '2018-10-29 15:29:05', '<p><br></p><h2>                                           </h2><div><br></div>'),
(37, 5, 'USG of Testis 4D Colour', 2000, NULL, 5, 0, 0.00, 500.00, NULL, NULL, 1, '2018-10-29 21:29:41', '2018-10-29 15:29:41', ''),
(38, 5, 'USG of Both Breast  4D Colour', 2500, NULL, 5, 0, 0.00, 500.00, NULL, NULL, 1, '2018-10-29 21:30:55', '2018-10-29 15:30:55', ''),
(39, 5, 'USG of Hbs', 1200, NULL, 5, 0, 0.00, 400.00, NULL, NULL, 1, '2018-10-29 21:31:52', '2018-10-29 15:31:52', ''),
(40, 5, 'USG of Brain', 1500, NULL, 5, 0, 0.00, 0.00, NULL, NULL, 1, '2018-10-29 21:32:33', '2018-10-29 15:32:33', ''),
(41, 3, 'T3', 1200, NULL, 5, 0, 0.00, 600.00, NULL, NULL, 1, '2018-10-29 21:34:09', '2018-10-29 15:34:09', '<style>\r\n#patients {\r\n	margin:0 auto;\r\n    font-family: \"Trebuchet MS\", Arial, Helvetica, sans-serif;\r\n    border-collapse: collapse;\r\n    width: 80%;\r\n    font-size: 11px\r\n}\r\n\r\n#patients td, #patients th {\r\n    border: 1px solid #ddd;\r\n    padding: 5px;\r\n}\r\n/*\r\n#patients tr:nth-child(even){background-color: #f2f2f2;}\r\n\r\n#patients tr:hover {background-color: #ddd;}*/\r\n\r\n#patients th {\r\n    padding-top: 6px;\r\n    padding-bottom: 6px;\r\n    text-align: left;\r\n    background-color: none;\r\n    color: #111111;\r\n}\r\n</style>\r\n  <table style=\"table-layout: fixed; width: 600px; color: rgb(34, 34, 34); font-family: arial, sans-serif; font-size: small; letter-spacing: normal;\"><tbody></tbody></table><table style=\"margin-top: 20px\" id=\"patients\">\r\n  <tbody><tr>\r\n    <td style=\"width:50%\">T3  Serum Triiodothyronine</td>\r\n    <td style=\"width:25%\">8 ng/dl<br></td>\r\n    <td style=\"width:25%\">80-180 ng/dl<br></td>\r\n  </tr>\r\n\r\n  </tbody></table>\r\n\r\n'),
(42, 3, 'T4', 1200, NULL, 5, 0, 0.00, 600.00, NULL, NULL, 1, '2018-10-29 21:34:26', '2018-10-29 15:34:26', '<style>\r\n#patients {\r\n	margin:0 auto;\r\n    font-family: \"Trebuchet MS\", Arial, Helvetica, sans-serif;\r\n    border-collapse: collapse;\r\n    width: 80%;\r\n    font-size: 11px\r\n}\r\n\r\n#patients td, #patients th {\r\n    border: 1px solid #ddd;\r\n    padding: 5px;\r\n}\r\n/*\r\n#patients tr:nth-child(even){background-color: #f2f2f2;}\r\n\r\n#patients tr:hover {background-color: #ddd;}*/\r\n\r\n#patients th {\r\n    padding-top: 6px;\r\n    padding-bottom: 6px;\r\n    text-align: left;\r\n    background-color: none;\r\n    color: #111111;\r\n}\r\n</style>\r\n  <table style=\"margin-top: 20px\" id=\"patients\">\r\n  <tbody><tr>\r\n    <td style=\"width:50%\">T4</td>\r\n    <td style=\"width:25%\">4 ug/dl</td>\r\n    <td style=\"width:25%\">4.6-12 ug/dl</td>\r\n  </tr>\r\n\r\n  </tbody></table>\r\n\r\n'),
(43, 3, 'TSH', 1000, NULL, 5, 0, 0.00, 500.00, NULL, NULL, 1, '2018-10-29 21:34:42', '2018-10-29 15:34:42', '<style>\r\n#patients {\r\n	margin:0 auto;\r\n    font-family: \"Trebuchet MS\", Arial, Helvetica, sans-serif;\r\n    border-collapse: collapse;\r\n    width: 80%;\r\n    font-size: 11px\r\n}\r\n\r\n#patients td, #patients th {\r\n    border: 1px solid #ddd;\r\n    padding: 5px;\r\n}\r\n/*\r\n#patients tr:nth-child(even){background-color: #f2f2f2;}\r\n\r\n#patients tr:hover {background-color: #ddd;}*/\r\n\r\n#patients th {\r\n    padding-top: 6px;\r\n    padding-bottom: 6px;\r\n    text-align: left;\r\n    background-color: none;\r\n    color: #111111;\r\n}\r\n</style>\r\n  <table style=\"margin-top: 20px\" id=\"patients\">\r\n  <tbody><tr>\r\n    <td style=\"width:50%\"><b>TSH</b></td>\r\n    <td style=\"width:25%\">6 uU/ml<br></td>\r\n    <td style=\"width:25%\">0.5-6 uU/ml<br></td>\r\n  </tr>\r\n\r\n  </tbody></table>\r\n\r\n'),
(44, 3, 'FT3', 1200, NULL, 5, 0, 0.00, 600.00, NULL, NULL, 1, '2018-10-29 21:35:06', '2018-10-29 15:35:06', ''),
(45, 3, 'FT4', 1200, NULL, 5, 0, 0.00, 600.00, NULL, NULL, 1, '2018-10-29 21:35:21', '2018-10-29 15:35:21', '<style>\r\n#patients {\r\n	margin:0 auto;\r\n    font-family: \"Trebuchet MS\", Arial, Helvetica, sans-serif;\r\n    border-collapse: collapse;\r\n    width: 80%;\r\n    font-size: 11px\r\n}\r\n\r\n#patients td, #patients th {\r\n    border: 1px solid #ddd;\r\n    padding: 5px;\r\n}\r\n/*\r\n#patients tr:nth-child(even){background-color: #f2f2f2;}\r\n\r\n#patients tr:hover {background-color: #ddd;}*/\r\n\r\n#patients th {\r\n    padding-top: 6px;\r\n    padding-bottom: 6px;\r\n    text-align: left;\r\n    background-color: none;\r\n    color: #111111;\r\n}\r\n</style>\r\n  <table style=\"table-layout: fixed; width: 600px; color: rgb(34, 34, 34); font-family: arial, sans-serif; font-size: small; letter-spacing: normal;\"><tbody></tbody></table><table style=\"margin-top: 20px\" id=\"patients\">\r\n  <tbody><tr>\r\n    <td style=\"width:50%\">FT4  Free Thyroxine</td>\r\n    <td style=\"width:25%\">2.9 ng/dl</td>\r\n    <td style=\"width:25%\">0.7-1.9 ng/dl</td>\r\n  </tr>\r\n\r\n  </tbody></table>\r\n\r\n'),
(46, 3, 'FSH', 1200, NULL, 5, 0, 0.00, 600.00, NULL, NULL, 1, '2018-10-29 21:35:38', '2018-10-29 15:35:38', '<style>\r\n#patients {\r\n	margin:0 auto;\r\n    font-family: \"Trebuchet MS\", Arial, Helvetica, sans-serif;\r\n    border-collapse: collapse;\r\n    width: 80%;\r\n    font-size: 11px\r\n}\r\n\r\n#patients td, #patients th {\r\n    border: 1px solid #ddd;\r\n    padding: 5px;\r\n}\r\n/*\r\n#patients tr:nth-child(even){background-color: #f2f2f2;}\r\n\r\n#patients tr:hover {background-color: #ddd;}*/\r\n\r\n#patients th {\r\n    padding-top: 6px;\r\n    padding-bottom: 6px;\r\n    text-align: left;\r\n    background-color: none;\r\n    color: #111111;\r\n}\r\n</style>\r\n  <br><table style=\"margin-top: 20px\" id=\"patients\">\r\n  <tbody><tr><td style=\"width:50%\">FSH&nbsp; &nbsp; &nbsp; &nbsp; &nbsp; &nbsp; &nbsp; &nbsp; &nbsp; &nbsp; &nbsp; &nbsp; &nbsp; &nbsp; &nbsp; &nbsp; &nbsp; &nbsp; &nbsp; &nbsp; &nbsp; &nbsp;&nbsp;<br></td><td style=\"width:25%\">10 mIu/ml<br></td><td style=\"width:25%\">Male 0.3 - 10 mIu/ml<br></td></tr><tr><td style=\"width:50%\"><br></td><td style=\"width:25%\">0 - 4mIu/ml<br></td><td style=\"width:25%\">Female 0 - 4mIu/ml (Before puberty) and 4.7 - 21.5mIu/ml (While menstruating)<br></td></tr>\r\n\r\n  </tbody></table>\r\n\r\n'),
(47, 3, 'HBsAg (Elisa)', 1000, NULL, 5, 0, 0.00, 500.00, NULL, NULL, 1, '2018-10-29 21:35:58', '2018-10-29 15:35:58', ''),
(48, 3, 'LH', 1200, NULL, 5, 0, 0.00, 0.00, NULL, NULL, 1, '2018-10-29 21:36:12', '2018-10-29 15:36:12', ''),
(49, 3, 'Prolactin', 1200, NULL, 5, 0, 0.00, 0.00, NULL, NULL, 1, '2018-10-29 21:36:50', '2018-10-29 15:36:50', '<style>\r\n#patients {\r\n	margin:0 auto;\r\n    font-family: \"Trebuchet MS\", Arial, Helvetica, sans-serif;\r\n    border-collapse: collapse;\r\n    width: 80%;\r\n    font-size: 11px\r\n}\r\n\r\n#patients td, #patients th {\r\n    border: 1px solid #ddd;\r\n    padding: 5px;\r\n}\r\n/*\r\n#patients tr:nth-child(even){background-color: #f2f2f2;}\r\n\r\n#patients tr:hover {background-color: #ddd;}*/\r\n\r\n#patients th {\r\n    padding-top: 6px;\r\n    padding-bottom: 6px;\r\n    text-align: left;\r\n    background-color: none;\r\n    color: #111111;\r\n}\r\n</style>\r\n  <table id=\"patients\" style=\"font-family: Roboto, sans-serif, serif; font-size: 14px; letter-spacing: 0.2px; margin-top: 20px;\"><tbody></tbody></table><table style=\"margin-top: 20px\" id=\"patients\">\r\n  <tbody><tr>\r\n    <td style=\"width:50%\">Prolactin</td>\r\n    <td style=\"width:25%\">3 nm/mL</td>\r\n    <td style=\"width:25%\">Male: 2-20 Female:2-29nm/mL</td>\r\n  </tr>\r\n\r\n  </tbody></table>\r\n\r\n'),
(50, 3, 'Progesterone', 1200, NULL, 5, 0, 0.00, 0.00, NULL, NULL, 1, '2018-10-29 21:37:28', '2018-10-29 15:37:28', '<style>\r\n#patients {\r\n	margin:0 auto;\r\n    font-family: \"Trebuchet MS\", Arial, Helvetica, sans-serif;\r\n    border-collapse: collapse;\r\n    width: 80%;\r\n    font-size: 11px\r\n}\r\n\r\n#patients td, #patients th {\r\n    border: 1px solid #ddd;\r\n    padding: 5px;\r\n}\r\n/*\r\n#patients tr:nth-child(even){background-color: #f2f2f2;}\r\n\r\n#patients tr:hover {background-color: #ddd;}*/\r\n\r\n#patients th {\r\n    padding-top: 6px;\r\n    padding-bottom: 6px;\r\n    text-align: left;\r\n    background-color: none;\r\n    color: #111111;\r\n}\r\n</style>\r\n  <table class=\"c-normal-values\" style=\"text-rendering: optimizelegibility; -webkit-font-smoothing: antialiased; box-sizing: inherit; margin: 15px 0px 0px; padding: 0px; border: 0px; font-variant-numeric: inherit; font-variant-east-asian: inherit; font-stretch: inherit; line-height: inherit; font-family: Camphor, Helvetica, Arial, sans-serif; vertical-align: baseline; border-spacing: 0px; width: 560px; color: rgb(65, 65, 70); letter-spacing: normal;\"><tbody style=\"text-rendering: optimizelegibility; -webkit-font-smoothing: antialiased; box-sizing: inherit; margin: 0px; padding: 0px; border: 0px; font: inherit; vertical-align: baseline;\"></tbody></table><table style=\"margin-top: 20px\" id=\"patients\">\r\n  <tbody><tr>\r\n    <td style=\"width:50%\">Progesterone</td>\r\n    <td style=\"width:25%\">2 ng/ml</td>\r\n    <td style=\"width:25%\">Male:&lt;1Female5-20ng/ml</td>\r\n  </tr>\r\n\r\n  </tbody></table>\r\n\r\n'),
(51, 3, 'Free Testosterone', 1200, NULL, 5, 0, 0.00, 0.00, NULL, NULL, 1, '2018-10-29 21:38:05', '2018-10-29 15:38:05', '<style>\r\n#patients {\r\n	margin:0 auto;\r\n    font-family: \"Trebuchet MS\", Arial, Helvetica, sans-serif;\r\n    border-collapse: collapse;\r\n    width: 80%;\r\n    font-size: 11px\r\n}\r\n\r\n#patients td, #patients th {\r\n    border: 1px solid #ddd;\r\n    padding: 5px;\r\n}\r\n/*\r\n#patients tr:nth-child(even){background-color: #f2f2f2;}\r\n\r\n#patients tr:hover {background-color: #ddd;}*/\r\n\r\n#patients th {\r\n    padding-top: 6px;\r\n    padding-bottom: 6px;\r\n    text-align: left;\r\n    background-color: none;\r\n    color: #111111;\r\n}\r\n</style>\r\n  <span style=\"color: rgb(84, 84, 84); font-family: arial, sans-serif; font-size: small; letter-spacing: normal;\">0.9-9.5&nbsp;</span><span style=\"font-weight: bold; color: rgb(106, 106, 106); font-family: arial, sans-serif; font-size: small; letter-spacing: normal;\">ng</span><span style=\"color: rgb(84, 84, 84); font-family: arial, sans-serif; font-size: small; letter-spacing: normal;\">/</span><span style=\"font-weight: bold; color: rgb(106, 106, 106); font-family: arial, sans-serif; font-size: small; letter-spacing: normal;\">mL</span><table style=\"margin-top: 20px\" id=\"patients\">\r\n  <tbody><tr>\r\n    <td style=\"width:50%\">Free Testosterone</td>\r\n    <td style=\"width:25%\">2.5 ng/ml</td>\r\n    <td style=\"width:25%\">0.9-9.0 ng/ml</td>\r\n  </tr>\r\n\r\n  </tbody></table>\r\n\r\n'),
(52, 7, 'Sputum for C/S', 500, NULL, 5, 0, 0.00, 0.00, NULL, NULL, 1, '2018-10-29 21:39:18', '2018-10-29 15:39:18', ''),
(53, 7, 'Urine for C/S', 800, NULL, 5, 0, 0.00, 400.00, NULL, NULL, 1, '2018-10-29 21:39:44', '2018-10-29 15:39:44', ''),
(54, 7, 'Stool for C/S', 500, NULL, 5, 0, 0.00, 0.00, NULL, NULL, 1, '2018-10-29 21:40:08', '2018-10-29 15:40:08', ''),
(55, 7, 'Blood for C/S', 1500, NULL, 5, 0, 0.00, 750.00, NULL, NULL, 1, '2018-10-29 21:40:33', '2018-10-29 15:40:33', ''),
(56, 7, 'Pus for C/S', 1000, NULL, 5, 0, 0.00, 0.00, NULL, NULL, 1, '2018-10-29 21:40:58', '2018-10-29 15:40:58', '');
INSERT INTO `diagnostic_test_subgroup` (`id`, `mtest_id`, `sub_test_title`, `price`, `output_format`, `hospital_id`, `branch_id`, `doc_ref_com`, `quk_ref_com`, `ref_val`, `unit`, `status`, `created_at`, `updated_at`, `test_template`) VALUES
(57, 10, 'Urine R/E', 100, NULL, 5, 0, 0.00, 50.00, NULL, NULL, 1, '2018-10-29 21:41:38', '2018-10-29 15:41:38', '<style>\r\n#patients {\r\n	margin:0 auto;\r\n    font-family: \"Trebuchet MS\", Arial, Helvetica, sans-serif;\r\n    border-collapse: collapse;\r\n    width: 80%;\r\n    font-size: 11px\r\n}\r\n\r\n#patients td, #patients th {\r\n    border: 1px solid #ddd;\r\n    padding: 5px;\r\n}\r\n/*\r\n#patients tr:nth-child(even){background-color: #f2f2f2;}\r\n\r\n#patients tr:hover {background-color: #ddd;}*/\r\n\r\n#patients th {\r\n    padding-top: 6px;\r\n    padding-bottom: 6px;\r\n    text-align: left;\r\n    background-color: none;\r\n    color: #111111;\r\n}\r\n</style>\r\n  <table style=\"margin-top: 20px\" id=\"patients\">\r\n  <tbody><tr>\r\n    <td style=\"width:50%\"><b style=\"background-color: rgb(255, 255, 0);\">Physical Examinoatin</b></td>\r\n    <td style=\"width:25%\"><br></td>\r\n    \r\n  </tr><tr><td style=\"width:50%\">Color<br></td><td style=\"width:25%\">Straw<br></td></tr><tr><td style=\"width:50%\">Appearance<br></td><td style=\"width:25%\">Clear</td></tr><tr><td style=\"width:50%\">Sediment<br></td><td style=\"width:25%\">Nil</td></tr><tr><td style=\"width:50%\">Sp.Gravit<br></td><td style=\"width:25%\">Q.N.S</td></tr><tr><td style=\"width:50%\"><b style=\"background-color: rgb(255, 255, 0);\">Chemical Examination</b><br></td><td style=\"width:25%\"><br></td></tr><tr><td style=\"width:50%\">Reaction (Ph)<br></td><td style=\"width:25%\"> Alkaline<br></td></tr><tr><td style=\"width:50%\">Albumin (Protein)<br></td><td style=\"width:25%\">Nil<br></td></tr><tr><td style=\"width:50%\">Sugar<br></td><td style=\"width:25%\">Nil<br></td></tr><tr><td style=\"width:50%\">Excess of Phos<br></td><td style=\"width:25%\">Absent<br></td></tr><tr><td style=\"width:50%\"><b style=\"background-color: rgb(255, 255, 0);\">Microscopic Examination</b><br></td><td style=\"width:25%\"><br></td></tr><tr><td style=\"width:50%\">W.B.C (Pus Cell)<br></td><td style=\"width:25%\">02----04 /HPF<br></td></tr><tr><td style=\"width:50%\">RBC<br></td><td style=\"width:25%\">00----00 /HPF<br></td></tr><tr><td style=\"width:50%\">Epithelial Cell<br></td><td style=\"width:25%\">01----02 /HPF<br></td></tr><tr><td style=\"width:50%\">Micro Organism<br></td><td style=\"width:25%\"> Nil<br></td></tr><tr><td style=\"width:50%\">Calcium Oxalate<br></td><td style=\"width:25%\"> Nil<br></td></tr><tr><td style=\"width:50%\">Triple Phosthate<br></td><td style=\"width:25%\"> Nil<br></td></tr><tr><td style=\"width:50%\">Epithelial Cast<br></td><td style=\"width:25%\"> Nil<br></td></tr><tr><td style=\"width:50%\">Granular Cast<br></td><td style=\"width:25%\"> Nil<br></td></tr><tr><td style=\"width:50%\">Uric Acid<br></td><td style=\"width:25%\"> Nil<br></td></tr><tr><td style=\"width:50%\">Spermatoze<br></td><td style=\"width:25%\"> Nil<br></td></tr><tr><td style=\"width:50%\">Mucous Thread<br></td><td style=\"width:25%\"> Nil<br></td></tr>\r\n\r\n  </tbody></table>\r\n\r\n'),
(58, 10, 'Urine Pregnancy Test', 200, NULL, 5, 0, 0.00, 100.00, NULL, NULL, 1, '2018-10-29 21:42:32', '2018-10-29 15:42:32', ''),
(59, 8, 'X-Ray Skull A/P View', 700, NULL, 5, 0, 0.00, 350.00, NULL, NULL, 1, '2018-10-29 21:43:37', '2018-10-29 15:43:37', ''),
(60, 8, 'X-Ray Skull L/A View', 700, NULL, 5, 0, 0.00, 300.00, NULL, NULL, 1, '2018-10-29 21:44:01', '2018-10-29 15:44:01', ''),
(61, 8, 'X-Ray Skull B/V View', 800, NULL, 5, 0, 0.00, 300.00, NULL, NULL, 1, '2018-10-29 21:44:31', '2018-10-29 15:44:31', ''),
(62, 8, 'X-Ray PNS O/M View', 600, NULL, 5, 0, 0.00, 250.00, NULL, NULL, 1, '2018-10-29 21:44:57', '2018-10-29 15:44:57', ''),
(63, 8, 'X-Ray Cervical Spine A/P View', 600, NULL, 5, 0, 0.00, 250.00, NULL, NULL, 1, '2018-10-29 21:45:46', '2018-10-29 15:45:46', ''),
(64, 8, 'X-Ray Cervical Spine Lat View', 600, NULL, 5, 0, 0.00, 250.00, NULL, NULL, 1, '2018-10-29 21:46:05', '2018-10-29 15:46:05', ''),
(65, 8, 'X-Ray Cervical Spine B/V View', 800, NULL, 5, 0, 0.00, 300.00, NULL, NULL, 1, '2018-10-29 21:46:35', '2018-10-29 15:46:35', ''),
(66, 8, 'X-Ray Rt Clavical A/P View', 600, NULL, 5, 0, 0.00, 250.00, NULL, NULL, 1, '2018-10-29 21:47:27', '2018-10-29 15:47:27', ''),
(67, 8, 'X-Ray Lt Clavical A/P View', 600, NULL, 5, 0, 0.00, 250.00, NULL, NULL, 1, '2018-10-29 21:47:47', '2018-10-29 15:47:47', ''),
(68, 8, 'Both Clavical A/P View', 800, NULL, 5, 0, 0.00, 0.00, NULL, NULL, 1, '2018-10-29 21:48:14', '2018-10-29 15:48:14', ''),
(69, 8, 'X-Ray Rt Shoulder Joint A/P View', 600, NULL, 5, 0, 0.00, 250.00, NULL, NULL, 1, '2018-10-29 21:48:56', '2018-10-29 15:48:56', ''),
(70, 8, 'X-Ray Lt Shoulder Joint AP View', 600, NULL, 5, 0, 0.00, 250.00, NULL, NULL, 1, '2018-10-29 21:49:15', '2018-10-29 15:49:15', ''),
(71, 8, 'X-Ray Shoulder Joint B/V View', 800, NULL, 5, 0, 0.00, 300.00, NULL, NULL, 1, '2018-10-29 21:49:44', '2018-10-29 15:49:44', ''),
(72, 8, 'Rt Shoulder Joint B/V View', 800, NULL, 5, 0, 0.00, 0.00, NULL, NULL, 1, '2018-10-29 21:50:10', '2018-10-29 15:50:10', ''),
(73, 8, 'X-Ray Rt Elbow Joint B/V View', 600, NULL, 5, 0, 0.00, 250.00, NULL, NULL, 1, '2018-10-29 21:50:42', '2018-10-29 15:50:42', ''),
(74, 8, 'X-Ray Lt Elbow Joint  B/V', 600, NULL, 5, 0, 0.00, 250.00, NULL, NULL, 1, '2018-10-29 21:51:08', '2018-10-29 15:51:08', ''),
(75, 8, 'X-Ray Rt Shoulder Joint B/V View', 800, NULL, 5, 0, 0.00, 300.00, NULL, NULL, 1, '2018-10-29 21:51:36', '2018-10-29 15:51:36', ''),
(76, 8, 'Lt Shoulder Joint B/V View', 800, NULL, 5, 0, 0.00, 0.00, NULL, NULL, 1, '2018-10-29 21:52:01', '2018-10-29 15:52:01', ''),
(77, 8, 'X-Ray Rt Wrist Joint B/V', 600, NULL, 5, 0, 0.00, 250.00, NULL, NULL, 1, '2018-10-29 21:52:46', '2018-10-29 15:52:46', ''),
(78, 8, 'X-Ray Lt Wrist Joint B/V', 700, NULL, 5, 0, 0.00, 300.00, NULL, NULL, 1, '2018-10-29 21:53:04', '2018-10-29 15:53:04', ''),
(79, 8, 'X-Ray Rt Hand B/V', 600, NULL, 5, 0, 0.00, 250.00, NULL, NULL, 1, '2018-10-29 21:57:02', '2018-10-29 15:57:02', ''),
(80, 8, 'X-Ray Lt Hand B/V', 60, NULL, 5, 0, 0.00, 250.00, NULL, NULL, 1, '2018-10-29 21:57:25', '2018-10-29 15:57:25', ''),
(81, 8, 'Rt Scapula A/P View', 500, NULL, 5, 0, 0.00, 0.00, NULL, NULL, 1, '2018-10-29 21:58:39', '2018-10-29 15:58:39', ''),
(82, 8, 'X-Ray Lt Scapula A/P View', 600, NULL, 5, 0, 0.00, 250.00, NULL, NULL, 1, '2018-10-29 21:59:00', '2018-10-29 15:59:00', ''),
(83, 8, 'Mandible A/P View', 500, NULL, 5, 0, 0.00, 0.00, NULL, NULL, 1, '2018-10-29 21:59:52', '2018-10-29 15:59:52', ''),
(84, 8, 'X-Ray Chest Lateral View.', 500, NULL, 5, 0, 0.00, 0.00, NULL, NULL, 1, '2018-10-29 22:02:55', '2018-10-29 16:02:55', ''),
(85, 8, 'X-Ray Chest A/P View', 600, NULL, 5, 0, 0.00, 250.00, NULL, NULL, 1, '2018-10-29 22:03:15', '2018-10-29 16:03:15', ''),
(86, 8, 'X-Ray Chest P/A View', 600, NULL, 5, 0, 0.00, 250.00, NULL, NULL, 1, '2018-10-29 22:05:02', '2018-10-29 16:05:02', ''),
(87, 8, 'X-Ray Lumber Spine A/P View', 600, NULL, 5, 0, 0.00, 250.00, NULL, NULL, 1, '2018-10-29 22:08:06', '2018-10-29 16:08:06', ''),
(88, 8, 'Lumber Spine Lateral View', 500, NULL, 5, 0, 0.00, 0.00, NULL, NULL, 1, '2018-10-29 22:08:36', '2018-10-29 16:08:36', ''),
(89, 8, 'X-Ray L/S  Spine B/V View', 800, NULL, 5, 0, 0.00, 300.00, NULL, NULL, 1, '2018-10-29 22:09:18', '2018-10-29 16:09:18', ''),
(90, 8, 'X-Ray Dorsal Spine A/P View', 600, NULL, 5, 0, 0.00, 250.00, NULL, NULL, 1, '2018-10-29 22:10:36', '2018-10-29 16:10:36', ''),
(91, 8, 'X-Ray Dorsal Spine Lateral View', 600, NULL, 5, 0, 0.00, 250.00, NULL, NULL, 1, '2018-10-29 22:10:57', '2018-10-29 16:10:57', ''),
(92, 8, 'X-Ray Dorsal Spine B/V View', 800, NULL, 5, 0, 0.00, 300.00, NULL, NULL, 1, '2018-10-29 22:11:16', '2018-10-29 16:11:16', ''),
(93, 8, 'Rt Pelvis A/P', 500, NULL, 5, 0, 0.00, 0.00, NULL, NULL, 1, '2018-10-29 22:14:40', '2018-10-29 16:14:40', ''),
(94, 8, 'Lt  Pelvis A/P', 500, NULL, 5, 0, 0.00, 0.00, NULL, NULL, 1, '2018-10-29 22:15:06', '2018-10-29 16:15:06', ''),
(95, 8, 'Pelvis B/V', 700, NULL, 5, 0, 0.00, 0.00, NULL, NULL, 1, '2018-10-29 22:15:31', '2018-10-29 16:15:31', ''),
(96, 8, 'X-Ray KUB Region', 600, NULL, 5, 0, 0.00, 250.00, NULL, NULL, 1, '2018-10-29 22:19:32', '2018-10-29 16:19:32', ''),
(97, 8, 'Rt Hip Joint B/V', 500, NULL, 5, 0, 0.00, 0.00, NULL, NULL, 1, '2018-10-29 22:20:23', '2018-10-29 16:20:23', ''),
(98, 8, 'Lt Hip Joint B/V', 500, NULL, 5, 0, 0.00, 0.00, NULL, NULL, 1, '2018-10-29 22:20:41', '2018-10-29 16:20:41', ''),
(99, 8, 'Lt Thigh B/V', 500, NULL, 5, 0, 0.00, 0.00, NULL, NULL, 1, '2018-10-29 22:21:37', '2018-10-29 16:21:37', ''),
(100, 8, 'Rt Thigh B/V', 500, NULL, 5, 0, 0.00, 0.00, NULL, NULL, 1, '2018-10-29 22:21:54', '2018-10-29 16:21:54', ''),
(101, 8, 'Rt Knee  joint B/V', 500, NULL, 5, 0, 0.00, 0.00, NULL, NULL, 1, '2018-10-29 22:22:46', '2018-10-29 16:22:46', ''),
(102, 8, 'X-Ray Lt Knee  joint B/V', 600, NULL, 5, 0, 0.00, 250.00, NULL, NULL, 1, '2018-10-29 22:23:00', '2018-10-29 16:23:00', ''),
(103, 8, 'Both Knee Joint B/V', 800, NULL, 5, 0, 0.00, 0.00, NULL, NULL, 1, '2018-10-29 22:23:35', '2018-10-29 16:23:35', ''),
(104, 8, 'X-Ray Rt Ankle Joint B/V', 600, NULL, 5, 0, 0.00, 250.00, NULL, NULL, 1, '2018-10-29 22:25:08', '2018-10-29 16:25:08', ''),
(105, 8, 'X-Ray Lt Ankle Joint B/V', 600, NULL, 5, 0, 0.00, 250.00, NULL, NULL, 1, '2018-10-29 22:25:24', '2018-10-29 16:25:24', ''),
(106, 8, 'X-Ray Rt Foot B/V', 800, NULL, 5, 0, 0.00, 300.00, NULL, NULL, 1, '2018-10-29 22:26:42', '2018-10-29 16:26:42', ''),
(107, 8, 'X-Ray Lt Foot B/V View', 600, NULL, 5, 0, 0.00, 250.00, NULL, NULL, 1, '2018-10-29 22:27:14', '2018-10-29 16:27:14', ''),
(108, 1, 'ASO Titer Q&Q', 600, NULL, 5, 0, 0.00, 0.00, NULL, NULL, 2, '2018-10-30 11:48:24', '2018-10-30 05:48:24', ''),
(109, 1, 'VDRL Q&Q', 500, NULL, 5, 0, 0.00, 0.00, NULL, NULL, 2, '2018-10-30 11:48:49', '2018-10-30 05:48:49', ''),
(110, 2, 'S. Amylase', 1200, NULL, 5, 0, 0.00, 600.00, NULL, NULL, 1, '2018-10-30 11:49:25', '2018-10-30 05:49:25', ''),
(111, 2, 'S.Lipid Profile (Fasting)', 1000, NULL, 5, 0, 0.00, 500.00, NULL, NULL, 1, '2018-10-30 11:50:17', '2018-10-30 05:50:17', '<style>\r\n#patients {\r\n	margin:0 auto;\r\n    font-family: \"Trebuchet MS\", Arial, Helvetica, sans-serif;\r\n    border-collapse: collapse;\r\n    width: 80%;\r\n    font-size: 11px\r\n}\r\n\r\n#patients td, #patients th {\r\n    border: 1px solid #ddd;\r\n    padding: 5px;\r\n}\r\n/*\r\n#patients tr:nth-child(even){background-color: #f2f2f2;}\r\n\r\n#patients tr:hover {background-color: #ddd;}*/\r\n\r\n#patients th {\r\n    padding-top: 6px;\r\n    padding-bottom: 6px;\r\n    text-align: left;\r\n    background-color: none;\r\n    color: #111111;\r\n}\r\n</style>\r\n  <p><span style=\"font-family: \" trebuchet=\"\" ms\",=\"\" arial,=\"\" helvetica,=\"\" sans-serif;=\"\" font-size:=\"\" 11px;=\"\" letter-spacing:=\"\" 0.2px;\"=\"\">&nbsp; &nbsp; &nbsp; &nbsp; &nbsp; &nbsp; &nbsp; &nbsp; &nbsp; &nbsp; &nbsp; &nbsp; &nbsp; &nbsp; &nbsp; &nbsp; &nbsp; &nbsp; &nbsp; &nbsp; &nbsp; &nbsp; &nbsp; &nbsp; &nbsp; &nbsp; &nbsp; &nbsp; &nbsp; &nbsp; &nbsp; &nbsp; &nbsp; &nbsp; &nbsp; &nbsp; &nbsp; &nbsp; &nbsp; &nbsp; &nbsp; &nbsp;&nbsp;<b>S.Lipid Profile (Fasting)</b></span></p><table id=\"patients\" style=\"margin-top: 20px; width: 789px; letter-spacing: 0.2px;\"><tbody><tr><td style=\"width: 394px;\">TG</td><td style=\"width: 197px;\">150 mg/dl</td><td style=\"width: 197px;\">150 mg/dl<br></td></tr><tr><td style=\"width: 394px;\">S.Cholesterol<br></td><td style=\"width: 197px;\">200 mg/dl</td><td style=\"width: 197px;\">200 mg/dl<br></td></tr><tr><td style=\"width: 394px;\">HDL-Cholesterol<br></td><td style=\"width: 197px;\">60 mg/dl</td><td style=\"width: 197px;\">60 mg/dl<br></td></tr><tr><td style=\"width: 394px;\">LDL-Cholesterol<br></td><td style=\"width: 197px;\">110 mg/dl</td><td style=\"width: 197px;\">115 mg/dl<br></td></tr></tbody></table>\r\n\r\n'),
(112, 2, 'S.Cholesterol', 400, NULL, 5, 0, 0.00, 200.00, NULL, NULL, 1, '2018-10-30 11:51:00', '2018-10-30 05:51:00', ''),
(113, 2, 'S.HDL-Cholesterol', 400, NULL, 5, 0, 0.00, 0.00, NULL, NULL, 1, '2018-10-30 11:51:25', '2018-10-30 05:51:25', ''),
(114, 2, 'S.LDL-Cholesterol', 400, NULL, 5, 0, 0.00, 0.00, NULL, NULL, 1, '2018-10-30 11:51:45', '2018-10-30 05:51:45', ''),
(115, 2, 'S.Triglyceride(TG) ', 0, NULL, 5, 0, 0.00, 0.00, '<150 mg/dl Normal , 151-199 mg/dl Borderline , 200-499 mg/dl High ', 'mg/dl ', 1, '2018-10-30 11:53:07', '2018-10-30 05:53:07', ''),
(116, 2, 'Urine Amylase', 0, NULL, 5, 0, 0.00, 0.00, '450  u/l', 'u/l ', 1, '2018-10-30 11:53:44', '2018-10-30 05:53:44', ''),
(117, 4, 'MP-Thick&Thin', 200, NULL, 5, 0, 0.00, 0.00, NULL, NULL, 1, '2018-10-30 12:00:09', '2018-10-30 06:00:09', ''),
(118, 4, 'BT & CT', 400, NULL, 5, 0, 0.00, 0.00, NULL, NULL, 1, '2018-10-30 12:00:37', '2018-10-30 06:00:37', ''),
(119, 4, 'LE Cell', 200, NULL, 5, 0, 0.00, 0.00, NULL, NULL, 1, '2018-10-30 12:25:41', '2018-10-30 06:25:41', ''),
(120, 11, 'CK-MB Quantity', 1000, NULL, 5, 0, 0.00, 0.00, NULL, NULL, 1, '2018-10-30 12:32:24', '2018-10-30 06:32:24', ''),
(121, 11, 'CPK-NAC', 1000, NULL, 5, 0, 0.00, 0.00, NULL, NULL, 1, '2018-10-30 12:33:04', '2018-10-30 06:33:04', ''),
(122, 11, 'Troponin-i Quantity', 1000, NULL, 5, 0, 0.00, 500.00, NULL, NULL, 1, '2018-10-30 12:33:50', '2018-10-30 06:33:50', ''),
(123, 11, 'Homocystenine', 1000, NULL, 5, 0, 0.00, 0.00, NULL, NULL, 1, '2018-10-30 12:34:49', '2018-10-30 06:34:49', ''),
(124, 11, 'Myoglobin', 1000, NULL, 5, 0, 0.00, 0.00, NULL, NULL, 1, '2018-10-30 12:35:22', '2018-10-30 06:35:22', ''),
(125, 11, 'LDH', 1000, NULL, 5, 0, 0.00, 0.00, NULL, NULL, 1, '2018-10-30 12:35:39', '2018-10-30 06:35:39', ''),
(126, 2, 'HbA1c', 1200, NULL, 5, 0, 0.00, 600.00, NULL, NULL, 1, '2018-10-30 12:36:16', '2018-10-30 06:36:16', ''),
(127, 4, 'Reticulocyte Count', 1000, NULL, 5, 0, 0.00, 0.00, NULL, NULL, 1, '2018-10-30 12:37:54', '2018-10-30 06:37:54', ''),
(128, 2, 'Globuline', 500, NULL, 5, 0, 0.00, 0.00, NULL, NULL, 1, '2018-10-30 12:40:47', '2018-10-30 06:40:47', ''),
(129, 2, 'BUN', 500, NULL, 5, 0, 0.00, 0.00, NULL, NULL, 1, '2018-10-30 12:41:15', '2018-10-30 06:41:15', ''),
(130, 2, 'Total Protein', 0, NULL, 5, 0, 0.00, 0.00, '6.6 - 8.7 g/dl', 'g/dl ', 1, '2018-10-30 12:41:44', '2018-10-30 06:41:44', ''),
(131, 1, 'Rose Waaler Test', 500, NULL, 5, 0, 0.00, 0.00, NULL, NULL, 2, '2018-10-30 12:46:11', '2018-10-30 06:46:11', ''),
(132, 1, 'SerumIgE (Total-Allergy)', 500, NULL, 5, 0, 0.00, 0.00, NULL, NULL, 1, '2018-10-30 12:47:45', '2018-10-30 06:47:45', ''),
(133, 1, 'Serum IgE', 1200, NULL, 5, 0, 0.00, 300.00, NULL, NULL, 1, '2018-10-30 12:48:52', '2018-10-30 06:48:52', ''),
(134, 1, 'Serum IgA', 500, NULL, 5, 0, 0.00, 0.00, NULL, NULL, 1, '2018-10-30 12:49:08', '2018-10-30 06:49:08', ''),
(135, 1, 'CFT for Filaria', 1000, NULL, 5, 0, 0.00, 0.00, NULL, NULL, 1, '2018-10-30 12:49:38', '2018-10-30 06:49:38', ''),
(136, 1, 'ICT Tuberculosis', 400, NULL, 5, 0, 0.00, 0.00, NULL, NULL, 1, '2018-10-30 12:50:16', '2018-10-30 06:50:16', ''),
(137, 1, 'Anti - Dengue Antibody IgG/IgM', 1200, NULL, 5, 0, 0.00, 300.00, NULL, NULL, 1, '2018-10-30 12:51:03', '2018-10-30 06:51:03', ''),
(138, 1, 'Anti H-Pylori IgG', 1000, NULL, 5, 0, 0.00, 500.00, NULL, NULL, 1, '2018-10-30 12:51:45', '2018-10-30 06:51:45', ''),
(139, 1, 'HIV 1 & 2', 1000, NULL, 5, 0, 0.00, 0.00, NULL, NULL, 1, '2018-10-30 12:52:18', '2018-10-30 06:52:18', ''),
(140, 1, 'ICT For Malaria', 1200, NULL, 5, 0, 0.00, 600.00, NULL, NULL, 1, '2018-10-30 12:52:43', '2018-10-30 06:52:43', ''),
(141, 2, 'S.Electrolytes', 1000, NULL, 5, 0, 0.00, 500.00, NULL, NULL, 1, '2018-10-30 12:53:18', '2018-10-30 06:53:18', ''),
(142, 2, 'S.Phosphate', 500, NULL, 5, 0, 0.00, 250.00, NULL, NULL, 1, '2018-10-30 12:55:02', '2018-10-30 06:55:02', ''),
(143, 2, 'S.Lipase', 500, NULL, 5, 0, 0.00, 0.00, NULL, NULL, 1, '2018-10-30 12:56:54', '2018-10-30 06:56:54', ''),
(144, 3, 'Anti HCV (Elisa)', 1200, NULL, 5, 0, 0.00, 0.00, NULL, NULL, 1, '2018-10-30 12:59:44', '2018-10-30 06:59:44', ''),
(145, 1, 'Anti HBe', 1000, NULL, 5, 0, 0.00, 0.00, NULL, NULL, 1, '2018-10-30 13:00:27', '2018-10-30 07:00:27', ''),
(146, 1, 'Anti HBc', 500, NULL, 5, 0, 0.00, 0.00, NULL, NULL, 1, '2018-10-30 13:00:53', '2018-10-30 07:00:53', ''),
(147, 1, 'HCV', 500, NULL, 5, 0, 0.00, 0.00, NULL, NULL, 1, '2018-10-30 13:01:10', '2018-10-30 07:01:10', ''),
(148, 7, 'Semen Analysis', 1000, NULL, 5, 0, 0.00, 500.00, NULL, NULL, 1, '2018-10-30 13:01:37', '2018-10-30 07:01:37', ''),
(149, 7, 'MT Test', 400, NULL, 5, 0, 0.00, 200.00, NULL, NULL, 1, '2018-10-30 13:02:11', '2018-10-30 07:02:11', ''),
(150, 7, 'Skin Scraping for Fungus M/E & C/S', 1000, NULL, 5, 0, 0.00, 500.00, NULL, NULL, 1, '2018-10-30 13:03:03', '2018-10-30 07:03:03', ''),
(151, 7, 'Sputum for AFB', 500, NULL, 5, 0, 0.00, 0.00, NULL, NULL, 1, '2018-10-30 13:03:49', '2018-10-30 07:03:49', ''),
(152, 7, 'Gram Stain', 500, NULL, 5, 0, 0.00, 0.00, NULL, NULL, 1, '2018-10-30 13:04:31', '2018-10-30 07:04:31', ''),
(153, 8, 'X-Ray Nesoparynx ', 600, NULL, 5, 0, 0.00, 250.00, NULL, NULL, 1, '2018-10-30 13:05:49', '2018-10-30 07:05:49', ''),
(154, 8, 'X-Ray Plain  Abdomen B/V', 600, NULL, 5, 0, 0.00, 250.00, NULL, NULL, 1, '2018-10-30 13:06:59', '2018-10-30 07:06:59', ''),
(155, 3, 'Growth Hormone', 1000, NULL, 5, 0, 0.00, 0.00, NULL, NULL, 1, '2018-10-30 13:07:55', '2018-10-30 07:07:55', ''),
(156, 3, 'Escadiol', 1200, NULL, 5, 0, 0.00, 0.00, NULL, NULL, 1, '2018-10-30 13:08:30', '2018-10-30 07:08:30', ''),
(157, 3, 'Parathyroid Hormone', 1200, NULL, 5, 0, 0.00, 0.00, NULL, NULL, 1, '2018-10-30 13:09:12', '2018-10-30 07:09:12', ''),
(158, 3, 'Anti TPO', 1200, NULL, 5, 0, 0.00, 0.00, NULL, NULL, 1, '2018-10-30 13:09:34', '2018-10-30 07:09:34', ''),
(159, 3, 'Cortisol', 1200, NULL, 5, 0, 0.00, 0.00, NULL, NULL, 1, '2018-10-30 13:10:02', '2018-10-30 07:10:02', ''),
(160, 3, 'Oestrogen', 1200, NULL, 5, 0, 0.00, 0.00, NULL, NULL, 1, '2018-10-30 13:10:34', '2018-10-30 07:10:34', ''),
(161, 3, 'Anti Thyroid Ab', 1200, NULL, 5, 0, 0.00, 0.00, NULL, NULL, 1, '2018-10-30 13:11:25', '2018-10-30 07:11:25', ''),
(162, 3, 'Anti Cardilipin Ab', 1200, NULL, 5, 0, 0.00, 0.00, NULL, NULL, 1, '2018-10-30 13:11:57', '2018-10-30 07:11:57', '<style>\r\n#patients {\r\n	margin:0 auto;\r\n    font-family: \"Trebuchet MS\", Arial, Helvetica, sans-serif;\r\n    border-collapse: collapse;\r\n    width: 80%;\r\n    font-size: 11px\r\n}\r\n\r\n#patients td, #patients th {\r\n    border: 1px solid #ddd;\r\n    padding: 5px;\r\n}\r\n/*\r\n#patients tr:nth-child(even){background-color: #f2f2f2;}\r\n\r\n#patients tr:hover {background-color: #ddd;}*/\r\n\r\n#patients th {\r\n    padding-top: 6px;\r\n    padding-bottom: 6px;\r\n    text-align: left;\r\n    background-color: none;\r\n    color: #111111;\r\n}\r\n</style>\r\n  <p><span trebuchet=\"\" ms\",=\"\" arial,=\"\" helvetica,=\"\" sans-serif;=\"\" font-size:=\"\" 11px;=\"\" letter-spacing:=\"\" 0.2px;\"=\"\">&nbsp; &nbsp; &nbsp; &nbsp; &nbsp; &nbsp; &nbsp; &nbsp; &nbsp; &nbsp; &nbsp; &nbsp; &nbsp; &nbsp; &nbsp; &nbsp;<span style=\"font-weight: bolder;\">S.Lipid Profile (Random)</span></span></p><table id=\"patients\" style=\"margin-top: 20px; width: 870px; letter-spacing: 0.2px;\"><tbody><tr><td style=\"width: 435.556px;\">Triglycerides</td><td style=\"width: 216.667px;\">120 mg/dl</td><td style=\"width: 216.667px;\">&lt;150 mg/dl</td></tr><tr><td style=\"width: 435.556px;\">Total&nbsp;Cholesterol&nbsp;</td><td style=\"width: 216.667px;\">150 mg/dl<br></td><td style=\"width: 216.667px;\">&lt;200 mg/dl</td></tr><tr><td style=\"width: 435.556px;\">HDL-Cholesterol&nbsp;<br></td><td style=\"width: 216.667px;\">50 mg/dl<br></td><td style=\"width: 216.667px;\">&lt;60 mg/dl</td></tr><tr><td style=\"width: 435.556px;\"><span style=\"font-weight: bolder;\">LDL-Cholesterol&nbsp;</span><br></td><td style=\"width: 216.667px;\">110 mg/dl<br></td><td style=\"width: 216.667px;\">60-130 mg/dl</td></tr></tbody></table><table style=\"margin-top: 20px\" id=\"patients\">\r\n  <tbody>\r\n\r\n  </tbody></table>\r\n\r\n'),
(163, 13, 'Stool R/E', 200, NULL, 5, 0, 0.00, 100.00, NULL, NULL, 1, '2018-10-30 13:13:02', '2018-10-30 07:13:02', ''),
(164, 13, 'Stool for OBT', 500, NULL, 5, 0, 0.00, 0.00, NULL, NULL, 1, '2018-10-30 13:13:26', '2018-10-30 07:13:26', ''),
(165, 13, 'Stool R/S', 500, NULL, 5, 0, 0.00, 0.00, NULL, NULL, 1, '2018-10-30 13:13:48', '2018-10-30 07:13:48', ''),
(166, 10, 'Bile Pigments', 500, NULL, 5, 0, 0.00, 0.00, NULL, NULL, 1, '2018-10-30 13:16:24', '2018-10-30 07:16:24', ''),
(167, 10, 'Creatinine Clearance Rate', 500, NULL, 5, 0, 0.00, 0.00, NULL, NULL, 1, '2018-10-30 13:16:56', '2018-10-30 07:16:56', ''),
(168, 10, '24Hours,Total Protein', 500, NULL, 5, 0, 0.00, 0.00, NULL, NULL, 1, '2018-10-30 13:17:37', '2018-10-30 07:17:37', ''),
(169, 10, 'Bene-Jones Protein', 500, NULL, 5, 0, 0.00, 0.00, NULL, NULL, 1, '2018-10-30 13:18:10', '2018-10-30 07:18:10', ''),
(170, 10, 'Uriflowrnentry', 500, NULL, 5, 0, 0.00, 0.00, NULL, NULL, 1, '2018-10-30 13:19:53', '2018-10-30 07:19:53', ''),
(171, 10, 'Bile Salts', 200, NULL, 5, 0, 0.00, 0.00, NULL, NULL, 1, '2018-10-30 13:20:22', '2018-10-30 07:20:22', ''),
(172, 10, 'Urobilinogen', 500, NULL, 5, 0, 0.00, 0.00, NULL, NULL, 1, '2018-10-30 13:20:57', '2018-10-30 07:20:57', ''),
(173, 10, 'Urine For AFB', 200, NULL, 5, 0, 0.00, 100.00, NULL, NULL, 1, '2018-10-30 13:21:25', '2018-10-30 07:21:25', ''),
(174, 10, 'Ketone Body', 200, NULL, 5, 0, 0.00, 0.00, NULL, NULL, 1, '2018-10-30 13:21:53', '2018-10-30 07:21:53', ''),
(175, 10, 'Microalbumin', 500, NULL, 5, 0, 0.00, 0.00, NULL, NULL, 1, '2018-10-30 13:22:21', '2018-10-30 07:22:21', ''),
(176, 5, 'USG of Thyroid', 1500, NULL, 5, 0, 0.00, 0.00, NULL, NULL, 1, '2018-10-30 13:23:00', '2018-10-30 07:23:00', ''),
(177, 15, 'ECG ', 500, NULL, 5, 0, 0.00, 250.00, NULL, NULL, 1, '2018-10-30 13:25:23', '2018-10-30 07:25:23', ''),
(178, 2, 'S.Ferritine', 1200, NULL, 5, 0, 0.00, 0.00, NULL, NULL, 1, '2018-10-30 13:26:26', '2018-10-30 07:26:26', ''),
(179, 2, 'Total Iron', 1200, NULL, 5, 0, 0.00, 0.00, NULL, NULL, 1, '2018-10-30 13:27:06', '2018-10-30 07:27:06', ''),
(180, 2, 'Serum Iron', 500, NULL, 5, 0, 0.00, 0.00, NULL, NULL, 1, '2018-10-30 13:27:26', '2018-10-30 07:27:26', ''),
(181, 2, 'S. Phosphatas', 500, NULL, 5, 0, 0.00, 250.00, NULL, NULL, 1, '2018-10-30 13:28:00', '2018-10-30 07:28:00', ''),
(182, 4, 'TC ', 200, NULL, 5, 0, 0.00, 0.00, NULL, NULL, 1, '2018-10-30 16:42:09', '2018-10-30 10:42:09', ''),
(183, 1, 'fgh', 56, NULL, 5, 0, 0.00, 10.00, NULL, NULL, 2, '2018-11-03 20:42:01', '2018-11-03 14:42:01', ''),
(184, 1, 'ttt', 12, NULL, 5, 0, 0.00, 23.00, NULL, NULL, 2, '2018-11-04 12:20:08', '2018-11-04 06:20:08', ''),
(185, 1, 'kl', 90, NULL, 5, 0, 0.00, 90.00, '450', '78', 2, '2018-11-07 20:05:39', '2018-11-07 14:05:39', ''),
(186, 1, 'HBsAg (Com.)', 500, NULL, 5, 0, 0.00, 250.00, 'Negative (-ve)', ':-', 1, '2018-11-07 20:44:51', '2018-11-07 14:44:51', ''),
(187, 2, 'S.Lipid Profile ', 1000, NULL, 5, 0, 0.00, 500.00, NULL, NULL, 1, '2018-11-07 22:11:45', '2018-11-07 16:11:45', '<style>\r\n#patients {\r\n	margin:0 auto;\r\n    font-family: \"Trebuchet MS\", Arial, Helvetica, sans-serif;\r\n    border-collapse: collapse;\r\n    width: 80%;\r\n    font-size: 11px\r\n}\r\n\r\n#patients td, #patients th {\r\n    border: 1px solid #ddd;\r\n    padding: 5px;\r\n}\r\n/*\r\n#patients tr:nth-child(even){background-color: #f2f2f2;}\r\n\r\n#patients tr:hover {background-color: #ddd;}*/\r\n\r\n#patients th {\r\n    padding-top: 6px;\r\n    padding-bottom: 6px;\r\n    text-align: left;\r\n    background-color: none;\r\n    color: #111111;\r\n}\r\n</style>\r\n  <table style=\"margin-top: 20px\" id=\"patients\">\r\n  <tr>\r\n    <td style=\"width:50%\">S.Lipid Profile </td>\r\n    <td style=\"width:25%\"></td>\r\n    <td style=\"width:25%\"></td>\r\n  </tr>\r\n\r\n  </table>\r\n\r\n'),
(188, 4, 'Blood R/E', 500, NULL, 5, 0, 0.00, 250.00, NULL, NULL, 1, '2018-11-07 22:34:03', '2018-11-07 16:34:03', ''),
(189, 5, 'USG of W/A 4D Colour', 1200, NULL, 5, 0, 0.00, 500.00, NULL, NULL, 1, '2018-11-07 22:40:04', '2018-11-07 16:40:04', ''),
(190, 5, 'USG of KUB 4D Colour', 1200, NULL, 5, 0, 0.00, 400.00, NULL, NULL, 1, '2018-11-08 09:26:09', '2018-11-08 03:26:09', ''),
(191, 5, 'USG of Rt Breast', 1800, NULL, 5, 0, 0.00, 500.00, NULL, NULL, 1, '2018-11-08 09:36:07', '2018-11-08 03:36:07', ''),
(192, 5, 'USG of Lt Breast', 1800, NULL, 5, 0, 0.00, 500.00, NULL, NULL, 1, '2018-11-08 09:39:40', '2018-11-08 03:39:40', ''),
(193, 8, 'X-Rat Rt Wrist Joint A/P & Lat View ', 800, NULL, 5, 0, 0.00, 300.00, NULL, NULL, 1, '2018-11-09 09:37:24', '2018-11-09 03:37:24', ''),
(194, 8, 'X-Ray Rt Hand A/P & )bl View', 700, NULL, 5, 0, 0.00, 300.00, NULL, NULL, 1, '2018-11-09 09:41:07', '2018-11-09 03:41:07', ''),
(195, 2, 'FBS', 200, NULL, 5, 0, 0.00, 100.00, NULL, NULL, 1, '2018-11-09 09:50:06', '2018-11-09 03:50:06', ''),
(196, 2, 'RBS', 200, NULL, 5, 0, 0.00, 100.00, NULL, NULL, 1, '2018-11-09 10:08:58', '2018-11-09 04:08:58', '<p><br></p><table id=\"patients\" style=\"margin: 20px auto 0px; font-family: &quot;Trebuchet MS&quot;, Arial, Helvetica, sans-serif; width: 789px; font-size: 11px; letter-spacing: 0.2px;\"><tbody><tr><td style=\"border: 1px solid rgb(221, 221, 221); padding: 5px; width: 394px;\">RBS</td><td style=\"border: 1px solid rgb(221, 221, 221); padding: 5px; width: 197px;\">6.5 mmol/l</td><td style=\"border: 1px solid rgb(221, 221, 221); padding: 5px; width: 197px;\">7.8 mmol/l<br></td></tr></tbody></table>\r\n\r\n'),
(197, 1, 'MT', 600, NULL, 5, 0, 0.00, 300.00, NULL, NULL, 1, '2018-11-09 12:36:06', '2018-11-09 06:36:06', ''),
(198, 2, 'S.Lipid Profile ', 1000, NULL, 5, 0, 0.00, 500.00, NULL, NULL, 2, '2018-11-10 21:23:31', '2018-11-10 15:23:31', '<style>\r\n#patients {\r\n	margin:0 auto;\r\n    font-family: \"Trebuchet MS\", Arial, Helvetica, sans-serif;\r\n    border-collapse: collapse;\r\n    width: 80%;\r\n    font-size: 11px\r\n}\r\n\r\n#patients td, #patients th {\r\n    border: 1px solid #ddd;\r\n    padding: 5px;\r\n}\r\n/*\r\n#patients tr:nth-child(even){background-color: #f2f2f2;}\r\n\r\n#patients tr:hover {background-color: #ddd;}*/\r\n\r\n#patients th {\r\n    padding-top: 6px;\r\n    padding-bottom: 6px;\r\n    text-align: left;\r\n    background-color: none;\r\n    color: #111111;\r\n}\r\n</style>\r\n  <table style=\"margin-top: 20px\" id=\"patients\">\r\n  <tbody>\r\n\r\n  </tbody></table><p><span trebuchet=\"\" ms\",=\"\" arial,=\"\" helvetica,=\"\" sans-serif;=\"\" font-size:=\"\" 11px;=\"\" letter-spacing:=\"\" 0.2px;\"=\"\">&nbsp; &nbsp; &nbsp; &nbsp; &nbsp; &nbsp; &nbsp; &nbsp; &nbsp; &nbsp; &nbsp; &nbsp; &nbsp; &nbsp; &nbsp; &nbsp;<span style=\"font-weight: bolder;\">S.Lipid Profile</span></span></p><table id=\"patients\" style=\"margin-top: 20px; width: 870px; letter-spacing: 0.2px;\"><tbody><tr><td style=\"width: 435.556px;\">Triglycerides</td><td style=\"width: 216.667px;\">120 mg/dl</td><td style=\"width: 216.667px;\">&lt;150 mg/dl</td></tr><tr><td style=\"width: 435.556px;\">Total&nbsp;Cholesterol&nbsp;</td><td style=\"width: 216.667px;\">150 mg/dl<br></td><td style=\"width: 216.667px;\">&lt;200 mg/dl</td></tr><tr><td style=\"width: 435.556px;\">HDL-Cholesterol&nbsp;<br></td><td style=\"width: 216.667px;\">50 mg/dl<br></td><td style=\"width: 216.667px;\">&lt;60 mg/dl</td></tr><tr><td style=\"width: 435.556px;\"><span style=\"font-weight: bolder;\">LDL-Cholesterol&nbsp;</span><br></td><td style=\"width: 216.667px;\">110 mg/dl<br></td><td style=\"width: 216.667px;\">60-130 mg/dl</td></tr></tbody></table>\r\n\r\n'),
(199, 1, 'Blood Cross Matching ', 200, NULL, 5, 0, 0.00, 100.00, NULL, NULL, 1, '2018-11-11 10:50:06', '2018-11-11 04:50:06', ''),
(200, 1, 'Colltion fee', 100, NULL, 5, 0, 0.00, 100.00, NULL, NULL, 1, '2018-11-11 10:50:56', '2018-11-11 04:50:56', ''),
(201, 10, 'Urine C/S', 600, NULL, 5, 0, 0.00, 300.00, NULL, NULL, 1, '2018-11-12 11:39:12', '2018-11-12 05:39:12', ''),
(202, 1, 'Echo Cardiogram 4D Colour', 2000, NULL, 5, 0, 0.00, 500.00, NULL, NULL, 2, '2018-11-14 14:18:25', '2018-11-14 08:18:25', ''),
(203, 2, 'S.Billirubin Total Direct In-Direct', 800, NULL, 5, 0, 0.00, 400.00, NULL, NULL, 1, '2018-11-17 16:43:43', '2018-11-17 10:43:43', ''),
(204, 14, 'Echocardiogram 4D Colour', 2000, NULL, 5, 0, 0.00, 500.00, NULL, NULL, 1, '2018-11-17 16:47:55', '2018-11-17 10:47:55', ''),
(205, 1, 'Semen Analysis', 1000, NULL, 5, 0, 0.00, 500.00, '', '', 1, '2018-11-19 11:38:17', '2018-11-19 05:38:17', ''),
(206, 1, 'Dengue Ns1 Antigen', 1200, NULL, 5, 0, 0.00, 300.00, NULL, NULL, 1, '2018-11-22 12:16:06', '2018-11-22 06:16:06', ''),
(207, 8, 'X-Ray Nasunnx L/V View', 600, NULL, 5, 0, 0.00, 250.00, NULL, NULL, 1, '2018-11-23 14:44:05', '2018-11-23 08:44:05', ''),
(208, 8, 'X-Ray Pelvin B/V', 600, NULL, 5, 0, 0.00, 250.00, NULL, NULL, 1, '2018-11-24 10:46:13', '2018-11-24 04:46:13', ''),
(209, 8, 'X-Ray Soft Tisshu', 600, NULL, 5, 0, 0.00, 250.00, NULL, NULL, 1, '2018-11-24 10:48:41', '2018-11-24 04:48:41', ''),
(210, 8, 'X-Ray  Abdomen B/V', 600, NULL, 5, 0, 0.00, 260.00, NULL, NULL, 1, '2018-11-24 12:42:14', '2018-11-24 06:42:14', '');

INSERT INTO `doctor` (`doctor_id`, `doctor_title`, `doctor_education`, `doctor_degree`, `profile_img`, `created_at`, `add_by`, `doctor_type`, `consult_fee`, `emergency_fee`, `icu_duty_fee`, `board_duty_fee`, `hospital_id`, `doc_mobile_no`) VALUES
(6, 'Dr.Md.Younus Khan', NULL, 'MBBS.FCPS(Medicine)PGT(Endrocrynology)', NULL, NULL, 5, 1, NULL, NULL, NULL, NULL, 5, '01673-414961'),
(8, 'Dr,Md.Shafiul Alam Pavel', NULL, 'MBB,(AFMC),CMU (USG)', NULL, NULL, 9, 1, NULL, NULL, NULL, NULL, 5, '01732095188'),
(9, 'Dr.Mrs.Nishe', NULL, 'MBBS,(USG)', NULL, NULL, 9, 1, NULL, NULL, NULL, NULL, 5, '01732002398'),
(10, 'Dr,Tabenda Akter', NULL, 'MBBS,FCPS (USG),Gaine.', NULL, NULL, 9, 1, NULL, NULL, NULL, NULL, 5, '01716285016'),
(11, 'Dr.Shohag (Moishade)', NULL, 'self', NULL, NULL, 9, 2, NULL, NULL, NULL, NULL, 5, '01820003238'),
(12, 'Saiful (Dolaituli)', NULL, 'self', NULL, NULL, 9, 2, NULL, NULL, NULL, NULL, 5, '01829909908'),
(13, 'Dr.Mukil  (Chor Voirobi)', NULL, 'self', NULL, NULL, 9, 2, NULL, NULL, NULL, NULL, 5, '01818571472'),
(14, 'Dr.Vijoy (Binggulia)', NULL, 'self', NULL, NULL, 9, 2, NULL, NULL, NULL, NULL, 5, '0188416328'),
(15, 'Dr.Abu Bakor', NULL, 'self', NULL, NULL, 9, 2, NULL, NULL, NULL, NULL, 5, '01720906824'),
(16, 'Dr.vobotush (Chaba tuli)', NULL, 'self', NULL, NULL, 9, 2, NULL, NULL, NULL, NULL, 5, '01811267698'),
(17, 'Dr.Hanif (Noyany Luxmipur)', NULL, '', NULL, NULL, 9, 2, NULL, NULL, NULL, NULL, 5, ''),
(18, 'Dr.somir (Nacha Aring)', NULL, 'self', NULL, NULL, 9, 2, NULL, NULL, NULL, NULL, 5, '01813094047'),
(19, 'Dr. Juton Chokro (molla bariy)', NULL, 'self', NULL, NULL, 9, 2, NULL, NULL, NULL, NULL, 5, '01819070865'),
(20, 'Dr. goutom (khalpar)', NULL, 'self', NULL, NULL, 9, 2, NULL, NULL, NULL, NULL, 5, '01727046371'),
(21, 'Dr. Fokrul (korbondo)', NULL, 'self', NULL, NULL, 9, 2, NULL, NULL, NULL, NULL, 5, '01811740580'),
(22, 'Dr. Chondon  chokrobotti (Boyaliya)', NULL, 'self', NULL, NULL, 9, 2, NULL, NULL, NULL, NULL, 5, '01816529055'),
(23, 'Dr.jafor (des farma)', NULL, 'self', NULL, NULL, 9, 2, NULL, NULL, NULL, NULL, 5, '01819419113'),
(24, 'Dr.Johir (Poscim chandra bajar )', NULL, 'self', NULL, NULL, 9, 2, NULL, NULL, NULL, NULL, 5, '01834323935'),
(25, 'Dr. rubel (vengguliya )', NULL, 'self', NULL, NULL, 9, 2, NULL, NULL, NULL, NULL, 5, '01821215835'),
(26, 'Dr.Samol chokrobotti (Digolde)', NULL, 'self', NULL, NULL, 9, 2, NULL, NULL, NULL, NULL, 5, '01815690888'),
(27, 'Dr. Komol ( srepur )', NULL, 'self', NULL, NULL, 9, 2, NULL, NULL, NULL, NULL, 5, '01822966310'),
(28, 'Dr. Sumon ( srepur )', NULL, 'self', NULL, NULL, 9, 2, NULL, NULL, NULL, NULL, 5, '01728590854'),
(29, 'Dr. Joton (Lautuli )', NULL, 'self', NULL, NULL, 9, 2, NULL, NULL, NULL, NULL, 5, '01860288157'),
(30, 'Dr. Ikbal (dinggavangga )', NULL, 'self', NULL, NULL, 9, 2, NULL, NULL, NULL, NULL, 5, '01811190042'),
(31, 'Dr. Giasudden ( jonota/ baliya )', NULL, 'self', NULL, NULL, 9, 2, NULL, NULL, NULL, NULL, 5, '01681994862'),
(32, 'Dr. Ronojit ( Dholaytule )', NULL, 'self', NULL, NULL, 9, 2, NULL, NULL, NULL, NULL, 5, '01716928560'),
(33, 'Dr. Abul hosen (Mausakhali )', NULL, 'self', NULL, NULL, 9, 2, NULL, NULL, NULL, NULL, 5, '01831847472'),
(34, 'Dr. Sojib ( Rajar Gao )', NULL, 'self', NULL, NULL, 9, 2, NULL, NULL, NULL, NULL, 5, '01836472001'),
(35, 'Dr. Aziz ( Raypur )', NULL, 'self', NULL, NULL, 9, 2, NULL, NULL, NULL, NULL, 5, '01642795284'),
(36, 'Dr. Kaoser (Gabtoli )', NULL, 'self', NULL, NULL, 9, 2, NULL, NULL, NULL, NULL, 5, '01792414960'),
(37, 'Dr. Monir ( moniher )', NULL, 'self', NULL, NULL, 9, 2, NULL, NULL, NULL, NULL, 5, '01837443394'),
(38, 'Dr. Akter ( Gulisa )', NULL, 'self', NULL, NULL, 9, 2, NULL, NULL, NULL, NULL, 5, '01815429031'),
(39, 'Dr. Sumon (chormesa)', NULL, 'self', NULL, NULL, 9, 2, NULL, NULL, NULL, NULL, 5, '01829717253'),
(40, 'Dr. Sobuj (Rajar gao )', NULL, 'self', NULL, NULL, 9, 2, NULL, NULL, NULL, NULL, 5, '01812243957'),
(41, 'Dr. Naser (motkhola )', NULL, 'self', NULL, NULL, 9, 2, NULL, NULL, NULL, NULL, 5, '01782495933'),
(42, 'Dr. Mijan (kotrabad )', NULL, 'self', NULL, NULL, 9, 2, NULL, NULL, NULL, NULL, 5, '01818784045'),
(43, 'Dr. Fojlu (Bangla bajar)', NULL, 'self', NULL, NULL, 9, 2, NULL, NULL, NULL, NULL, 5, '01818627631'),
(44, 'Dr. sohodeb (choto sundor )', NULL, 'self', NULL, NULL, 9, 2, NULL, NULL, NULL, NULL, 5, '01815453693'),
(45, 'Dr. Fokrul ( saheb bajar)', NULL, 'self', NULL, NULL, 9, 2, NULL, NULL, NULL, NULL, 5, '01728843009'),
(46, 'Dr. Billal ( Kamrangga bajar )', NULL, 'self', NULL, NULL, 9, 2, NULL, NULL, NULL, NULL, 5, '01734888464'),
(47, 'Dr. Sayful (noyerhut)', NULL, 'self', NULL, NULL, 9, 2, NULL, NULL, NULL, NULL, 5, '01724276622'),
(48, 'Dr. nesar (Telermor )', NULL, 'self', NULL, NULL, 9, 2, NULL, NULL, NULL, NULL, 5, '01718528636'),
(49, 'Dr. Monir (kaoneya )', NULL, 'self', NULL, NULL, 9, 2, NULL, NULL, NULL, NULL, 5, '01732751566'),
(50, 'Dr. ramessor (Rajar gao)', NULL, 'self', NULL, NULL, 9, 2, NULL, NULL, NULL, NULL, 5, '01726248803'),
(51, 'Dr. sayed vai( cayerman gat)', NULL, 'self', NULL, NULL, 9, 2, NULL, NULL, NULL, NULL, 5, '01913615773'),
(52, 'Dr. Mithun (dalir gat)', NULL, 'self', NULL, NULL, 9, 2, NULL, NULL, NULL, NULL, 5, '01817101112'),
(53, 'Dr. mohinuddin (anondo bajar)', NULL, 'self', NULL, NULL, 9, 2, NULL, NULL, NULL, NULL, 5, '01871645447'),
(54, 'Dr. Eyasin ( jonota bajar )', NULL, 'self', NULL, NULL, 9, 2, NULL, NULL, NULL, NULL, 5, '01817517218'),
(55, 'Dr. titu (pingra bajar )', NULL, 'self', NULL, NULL, 9, 2, NULL, NULL, NULL, NULL, 5, '01828381925'),
(56, 'Dr. Mahabub (Hapaneya )', NULL, 'self', NULL, NULL, 9, 2, NULL, NULL, NULL, NULL, 5, '01848064385'),
(57, 'Dr. Sopon (Narayonpur)', NULL, 'self', NULL, NULL, 9, 2, NULL, NULL, NULL, NULL, 5, '01713609896'),
(58, 'Dr.Lotif (Baliya)', NULL, 'self', NULL, NULL, 9, 2, NULL, NULL, NULL, NULL, 5, '01916800354'),
(59, 'Dr. Sahajalal (Korbondo)', NULL, 'self', NULL, NULL, 9, 2, NULL, NULL, NULL, NULL, 5, '01819481582'),
(60, 'Dr. Masumbilla (Algi )', NULL, 'self', NULL, NULL, 9, 2, NULL, NULL, NULL, NULL, 5, '01735763438'),
(61, 'Dr. Aman ullah (Bangla bajar)', NULL, 'self', NULL, NULL, 9, 2, NULL, NULL, NULL, NULL, 5, '01727222689'),
(62, 'Dr. Johorlal (Tarabuneya)', NULL, 'self', NULL, NULL, 9, 2, NULL, NULL, NULL, NULL, 5, '01851495298'),
(63, 'Dr. Johorlal  ', NULL, 'self', NULL, NULL, 9, 2, NULL, NULL, NULL, NULL, 5, '01640203444'),
(64, 'Dr. Sumon (norsinghopur )', NULL, 'self', NULL, NULL, 9, 2, NULL, NULL, NULL, NULL, 5, '01725394364'),
(66, 'Dr,Pavel ', NULL, 'Medical Officer', NULL, NULL, 9, 1, NULL, NULL, NULL, NULL, 5, '67976967'),
(69, 'Dr.S.M. Khaled Jahan', NULL, ' FCPS(ENT),MBBS(DMC),BCS(Health)', NULL, NULL, 9, 1, NULL, NULL, NULL, NULL, 5, ''),
(72, 'Dr.Abdul Aziz Mia', NULL, 'MBBS,DEH,FCPS(Chaild)', NULL, NULL, 9, 1, NULL, NULL, NULL, NULL, 0, ''),
(73, 'Md.Manik (F.C.H)', NULL, 'self', NULL, NULL, 9, 2, NULL, NULL, NULL, NULL, 0, ''),
(74, 'Md.Salem (F.C.H)', NULL, 'self', NULL, NULL, 9, 2, NULL, NULL, NULL, NULL, 0, ''),
(75, 'Md.Monir (F.C.H)', NULL, 'self', NULL, NULL, 9, 2, NULL, NULL, NULL, NULL, 0, ''),
(76, 'Md.Rory (F.C.H)', NULL, 'self', NULL, NULL, 9, 2, NULL, NULL, NULL, NULL, 0, ''),
(77, 'Md.Rubel (F.C.H)', NULL, 'self', NULL, NULL, 9, 2, NULL, NULL, NULL, NULL, 0, ''),
(78, 'Md.Al-Amin (F.C.H)', NULL, 'self', NULL, NULL, 9, 2, NULL, NULL, NULL, NULL, 0, ''),
(79, 'Md.Masum (F.C.H)', NULL, 'self', NULL, NULL, 9, 2, NULL, NULL, NULL, NULL, 0, ''),
(80, 'Md.Shuva (F.C.H)', NULL, 'self', NULL, NULL, 9, 2, NULL, NULL, NULL, NULL, 0, ''),
(81, 'Md.Mofiz (F.C.H)', NULL, 'self', NULL, NULL, 9, 2, NULL, NULL, NULL, NULL, 0, ''),
(82, 'Md.Tanvir Ahmed Mia (Arif)', NULL, 'self', NULL, NULL, 9, 1, NULL, NULL, NULL, NULL, 0, ''),
(83, 'Dr.Asma Begum', NULL, '', NULL, NULL, 9, 1, NULL, NULL, NULL, NULL, 0, ''),
(84, 'Dr.M.A Zaman', NULL, 'MBBS,BCS(Health)', NULL, NULL, 9, 1, NULL, NULL, NULL, NULL, 0, ''),
(85, 'Dr. MD. Monirul Islam', NULL, 'MBBS,FCPS,(Surgery)BCS(Health)', NULL, NULL, 9, 1, NULL, NULL, NULL, NULL, 0, '');

INSERT INTO `generic_info` (`id`, `generic_name`, `status`, `created_at`, `updated_at`) VALUES
(1, 'cefixime', 1, NULL, '2018-11-07 15:19:14'),
(2, 'azitrmycine', 1, NULL, '2018-11-07 15:19:18'),
(3, 'fexofenadin', 1, NULL, '2018-11-07 15:19:21'),
(4, 'ceftriaxone', 1, NULL, '2018-11-08 04:37:30'),
(5, 'nalbuphine-hydrochloride inn', 1, NULL, '2018-11-08 04:38:50'),
(6, 'metronidazole', 1, NULL, '2018-11-08 04:39:20'),
(7, 'hydrocortisone', 1, NULL, '2018-11-08 04:40:33'),
(8, 'diclofenac-sodium', 1, NULL, '2018-11-08 04:48:49'),
(9, 'ketorolac tromethamine', 1, NULL, '2018-11-08 11:31:11'),
(10, 'esomeprazol magnesium usp', 1, NULL, '2018-11-08 11:32:50'),
(11, 'tiemoniummethylsulphate', 1, NULL, '2018-11-09 03:41:35'),
(12, 'dexamethasone', 1, NULL, '2018-11-09 03:52:42'),
(13, 'cefuroxime', 1, NULL, '2018-11-09 03:54:32'),
(14, 'oxytocin', 1, NULL, '2018-11-09 03:55:31'),
(15, 'ketorolac tromethamine', 1, NULL, '2018-11-09 03:55:48'),
(16, 'ephedrine-hydrochloride', 1, NULL, '2018-11-10 05:10:35'),
(17, 'ranitidine', 1, NULL, '2018-11-10 06:05:13'),
(18, 'hydrocortisone', 1, NULL, '2018-11-10 06:05:41'),
(19, 'omeprazol', 1, NULL, '2018-11-10 06:06:12'),
(20, 'pantoprazol', 1, NULL, '2018-11-10 06:07:01'),
(21, 'ketamine-hydrochloride', 1, NULL, '2018-11-10 06:54:26'),
(22, 'neostigmine-methylsulfate', 1, NULL, '2018-11-10 06:56:15'),
(23, 'palonosetron', 1, NULL, '2018-11-11 09:09:23'),
(24, 'Fentanyl', 1, NULL, '2018-11-18 07:56:22'),
(25, 'palonosetron', 1, NULL, '2018-11-18 08:02:50'),
(26, 'amicacin', 1, NULL, '2018-11-21 06:14:22'),
(27, 'flucloxacilling', 1, NULL, '2018-11-21 06:51:56');

INSERT INTO `hospital` (`hospital_id`, `hospital_title`, `hospital_logo`, `hospital_head`, `director`, `telephone`, `email`, `address_1`, `address_2`, `fax`, `mobile_no`, `area_id`, `district_id`, `division_id`, `branch_id`, `country_id`, `status`, `created_at`, `updated_at`) VALUES
(1, 'Square Hospital', 'square_jpg_1.jpg', NULL, 'Ramim', '031456789', 'square@gmail.com', '124, jamalkhan, ctg', '', '', '01897890678', 60, 43, 2, 0, NULL, 1, '2018-10-11 12:52:39', '2018-10-11 06:52:39'),
(2, 'Apollo Hospital', 'apollo_jpg_1.jpg', NULL, 'Jamil', '031789076', 'apollo@gmail.com', '234, chawkbazar, dhaka', '', '', '01897890698', 165, 11, 3, 0, NULL, 1, '2018-10-11 12:53:54', '2018-10-11 06:53:54'),
(3, 'Comfort Hospital', 'comfort_jpg_3.jpg', NULL, 'Asik', '031456787', 'comfort@gmail.com', '456, muradpur, ctg', '', '', '01897890672', 73, 43, 2, 0, NULL, 1, '2018-10-11 12:56:41', '2018-10-11 06:56:41'),
(4, 'Chevron Hospital', 'Chevron_jpg_4.jpg', NULL, 'Jiku', '031456783', 'chevron@gmail.com', '458, panchlaish, ctg', '', '', '01897890671', 64, 43, 2, 0, NULL, 1, '2018-10-11 12:57:51', '2018-10-11 06:57:51'),
(5, 'Family Care Hospital', 'hos_erp_header_PNG_5.PNG', NULL, 'Dr Younus', '', '', '', '', '', '', 3, 1, 3, 0, NULL, 1, '2018-10-20 21:26:03', '2018-10-20 15:26:03');

INSERT INTO `login` (`id`, `username`, `email`, `mobile_no`, `password`, `hospital_id`, `branch_id`, `role`, `status`, `referal_id`, `created_at`, `updated_at`) VALUES
(5, 'care', 'care_user@gmail.com', '01673438978', 'bVlYZE03YXZScnZaZnBhaDJPQml0Zz09', 5, 0, 3, 1, NULL, '2018-10-20 21:26:58', '2018-12-02 11:00:57'),
(8, 'care_pharmacy', 'care_user@gmail.com', '01673438978', 'bVlYZE03YXZScnZaZnBhaDJPQml0Zz09', 5, 0, 4, 1, NULL, '2018-10-20 21:26:58', '2018-12-02 11:01:04'),
(9, 'Sumon_sk', 'care_user@gmail.com', '01673438978', 'c3IybnRPSG1NL1BTdVdRT2l0cnlGQT09', 5, 0, 6, 1, NULL, '2018-10-20 21:26:58', '2018-12-13 11:36:43'),
(10, 'care_ipd', 'care_user@gmail.com', '01673438978', 'bVlYZE03YXZScnZaZnBhaDJPQml0Zz09', 5, 0, 5, 1, NULL, '2018-10-20 21:26:58', '2018-12-02 11:38:09'),
(11, 'Lab', 'care_user@gmail.com', '01673438978', 'bVlYZE03YXZScnZaZnBhaDJPQml0Zz09', 5, 0, 7, 1, NULL, '2018-10-20 21:26:58', '2018-12-02 11:38:12'),
(12, 'care_accounts', 'care_user@gmail.com', '01673438978', 'bVlYZE03YXZScnZaZnBhaDJPQml0Zz09', 5, 0, 9, 1, NULL, '2018-10-20 21:26:58', '2018-12-02 11:38:15'),
(13, 'care_reception', 'care_user@gmail.com', '01673438978', 'bVlYZE03YXZScnZaZnBhaDJPQml0Zz09', 5, 0, 8, 1, NULL, '2018-10-20 21:26:58', '2018-12-02 12:07:03');


INSERT INTO `operation_info` (`id`, `operation_name`, `price`, `created_at`, `updated_at`, `hospital_id`, `user_id`, `operation_status`) VALUES
(1, 'Nose', 6000, '2018-11-17 03:49:27', '2018-11-17 20:48:51', 5, 'care', 2),
(2, 'Ear', 45000, '2018-11-18 02:28:00', '2018-11-22 06:12:14', 5, 'care', 2),
(3, 'Appendectomy Surgery', 12000, '2018-11-22 12:12:08', '2018-11-30 09:27:32', 5, 'care', 2),
(4, 'Cesarean Operation', 10000, '2018-11-22 12:13:22', '2018-11-22 06:13:22', 5, 'care', 1),
(5, 'Normal Delivery', 5000, '2018-11-22 12:14:27', '2018-11-22 06:14:27', 5, 'care', 1),
(6, 'Tonsillectomy ', 8000, '2018-11-22 12:16:55', '2018-11-22 06:16:55', 5, 'care', 1),
(7, 'Abdominal Hysterectomy', 15000, '2018-11-22 12:19:42', '2018-11-22 06:19:42', 5, 'care', 1),
(8, 'Hernia Operation', 10000, '2018-11-22 12:21:06', '2018-11-22 06:21:06', 5, 'care', 1),
(9, 'Thyroidectomy Operation', 15000, '2018-11-22 12:22:25', '2018-11-22 06:22:25', 5, 'care', 1),
(10, 'Cholecystectomy (Gallbladder}', 10000, '2018-11-22 12:24:22', '2018-11-22 06:24:22', 5, 'care', 1),
(11, 'Sinosistis Operation', 8000, '2018-11-22 18:41:41', '2018-11-22 12:41:41', 5, 'care', 1),
(12, 'Tumur Operation', 5000, '2018-11-22 18:42:24', '2018-11-22 12:42:24', 5, 'care', 1);

INSERT INTO `product` (`id`, `p_code`, `p_name`, `p_buy_price`, `p_sell_price`, `p_unit_id`, `p_cat_id`, `p_sub_cat_id`, `p_generic_id`, `pack_size_id`, `p_opening_qty`, `p_reorder_qty`, `p_img`, `p_company_id`, `p_current_stock`, `status`, `created_at`, `updated_at`) VALUES
(1, '000001', 'orcef 200mg', 30, 35, 1, 3, 0, 1, 0, 4, 10, 'default.jpg', 1, 0, 2, '2018-11-07 21:21:04', '2018-12-04 12:46:59'),
(2, '000002\n', 'diclofen-100mg-suppo', 17.14, 20, 1, 4, 0, 8, 0, 0, 10, 'default.jpg', 5, 0, 2, '2018-11-08 10:53:17', '2018-11-08 05:22:34'),
(3, '000003\n', 'diclofen-50mgsuppo', 12.9, 15, 1, 4, 0, 8, 0, 25, 10, 'default.jpg', 5, 4, 1, '2018-11-08 10:54:47', '2018-12-28 08:20:29'),
(4, '000004\n', 'raltrox-2ml', 60, 100, 1, 2, 0, 5, NULL, 20, 5, 'Default_image', 5, 21, 1, '2018-11-08 10:57:16', '2018-12-28 18:06:16'),
(5, '000005\n', 'diclofen100mgsuppo', 17.15, 20, 1, 4, 0, 8, 0, 10, 10, 'default.jpg', 5, 4, 1, '2018-11-08 11:16:48', '2018-12-28 08:20:30'),
(6, '000006\n', 'algin2mg', 20, 25, 1, 2, 0, 11, 0, 55, 10, 'default.jpg', 1, 0, 1, '2018-11-09 09:43:27', '2018-12-04 12:47:35'),
(7, '000007\n', 'ceftizone-i\\v1gm', 100, 200, 1, 2, 0, 4, 0, 100, 10, 'default.jpg', 1, 0, 1, '2018-11-09 09:45:29', '2018-12-04 12:47:39'),
(8, '000008\n', 'ceftizone-i\\v2gm', 210, 340, 1, 2, 0, 4, 0, 32, 10, 'default.jpg', 1, 0, 1, '2018-11-09 09:46:37', '2018-12-04 12:47:42'),
(9, '000009\n', 'dexa-im/iv', 20, 25, 1, 2, 0, 12, 0, 110, 10, 'default.jpg', 1, 0, 1, '2018-11-09 09:58:35', '2018-12-04 12:47:46'),
(10, '000010\n', 'furocef-im\\iv750', 100.4, 125, 1, 2, 0, 13, 0, 11, 5, 'default.jpg', 1, 0, 1, '2018-11-09 10:03:01', '2018-12-04 12:47:49'),
(11, '000011\n', 'maxpro40mg', 60, 90, 1, 2, 0, 10, 0, 40, 5, 'default.jpg', 1, 0, 1, '2018-11-09 10:04:39', '2018-12-04 12:47:57'),
(12, '000012\n', 'oxyton5iu', 8, 10, 1, 2, 0, 14, 0, 220, 10, 'default.jpg', 1, 0, 1, '2018-11-09 10:06:24', '2018-12-04 12:50:33'),
(13, '000013\n', 'rolac30mg-im\\iv', 35, 55, 1, 2, 0, 9, 0, 120, 10, 'default.jpg', 1, 0, 1, '2018-11-09 10:11:24', '2018-12-04 12:50:33'),
(14, '000014\n', 'Rolac60mg-im\\iv', 65, 95, 0, 2, 0, 10, 0, 0, 10, 'default.jpg', 1, 0, 1, '2018-11-09 10:13:25', '2018-11-09 04:13:25'),
(15, '000015\n', 'rolac-60mg-im\\iv', 65.3, 95, 1, 2, 0, 9, 0, 40, 10, 'default.jpg', 1, 0, 1, '2018-11-09 10:23:20', '2018-12-04 12:50:33'),
(16, '000016\n', 'fenadin120mg', 7, 8, 1, 1, 0, 3, NULL, 100, 10, 'Default_image', 1, 0, 1, '2018-11-09 10:37:15', '2018-12-04 12:50:33'),
(17, '000017\n', 'fenadin60mg', 3, 4, 1, 1, 0, 3, 0, 30, 10, 'default.jpg', 1, 0, 1, '2018-11-09 10:39:10', '2018-12-04 12:50:33'),
(18, '000018\n', 'maxpro20mg-tab', 4.3, 5, 1, 1, 0, 10, 0, 700, 10, 'default.jpg', 1, 0, 1, '2018-11-09 10:41:21', '2018-12-04 12:50:33'),
(19, '000019\n', 'orcef200mg', 30, 160, 1, 3, 0, 1, 0, 160, 10, 'default.jpg', 1, 20, 1, '2018-11-09 10:45:14', '2018-12-22 04:10:52'),
(20, '000020\n', 'orcef400mg', 43, 50, 1, 3, 0, 1, NULL, 120, 10, 'Default_image', 1, 0, 1, '2018-11-09 10:47:56', '2018-12-04 12:50:33'),
(21, '000021\n', 'rolac-10mg-tab', 10.31, 12, 1, 1, 0, 9, 0, 280, 10, 'default.jpg', 1, 0, 1, '2018-11-09 10:55:48', '2018-12-04 12:50:33'),
(22, '000022\n', 'sodium-hypochlorite', 250, 400, 3, 5, 0, 0, 0, 6, 1, 'default.jpg', 6, 0, 1, '2018-11-09 14:00:31', '2018-12-04 12:50:33'),
(23, '000023\n', 'triject-iv1gm', 92, 190, 1, 2, 0, 4, 0, 250, 10, 'default.jpg', 7, 0, 1, '2018-11-09 14:06:07', '2018-12-04 12:50:33'),
(24, '000024\n', 'betadine10/1000ml', 677.64, 800, 3, 5, 0, 0, 0, 10, 1, 'default.jpg', 8, 0, 1, '2018-11-09 14:12:31', '2018-12-04 12:50:33'),
(25, '000025\n', 'electrosal-i/vinfusion-1000ml', 76.14, 92, 1, 6, 0, 0, 0, 200, 10, 'default.jpg', 9, 0, 1, '2018-11-09 15:15:21', '2018-12-04 12:50:33'),
(26, '000026\n', 'eleectrosal-i\\vinfusion500ml', 59, 71.3, 1, 6, 0, 0, NULL, 20, 5, 'Default_image', 9, 0, 1, '2018-11-09 15:18:13', '2018-12-04 12:50:33'),
(27, '000027\n', 'glucolin-i\\v1000ml', 76.14, 92, 1, 6, 0, 0, 0, 100, 10, 'default.jpg', 9, 0, 1, '2018-11-09 15:20:48', '2018-12-04 12:50:33'),
(28, '000028\n', 'kolosal-i\\vinfusion1000ml', 76.14, 92, 1, 6, 0, 0, 0, 20, 10, 'default.jpg', 9, 0, 1, '2018-11-09 15:22:52', '2018-12-04 12:50:33'),
(29, '000029\n', 'glucosal-i\\vinfusion', 83.75, 101.19, 1, 6, 0, 0, 0, 20, 10, 'default.jpg', 9, 0, 1, '2018-11-09 15:24:56', '2018-12-04 12:50:33'),
(30, '000030\n', 'normalin-i\\v1000ml', 72.31, 87.39, 1, 6, 0, 0, 0, 20, 10, 'default.jpg', 9, 0, 1, '2018-11-09 15:26:39', '2018-12-04 12:50:33'),
(31, '000031\n', 'glucolin-ds-i\\v1000ml', 87.55, 110, 1, 6, 0, 0, 0, 20, 10, 'default.jpg', 9, 0, 1, '2018-11-09 15:36:42', '2018-12-04 12:50:33'),
(32, '000032\n', 'meena[sanitary-napkin]', 32, 80, 1, 7, 0, 0, 0, 150, 10, 'default.jpg', 10, 0, 1, '2018-11-10 10:56:19', '2018-12-04 12:50:33'),
(33, '000033\n', 'than-gauge[14y]', 120, 200, 1, 0, 0, 0, 0, 40, 5, 'default.jpg', 10, 0, 1, '2018-11-10 10:58:54', '2018-12-04 12:50:33'),
(34, '000034\n', 'cotton[400gm]', 120, 200, 1, 0, 0, 0, NULL, 20, 10, 'Default_image', 10, 0, 1, '2018-11-10 11:00:21', '2018-12-04 12:50:33'),
(35, '000035\n', 'ephidin', 87, 200, 1, 2, 0, 16, NULL, 20, 5, 'Default_image', 9, 0, 1, '2018-11-10 11:12:50', '2018-12-04 12:50:33'),
(36, '000036\n', 'ranitid50mg[ing]', 8.57, 10, 1, 2, 0, 17, 0, 30, 5, 'default.jpg', 5, 0, 1, '2018-11-10 12:12:11', '2018-12-04 12:50:33'),
(37, '000037\n', 'cotson100mg[ing]', 43.17, 50, 1, 2, 0, 7, 0, 10, 5, 'default.jpg', 5, 0, 1, '2018-11-10 12:16:01', '2018-12-04 12:50:33'),
(38, '000038\n', 'esotid40mg', 45, 90, 1, 2, 0, 10, 0, 10, 5, 'default.jpg', 5, 0, 1, '2018-11-10 12:18:46', '2018-12-04 12:50:33'),
(39, '000039\n', 'ometid40mg[ing]', 45, 90, 1, 2, 0, 19, 0, 10, 5, 'default.jpg', 5, 0, 1, '2018-11-10 12:21:01', '2018-12-04 12:50:33'),
(40, '000040\n', 'pantid40mg[ing]', 45, 90, 1, 2, 0, 20, 0, 24, 5, 'default.jpg', 5, 0, 1, '2018-11-10 12:22:47', '2018-12-04 12:50:33'),
(41, '000041\n', 'Linda-ds[ing]', 20, 35, 1, 2, 0, 14, NULL, 40, 5, 'Default_image', 11, 0, 1, '2018-11-10 13:01:06', '2018-12-04 12:50:33'),
(42, '000042\n', 'neostig[ing]', 5.4, 10, 1, 2, 0, 22, 0, 25, 5, 'default.jpg', 9, 0, 1, '2018-11-10 13:02:47', '2018-12-04 12:50:33'),
(43, '000043\n', 'ketalar[ing]', 115, 150, 1, 2, 0, 21, 0, 5, 1, 'default.jpg', 9, 0, 1, '2018-11-10 13:04:06', '2018-12-04 12:50:33'),
(44, '000044\n', 'salin-set', 24, 40, 1, 8, 0, 0, 0, 80, 10, 'default.jpg', 12, 0, 1, '2018-11-10 14:58:37', '2018-12-04 12:50:33'),
(45, '000045\n', 'vesofix-i\\vcanolla-18G', 64, 100, 1, 8, 0, 0, 0, 50, 5, 'default.jpg', 12, 0, 1, '2018-11-10 15:00:18', '2018-12-04 12:50:33'),
(46, '000046\n', 'vesofix-iv-canolla20G', 58, 100, 1, 8, 0, 0, 0, 30, 5, 'default.jpg', 12, 0, 1, '2018-11-10 15:01:55', '2018-12-04 12:50:33'),
(47, '000047\n', 'vasofix-iv-canolla22G', 60, 100, 1, 8, 0, 0, NULL, 20, 5, 'Default_image', 12, 0, 1, '2018-11-10 15:03:01', '2018-12-04 12:50:33'),
(48, '000048\n', 'vasofix-ivcanolla24G', 63, 120, 1, 8, 0, 0, 0, 50, 5, 'default.jpg', 12, 0, 1, '2018-11-10 15:04:21', '2018-12-04 12:50:33'),
(49, '000049\n', 'i\\vcanolla[n]18', 14, 50, 1, 8, 0, 0, 0, 120, 5, 'default.jpg', 12, 0, 1, '2018-11-10 15:06:20', '2018-12-04 12:50:33'),
(50, '000050\n', 'i/vcanolla[n]20G', 14, 50, 1, 8, 0, 0, 0, 0, 5, 'default.jpg', 12, 0, 1, '2018-11-10 15:07:24', '2018-11-10 09:07:24'),
(51, '000051\n', 'i\\vcanolla22G', 14, 50, 1, 8, 0, 0, 0, 0, 5, 'default.jpg', 12, 0, 1, '2018-11-10 15:08:21', '2018-11-10 09:08:21'),
(52, '000052\n', 'spinal\\needlee25G', 80, 100, 1, 8, 0, 0, 0, 25, 5, 'default.jpg', 12, 0, 1, '2018-11-10 15:11:00', '2018-12-04 12:50:33'),
(53, '000053\n', 'catheer[bardia]14', 95, 150, 1, 8, 0, 0, NULL, 10, 5, 'Default_image', 12, 0, 1, '2018-11-10 15:13:46', '2018-12-04 12:50:33'),
(54, '000054\n', 'catheter [bardia]16', 95, 150, 1, 8, 0, 0, NULL, 10, 5, 'Default_image', 12, 0, 1, '2018-11-10 15:15:34', '2018-12-04 12:50:33'),
(55, '000055\n', 'catheter [normal]14', 30, 100, 1, 8, 0, 0, 0, 10, 5, 'default.jpg', 12, 0, 1, '2018-11-10 15:17:39', '2018-12-04 12:50:33'),
(56, '000056\n', 'catheter [normal]16', 30, 100, 1, 8, 0, 0, 0, 10, 5, 'default.jpg', 12, 0, 1, '2018-11-10 15:19:26', '2018-12-04 12:50:33'),
(57, '000057\n', 'urine Bag', 17.5, 40, 1, 8, 0, 0, NULL, 40, 5, 'Default_image', 12, 0, 1, '2018-11-10 15:21:32', '2018-12-04 12:50:33'),
(58, '000058\n', 'cord clam', 6, 20, 0, 8, 0, 0, 0, 0, 5, 'default.jpg', 12, 0, 1, '2018-11-10 15:22:25', '2018-11-10 09:22:25'),
(59, '000059\n', 'E-T tube', 41, 80, 1, 8, 0, 0, 0, 54, 5, 'default.jpg', 12, 0, 1, '2018-11-10 15:24:07', '2018-12-04 12:50:33'),
(60, '000060\n', 'Gloves [comfit]', 37, 50, 1, 8, 0, 0, 0, 150, 5, 'default.jpg', 12, 0, 1, '2018-11-10 15:27:31', '2018-12-04 12:50:33'),
(61, '000061\n', 'prolin 2\\0[c]', 212.5, 350, 1, 8, 0, 0, 0, 12, 5, 'default.jpg', 12, 0, 1, '2018-11-10 15:29:05', '2018-12-04 12:50:33'),
(62, '000062\n', 'atropine', 6.5, 10, 1, 2, 0, 0, 0, 30, 5, 'default.jpg', 12, 0, 1, '2018-11-10 15:31:55', '2018-12-04 12:50:33'),
(63, '000063\n', 'paloxi', 80, 100, 1, 2, 0, 23, 0, 2, 1, 'default.jpg', 0, 0, 1, '2018-11-11 15:11:38', '2018-12-04 12:50:33'),
(64, '000064\n', 'k-one', 30, 35, 1, 2, 0, 0, 0, 1, 1, 'default.jpg', 0, 0, 1, '2018-11-11 15:12:20', '2018-12-04 12:50:33'),
(65, '000065\n', 'cord-clam', 6, 20, 1, 8, 0, 0, 0, 50, 10, 'default.jpg', 12, 0, 1, '2018-11-11 15:41:09', '2018-12-04 12:50:33'),
(66, '000066\n', 'prolin 2\\0[r]', 218, 350, 1, 8, 0, 0, NULL, 6, 5, 'Default_image', 12, 0, 1, '2018-11-11 15:51:19', '2018-12-04 12:50:33'),
(67, '000067\n', 'cat gut1', 125, 200, 1, 8, 0, 0, NULL, 24, 5, 'Default_image', 12, 0, 1, '2018-11-11 15:57:28', '2018-12-04 12:50:33'),
(68, '000068\n', 'cat gut 0', 95.83, 150, 1, 8, 0, 0, 0, 12, 5, 'default.jpg', 12, 0, 1, '2018-11-11 15:59:12', '2018-12-04 12:50:33'),
(69, '000069\n', 'vicryl 0[r]', 265, 400, 1, 8, 0, 0, 0, 12, 5, 'default.jpg', 12, 0, 1, '2018-11-11 16:01:06', '2018-12-04 12:50:33'),
(70, '000070\n', 'vicryl 1', 112.5, 200, 1, 8, 0, 0, NULL, 12, 5, 'Default_image', 12, 0, 1, '2018-11-11 16:31:57', '2018-12-04 12:50:33'),
(71, '000071\n', 'madi -tape-2\'\'', 74.16, 200, 1, 8, 0, 0, NULL, 24, 10, 'Default_image', 12, 0, 1, '2018-11-11 16:42:40', '2018-12-04 12:50:33'),
(72, '000072\n', 'madi-tap-1\'\'', 55.63, 100, 1, 8, 0, 0, 0, 24, 10, 'default.jpg', 12, 0, 1, '2018-11-11 16:43:40', '2018-12-04 12:50:33'),
(73, '000073\n', 'feeding-tube', 14, 50, 1, 8, 0, 0, 0, 20, 5, 'default.jpg', 12, 0, 1, '2018-11-11 16:44:48', '2018-12-04 12:50:33'),
(74, '000074\n', 'blood-bag', 68, 150, 1, 8, 0, 0, NULL, 10, 2, 'Default_image', 12, 0, 1, '2018-11-11 16:45:55', '2018-12-04 12:50:33'),
(75, '000075\n', 'blood-set', 30, 50, 1, 8, 0, 0, 0, 10, 2, 'default.jpg', 12, 0, 1, '2018-11-11 16:46:53', '2018-12-04 12:50:33'),
(76, '000076\n', 'buriet-set', 92, 150, 1, 8, 0, 0, 0, 10, 5, 'default.jpg', 12, 0, 1, '2018-11-11 16:48:28', '2018-12-04 12:50:33'),
(77, '000077\n', 'silk-0/1', 112.5, 200, 1, 8, 0, 0, 0, 12, 2, 'default.jpg', 12, 0, 1, '2018-11-11 16:49:43', '2018-12-04 12:50:33'),
(78, '000078\n', 'D-water', 5.2, 10, 1, 8, 0, 0, 0, 50, 10, 'default.jpg', 12, 0, 1, '2018-11-11 16:51:57', '2018-12-04 12:50:33'),
(79, '000079\n', 'propofol1gm', 180, 250, 1, 8, 0, 0, NULL, 10, 2, 'Default_image', 12, 0, 1, '2018-11-11 16:54:43', '2018-12-04 12:50:33'),
(80, '000080\n', 'suxa', 7.8, 150, 1, 8, 0, 0, NULL, 20, 5, 'Default_image', 12, 0, 1, '2018-11-11 16:59:09', '2018-12-04 12:50:33'),
(81, '000081\n', 'vencur', 150, 200, 1, 2, 0, 0, 0, 10, 10, 'default.jpg', 12, 0, 1, '2018-11-11 17:00:22', '2018-12-04 12:50:33'),
(82, '000082\n', 'Fentyl', 35.33, 50, 1, 2, 0, 24, 0, 25, 5, 'default.jpg', 9, 0, 1, '2018-11-18 13:58:23', '2018-12-04 12:50:33'),
(83, '000083\n', 'paloxi', 65.65, 75, 1, 2, 0, 0, 0, 20, 6, 'default.jpg', 13, 0, 1, '2018-11-18 14:05:30', '2018-12-04 12:50:33'),
(84, '000084\n', 'Handiwash 250ml', 70, 100, 1, 5, 0, 0, NULL, 12, 2, 'Default_image', 14, 0, 1, '2018-11-18 14:13:46', '2018-12-04 12:50:33'),
(85, '000085\n', 'kacin 500mg', 45, 48, 1, 2, 0, 26, 0, 2, 1, 'default.jpg', 16, 0, 1, '2018-11-21 12:19:30', '2018-12-04 12:50:33'),
(86, '000086\n', 'traxyl500mg', 50, 55, 1, 2, 0, 11, 0, 1, 1, 'default.jpg', 11, 0, 1, '2018-11-21 12:20:29', '2018-12-04 12:50:33'),
(87, '000087\n', 'metharspon', 15, 20, 1, 2, 0, 0, 0, 1, 1, 'default.jpg', 5, 0, 1, '2018-11-21 12:21:36', '2018-12-04 12:50:33'),
(88, '000088\n', 'diasolin 40mg', 190, 210, 1, 2, 0, 0, 0, 1, 1, 'default.jpg', 16, 0, 1, '2018-11-21 12:31:42', '2018-12-04 12:50:33'),
(89, '000089\n', 'sryng 3cc', 3.05, 5, 1, 9, 0, 0, NULL, 1200, 10, 'Default_image', 17, 0, 1, '2018-11-21 12:37:18', '2018-12-04 12:50:33'),
(90, '000090\n', 'sryng 5cc', 3.1, 5, 1, 9, 0, 0, 0, 2400, 10, 'default.jpg', 17, 0, 1, '2018-11-21 12:40:24', '2018-12-04 12:50:33'),
(91, '000091\n', 'syntocin ing', 7, 10, 1, 2, 0, 0, 0, 200, 10, 'default.jpg', 18, 0, 1, '2018-11-21 12:49:19', '2018-12-04 12:50:33'),
(92, '000092\n', 'Flux 500mg', 7.72, 10, 1, 3, 0, 27, 0, 280, 10, 'default.jpg', 5, 0, 1, '2018-11-21 12:55:10', '2018-12-04 12:50:33'),
(93, '000093\n', 'Easium 10mg[supp]', 2.58, 5, 1, 4, 0, 0, 0, 10, 5, 'default.jpg', 5, 0, 1, '2018-11-21 12:59:10', '2018-12-04 12:50:33'),
(94, '000094\n', 'xamici/m-i/v500my', 40.145, 50, 1, 2, 0, 11, 0, 55, 10, 'default.jpg', 1, 0, 1, '2018-11-21 13:05:33', '2018-12-04 12:50:33'),
(95, '000095\n', 'mez i/v100mg', 56.21, 70, 1, 2, 0, 6, 0, 22, 5, 'default.jpg', 1, 0, 1, '2018-11-25 10:44:28', '2018-12-04 12:50:33'),
(96, '000096\n', 'ceftid 200mg', 30.11, 35, 1, 0, 0, 1, 0, 120, 10, 'default.jpg', 0, 0, 1, '2018-11-25 10:47:21', '2018-12-04 12:50:33'),
(97, '000097\n', 'raltrox 2ml', 65, 100, 1, 2, 0, 0, 0, 20, 5, 'default.jpg', 5, 0, 1, '2018-11-25 10:50:29', '2018-12-04 12:50:33'),
(98, '000098\n', 'esotid 40mg', 45, 90, 1, 2, 0, 10, 0, 0, 2, 'default.jpg', 5, 0, 1, '2018-11-25 10:54:08', '2018-11-25 04:54:08'),
(99, '000099\n', 'domin 10mg', 2.14, 2.5, 1, 1, 0, 0, 0, 200, 10, 'default.jpg', 5, 0, 1, '2018-11-25 11:08:29', '2018-12-04 12:50:33'),
(100, '000100\n', 'metryl 400mg', 1.0915, 2, 1, 1, 0, 0, NULL, 100, 10, 'Default_image', 5, 0, 1, '2018-11-25 11:10:04', '2018-12-04 12:50:33'),
(101, '000101\n', 'pase o.5mg', 5.14, 6, 1, 1, 0, 0, 0, 50, 10, 'default.jpg', 5, 0, 1, '2018-11-25 11:11:21', '2018-12-04 12:50:33'),
(102, '000102\n', 'renova xr', 1.28, 2, 1, 1, 0, 0, 0, 100, 10, 'default.jpg', 5, 0, 1, '2018-11-25 11:12:55', '2018-12-04 12:50:33'),
(103, '000103\n', 'vasco250mg', 1.62, 2, 1, 1, 0, 0, 0, 200, 10, 'default.jpg', 5, 0, 1, '2018-11-25 11:14:02', '2018-12-04 12:50:33'),
(104, '000104\n', 'ranitid 50mg', 8.57, 20, 1, 2, 0, 0, 0, 0, 5, 'default.jpg', 5, 0, 1, '2018-11-25 11:17:28', '2018-11-25 05:17:28'),
(105, '000105\n', 'vergon12.5mg', 4.3, 5, 1, 2, 0, 0, 0, 50, 10, 'default.jpg', 5, 0, 1, '2018-11-25 11:18:39', '2018-12-04 12:50:33'),
(106, '000106\n', 'traxyl 500mg', 52.8, 70, 1, 2, 0, 11, 0, 10, 5, 'default.jpg', 11, 0, 1, '2018-11-25 11:37:05', '2018-12-04 12:50:33'),
(107, '000107\n', 'todol', 8.6, 10, 1, 1, 0, 0, 0, 210, 10, 'default.jpg', 5, 0, 1, '2018-11-29 10:56:42', '2018-12-04 12:50:33'),
(108, '000108\n', 'vergon', 0.4, 1, 1, 1, 0, 0, 0, 408, 10, 'default.jpg', 5, 0, 1, '2018-11-29 10:58:52', '2018-12-04 12:50:33'),
(109, '000109\n', 'traxon 1gm', 80, 190, 1, 2, 0, 4, 0, 2, 1, 'default.jpg', 5, 0, 1, '2018-11-29 11:15:18', '2018-12-04 12:50:33'),
(110, '000110\n', 'metro i/v', 32.4, 50, 1, 2, 0, 6, 0, 5, 1, 'default.jpg', 0, 0, 1, '2018-11-29 11:18:11', '2018-12-04 12:50:33'),
(111, '000111\n', 'metorid i/v', 32, 50, 1, 2, 0, 6, 0, 6, 1, 'default.jpg', 0, 0, 1, '2018-11-29 11:24:30', '2018-12-04 12:50:33'),
(112, '000112\n', 'viseralgin i/v', 22, 35, 1, 2, 0, 11, 0, 8, 1, 'default.jpg', 0, 0, 1, '2018-11-29 11:25:52', '2018-12-04 12:50:33'),
(113, '000113\n', 'nor -Q', 145, 200, 1, 2, 0, 0, 0, 0, 2, 'default.jpg', 2, 0, 1, '2018-11-29 14:58:49', '2018-11-29 08:58:49'),
(114, '000114\n', 'Etorix60mg', 37.55, 90, 1, 2, 0, 0, 0, 0, 2, 'default.jpg', 2, 0, 1, '2018-11-29 15:01:39', '2018-11-29 09:01:39'),
(115, '000115\n', 'super cryl', 120, 250, 1, 8, 0, 0, 0, 0, 3, 'default.jpg', 0, 0, 1, '2018-11-29 15:07:31', '2018-11-29 09:07:31'),
(116, '000116\n', 'D-sorb', 120, 250, 1, 8, 0, 0, 0, 0, 2, 'default.jpg', 0, 0, 1, '2018-11-29 15:09:27', '2018-11-29 09:09:27'),
(117, '000117\n', 'sutapac-2', 62, 150, 1, 8, 0, 0, 0, 0, 3, 'default.jpg', 0, 0, 1, '2018-11-29 15:11:48', '2018-11-29 09:11:48'),
(118, '000118\n', 'easium ing', 5, 10, 1, 2, 0, 0, 0, 0, 5, 'default.jpg', 5, 0, 1, '2018-11-29 15:13:23', '2018-11-29 09:13:23'),
(119, '000119\n', 'Filmet ing', 43, 55, 1, 2, 0, 0, 0, 0, 5, 'default.jpg', 3, 0, 1, '2018-11-29 15:14:56', '2018-11-29 09:14:56'),
(120, '000120\n', 'E. T tube 7', 40, 100, 1, 8, 0, 0, 0, 10, 2, 'default.jpg', 0, 0, 1, '2018-11-29 16:08:56', '2018-12-04 12:50:33'),
(121, '000121\n', 'H2 02', 23.33, 40, 1, 8, 0, 0, 0, 12, 2, 'default.jpg', 0, 0, 1, '2018-11-29 16:10:19', '2018-12-04 12:50:33'),
(122, '000122\n', 'lasix ing', 26, 50, 1, 0, 0, 0, 0, 25, 5, 'default.jpg', 0, 0, 1, '2018-11-29 16:14:54', '2018-12-04 12:50:33'),
(123, '000123\n', 'avil ing', 22.4, 40, 1, 2, 0, 0, 0, 25, 5, 'default.jpg', 0, 0, 1, '2018-11-29 16:17:41', '2018-12-04 12:50:33'),
(124, '000124\n', 'prolin  mash', 950, 2000, 1, 8, 0, 0, 0, 5, 1, 'default.jpg', 0, 0, 1, '2018-11-29 16:28:22', '2018-12-04 12:50:33'),
(125, '000125\n', 'sutu pack 2', 65, 100, 1, 8, 0, 0, 0, 12, 2, 'default.jpg', 0, 0, 1, '2018-11-29 16:29:46', '2018-12-04 12:50:33');

INSERT INTO `service_info` (`id`, `service_name`, `service_code`, `service_price`, `created_at`, `updated_at`, `service_type`, `service_status`, `user_id`, `hospital_id`) VALUES
(1, 'Oxygen', NULL, 5000.00, '2018-11-18 03:19:06', '2018-11-22 06:25:38', 2, 2, 'care', 5),
(2, 'Nebulizer', NULL, 500.00, '2018-11-18 03:24:36', '2018-11-17 21:39:14', 1, 2, 'care', 5),
(3, 'Surgion Fee', NULL, 4000.00, '2018-11-22 12:27:24', '2018-11-22 06:27:24', 0, 1, 'care', 5),
(4, 'Anesthesia Fee', NULL, 2000.00, '2018-11-22 12:28:02', '2018-11-22 06:28:02', 0, 1, 'care', 5),
(5, 'Assist Fee', NULL, 1000.00, '2018-11-22 12:28:18', '2018-11-22 06:28:18', 0, 1, 'care', 5),
(6, 'Daily Service Fee', NULL, 500.00, '2018-11-22 12:29:17', '2018-11-22 06:29:43', 1, 2, 'care', 5),
(7, 'Daily Service Fee', NULL, 500.00, '2018-11-22 12:29:51', '2018-11-22 12:40:30', 0, 2, 'care', 5),
(8, 'Canulla fitting', NULL, 200.00, '2018-11-22 12:33:57', '2018-11-22 06:33:57', 0, 1, 'care', 5),
(9, 'Catheter fitting', NULL, 400.00, '2018-11-22 12:34:57', '2018-11-22 06:34:57', 0, 1, 'care', 5),
(10, 'Rich Tube fetting', NULL, 500.00, '2018-11-22 12:36:11', '2018-11-22 06:36:11', 0, 1, 'care', 5),
(11, 'Consultant Fee', NULL, 500.00, '2018-11-22 12:36:35', '2018-11-22 06:36:35', 0, 1, 'care', 5),
(12, 'Duty Doctor Fee', NULL, 300.00, '2018-11-22 12:36:54', '2018-11-22 06:36:54', 0, 1, 'care', 5),
(13, 'Ogygen Fee', NULL, 200.00, '2018-11-22 12:37:14', '2018-11-22 06:37:14', 0, 1, 'care', 5),
(14, 'Nabulizer Fee', NULL, 200.00, '2018-11-22 12:38:10', '2018-11-22 06:38:10', 0, 1, 'care', 5),
(15, 'dressing Fee', NULL, 500.00, '2018-11-22 12:39:48', '2018-11-22 06:39:48', 0, 1, 'care', 5),
(16, 'Service Charge (Nursing)', NULL, 500.00, '2018-11-22 18:41:04', '2018-11-22 12:41:04', 0, 1, 'care', 5);


INSERT INTO `supplier` (`id`, `supp_name`, `supp_phone`, `supp_address`, `status`, `created_at`, `updated_at`) VALUES
(1, 'rakib', '01721266012', 'ctg', 2, '2018-11-07 21:18:54', '2018-11-07 15:18:54'),
(2, 'opsonin', '01916833633', 'chadpur', 1, '2018-11-08 11:11:59', '2018-11-08 05:11:59'),
(3, 'masum billa', '01847127506', 'renata', 1, '2018-11-08 17:26:18', '2018-11-08 11:26:18'),
(4, 'greenland-pharma', '01916833633', 'dhaka', 1, '2018-11-09 13:52:22', '2018-11-09 07:52:22'),
(5, 'SK-F', '01916833633', 'dhk', 1, '2018-11-09 14:03:29', '2018-11-09 08:03:29'),
(6, 'city-overseas', '01916833633', 'dhk', 1, '2018-11-09 14:08:11', '2018-11-09 08:08:11'),
(7, 'popular', '01916833633', 'dhk', 1, '2018-11-09 15:08:09', '2018-11-09 09:08:09'),
(8, 'zm-surgical', '01916833633', 'chadpur', 1, '2018-11-10 10:51:02', '2018-11-10 04:51:02'),
(9, 'nabana[pharmacy', '01916833633', 'chadpur', 1, '2018-11-10 11:08:53', '2018-11-10 05:08:53'),
(10, 'saymon-surgical', '01977016905', 'chadpur', 1, '2018-11-10 11:39:31', '2018-11-10 05:39:31'),
(11, 'Beacon', '01916833633', 'chadpur', 1, '2018-11-18 14:00:57', '2018-11-18 08:00:57'),
(12, 'General', '01916833633', 'chadpur', 1, '2018-11-18 14:10:04', '2018-11-18 08:10:04'),
(13, 'Nuvista', '01916833633', 'chadpur', 1, '2018-11-18 14:56:29', '2018-11-18 08:56:29'),
(14, 'R F L', '01916833633', 'chadpur', 1, '2018-11-21 12:33:43', '2018-11-21 06:33:43'),
(15, 'Techno drugs ltd', '01916833633', 'chadpur', 1, '2018-11-21 12:45:08', '2018-11-21 06:45:08'),
(16, 'RENATA limited', '01916833633', 'chadpur', 1, '2018-11-21 13:08:10', '2018-11-21 07:08:10');


INSERT INTO `unit_info` (`id`, `unit`, `status`, `created_at`, `updated_at`) VALUES
(1, 'pcs', 1, NULL, '2018-11-07 15:19:03'),
(2, 'box', 1, NULL, '2018-11-07 15:19:06'),
(3, 'pot', 1, NULL, '2018-11-09 07:55:47');