/*
SQLyog Community Edition- MySQL GUI v6.15
MySQL - 5.6.25 : Database - hospital_erp_final
*********************************************************************
*/

/*!40101 SET NAMES utf8 */;

/*!40101 SET SQL_MODE=''*/;

create database if not exists `hospital_erp_final`;

USE `hospital_erp_final`;

/*!40014 SET @OLD_FOREIGN_KEY_CHECKS=@@FOREIGN_KEY_CHECKS, FOREIGN_KEY_CHECKS=0 */;
/*!40101 SET @OLD_SQL_MODE=@@SQL_MODE, SQL_MODE='NO_AUTO_VALUE_ON_ZERO' */;

/*Table structure for table `acc_group` */

DROP TABLE IF EXISTS `acc_group`;

CREATE TABLE `acc_group` (
  `groupid` int(150) NOT NULL,
  `group_title` varchar(250) COLLATE utf8_unicode_ci DEFAULT NULL,
  `group_code` int(150) DEFAULT NULL,
  `add_date` int(150) DEFAULT NULL
) ENGINE=InnoDB DEFAULT CHARSET=utf8 COLLATE=utf8_unicode_ci;

/*Data for the table `acc_group` */

insert  into `acc_group`(`groupid`,`group_title`,`group_code`,`add_date`) values (1,'Assets',101,NULL),(2,'Liabilities',102,NULL),(3,'Income',103,NULL),(4,'Expense',104,NULL),(5,'Capital',105,NULL);

/*Table structure for table `acc_head` */

DROP TABLE IF EXISTS `acc_head`;

CREATE TABLE `acc_head` (
  `head_id` int(150) NOT NULL,
  `acc_head_title` varchar(250) COLLATE utf8_unicode_ci DEFAULT NULL,
  `acc_head_code` varchar(250) COLLATE utf8_unicode_ci DEFAULT NULL,
  `hospital_id` int(150) DEFAULT NULL,
  `add_date` date DEFAULT NULL,
  `add_date_time` datetime DEFAULT NULL,
  `head_status` int(150) DEFAULT '1',
  `group_id` int(150) DEFAULT NULL,
  `current_balance` double(10,2) DEFAULT '0.00',
  `opening_balance` double(10,2) DEFAULT '0.00',
  `add_by` int(150) DEFAULT NULL
) ENGINE=InnoDB DEFAULT CHARSET=utf8 COLLATE=utf8_unicode_ci;

/*Data for the table `acc_head` */

insert  into `acc_head`(`head_id`,`acc_head_title`,`acc_head_code`,`hospital_id`,`add_date`,`add_date_time`,`head_status`,`group_id`,`current_balance`,`opening_balance`,`add_by`) values (1,'Salary','202',5,'2018-11-02',NULL,1,1,0.00,0.00,NULL),(2,'Entertainment','202',5,'2018-11-02',NULL,1,4,0.00,0.00,NULL),(3,'okoko','25000',5,'2018-11-07','2018-11-07 22:00:45',1,1,0.00,50000.00,5),(4,'Investment','503',5,'2018-11-07','2018-11-07 22:02:25',1,1,0.00,70000.00,5);

/*Table structure for table `admin_type` */

DROP TABLE IF EXISTS `admin_type`;

CREATE TABLE `admin_type` (
  `id` int(11) NOT NULL AUTO_INCREMENT,
  `admin_type` varchar(255) CHARACTER SET utf8 COLLATE utf8_unicode_ci DEFAULT NULL COMMENT '1=Software Superadmin,2=Software Agent,3=Hospital Admin,4=Hospital Subadmin,5=Hospital IPD,6=Hospital OPD,7=Hospital Pharmacy',
  `status` int(11) NOT NULL DEFAULT '1',
  PRIMARY KEY (`id`)
) ENGINE=InnoDB DEFAULT CHARSET=latin1;

/*Data for the table `admin_type` */

/*Table structure for table `area` */

DROP TABLE IF EXISTS `area`;

CREATE TABLE `area` (
  `area_id` int(150) NOT NULL AUTO_INCREMENT,
  `area_title` varchar(250) COLLATE utf8_unicode_ci DEFAULT NULL,
  `area_title_bangla` varchar(250) COLLATE utf8_unicode_ci DEFAULT NULL,
  `description` text COLLATE utf8_unicode_ci,
  `add_date` timestamp NOT NULL DEFAULT CURRENT_TIMESTAMP ON UPDATE CURRENT_TIMESTAMP,
  `division_id` int(11) NOT NULL,
  `district_id` int(150) DEFAULT NULL,
  `area_st` int(150) DEFAULT NULL,
  PRIMARY KEY (`area_id`)
) ENGINE=InnoDB AUTO_INCREMENT=199 DEFAULT CHARSET=utf8 COLLATE=utf8_unicode_ci;

/*Data for the table `area` */

insert  into `area`(`area_id`,`area_title`,`area_title_bangla`,`description`,`add_date`,`division_id`,`district_id`,`area_st`) values (1,'mirpur','মিরপুর','','2017-12-20 05:34:16',3,1,NULL),(2,'Uttara','উত্তরা','','2017-12-20 05:34:56',3,1,NULL),(3,'Dhanmondi','ধানমন্ডি','','2017-12-20 05:35:56',3,1,NULL),(4,'Gulshan','গুলশান','','2017-12-20 05:36:54',3,1,NULL),(5,'Mohammadpur','মোহাম্মদপুর','','2017-12-20 05:38:01',3,1,NULL),(6,'Elephant Road','এলিফ্যান্ট রোড','','2017-12-20 05:44:21',3,1,NULL),(7,'Wari','ওয়ারী','','2017-12-20 05:44:54',3,1,NULL),(8,'Kawranbazar','কাওরানবাজার','','2017-12-20 05:45:38',3,1,NULL),(9,'Kafrul','কাফরুল','','2017-12-20 05:47:56',3,1,NULL),(10,'Kamrangirchar','কামরাঙ্গীরচর','','2017-12-20 05:49:06',3,1,NULL),(11,'Keraniganj','কেরানীগঞ্জ','','2017-12-20 05:50:16',3,1,NULL),(12,'Kotowali','কোতোয়ালী','','2017-12-20 05:50:51',3,1,NULL),(13,'Cantonment','ক্যান্টনমেন্ট','','2017-12-20 05:51:25',3,1,NULL),(14,'Khilkhet','খিলক্ষেত','','2017-12-20 05:52:39',3,1,NULL),(15,'Khilgaon','খিলগাঁও','','2017-12-20 05:53:31',3,1,NULL),(16,'Chaukbazar','চকবাজার','','2017-12-20 05:54:05',3,1,NULL),(17,'Tongi','টঙ্গী','','2017-12-20 05:54:29',3,1,NULL),(18,'Demra','ডেমরা','','2017-12-20 05:55:10',3,1,NULL),(19,'Tejgaon','তেজগাঁও','','2017-12-20 05:55:42',3,1,NULL),(20,'Dohar','দোহার','','2017-12-20 05:56:29',3,1,NULL),(21,'Dhamrai','ধামরাই','','2017-12-20 05:56:57',3,1,NULL),(22,'Nawabganj','নবাবগঞ্জ','','2017-12-20 05:57:31',3,1,NULL),(23,'New market','নিউমার্কেট','','2017-12-20 05:57:58',3,1,NULL),(24,'Paltan','পল্টন','','2017-12-20 05:58:29',3,1,NULL),(25,'Purbachal','পূর্বাচল','','2017-12-20 05:58:59',3,1,NULL),(26,'Bangshal','বংশাল','','2017-12-20 05:59:38',3,1,NULL),(27,'Banani','বনানী','','2017-12-20 05:59:57',3,1,NULL),(28,'Banani DHOS','বনানী ডিওএইচএস','','2017-12-20 06:00:37',3,1,NULL),(29,'Bashundhara','বসুন্ধরা','','2017-12-20 06:01:04',3,1,NULL),(30,'Bangla-motor','বাংলামোটর','','2017-12-20 06:02:10',3,1,NULL),(31,'Badda','বাড্ডা','','2017-12-20 06:02:40',3,1,NULL),(32,'Baridhara','বারিধারা','','2017-12-20 06:03:04',3,1,NULL),(33,'Basabo','বাসাবো','','2017-12-20 06:03:35',3,1,NULL),(34,'Mogbazar','মগবাজার','','2017-12-20 06:04:01',3,1,NULL),(35,'Motijheel','মতিঝিল','','2017-12-20 06:05:46',3,35,NULL),(36,'Mohakali','মহাখালী','','2017-12-20 06:05:09',3,1,NULL),(37,'Mohakali DOHS','মহাখালী ডিওএইচএস','','2017-12-20 06:06:40',3,1,NULL),(38,'Malibag','মালিবাগ','','2017-12-20 06:07:05',3,1,NULL),(39,'Mirpur DOHS','মিরপুর ডিওএইচএস','','2017-12-20 06:07:43',3,1,NULL),(40,'Jattarabadi','যাত্রাবাড়ি','','2017-12-20 06:08:44',3,1,NULL),(41,'Ramna','রমনা','','2017-12-20 06:09:11',3,1,NULL),(42,'Rampura','রামপুরা','','2017-12-20 06:09:36',3,1,NULL),(43,'Lalbag','লালবাগ','','2017-12-20 06:10:04',3,1,NULL),(44,'Shajahanpur','শাজাহানপুর','','2017-12-20 06:10:37',3,1,NULL),(45,'Savar','সাভার','','2017-12-20 06:11:00',3,1,NULL),(46,'Sutrapur','সুত্রাপুর','','2017-12-20 06:11:45',3,1,NULL),(47,'Hazaribag','হাজারীবাগ','','2017-12-20 06:12:27',3,1,NULL),(48,'Agrabad','আগ্রাবাদ','','2017-12-20 06:16:07',2,43,NULL),(49,'Chawkbazar','চকবাজার','','2017-12-20 06:16:57',2,43,NULL),(50,'Halishahar','হালিশহর','','2017-12-20 06:17:52',2,43,NULL),(51,'Nasribad','নাসিরাবাদ','','2017-12-20 06:18:16',2,43,NULL),(52,'Chandgaon','চাঁদগাও','','2017-12-20 06:19:29',2,43,NULL),(53,'Anowara','আনোয়ারা','','2017-12-20 06:35:22',2,43,NULL),(54,'Anderkilla','আন্দরকিল্লা','','2017-12-20 06:36:10',2,43,NULL),(55,'Karnafuly','কর্ণফুলী','','2017-12-20 06:36:53',2,43,NULL),(56,'Cornelhat','কর্নেলহাট','','2017-12-20 06:37:21',2,43,NULL),(57,'Kotwali','কোতয়ালী','','2017-12-20 06:37:53',2,43,NULL),(58,'Khulshi','খুলশি','','2017-12-20 06:38:14',2,43,NULL),(59,'Chandanaish','চন্দনাঈশ','','2017-12-20 06:38:48',2,43,NULL),(60,'Jamalkhan','জামালখান','','2017-12-20 06:39:30',2,43,NULL),(61,'Double mooring','ডাবল মুরিং','','2017-12-20 06:39:57',2,43,NULL),(62,'Patiya','পটিয়া','','2017-12-20 06:40:21',2,43,NULL),(63,'Patenga','পতেঙ্গা','','2017-12-20 06:40:47',2,43,NULL),(64,'Panchlaish','পাঁচলাইশ','','2017-12-20 06:41:31',2,43,NULL),(65,'Pahartali','পাহাড়তলী','','2017-12-20 06:42:03',2,43,NULL),(66,'Fatikchari','ফটিকছড়ি','','2017-12-20 06:42:38',2,43,NULL),(67,'Bandar','বন্দর','','2017-12-20 06:43:03',2,43,NULL),(68,'Banskhali','বাঁশখালী','','2017-12-20 06:43:30',2,43,NULL),(69,'Baizid','বাইজিদ','','2017-12-20 06:44:32',2,43,NULL),(70,'Bakoliya','বাকলিয়া','','2017-12-20 06:45:22',2,43,NULL),(71,'Boalkhali','বোয়ালখালী','','2017-12-20 06:45:50',2,43,NULL),(72,'Mirsharai','মীরসরাই','','2017-12-20 06:46:38',2,43,NULL),(73,'Muradpur','মুরাদপুর','','2017-12-20 06:47:04',2,43,NULL),(74,'Raozan','রাউজান','','2017-12-20 06:47:36',2,43,NULL),(75,'Rangunia','রাঙ্গুনিয়া','','2017-12-20 06:48:06',2,43,NULL),(76,'Lalkhan bazar','লালখান বাজার','','2017-12-20 06:48:35',2,43,NULL),(77,'Lohagara','লোহাগাড়া','','2017-12-20 06:49:06',2,43,NULL),(78,'Sholasahar','ষোলশহর','','2017-12-20 06:49:52',2,43,NULL),(79,'Sandwip','সন্দ্বীপ','','2017-12-20 06:50:20',2,43,NULL),(80,'Satkania','সাতকানিয়া','','2017-12-20 06:50:51',2,43,NULL),(81,'CDA Avenue','সিডিএ এভিনিউ','','2017-12-20 06:51:22',2,43,NULL),(82,'Shitakunda','সীতাকুন্ড','','2017-12-20 06:51:52',2,43,NULL),(83,'Hathazari','হাটহাজারী','','2017-12-20 06:52:22',2,43,NULL),(84,'Panthapath',NULL,NULL,'2018-03-04 15:02:47',3,1,NULL),(85,'shyamoli',NULL,NULL,'2018-03-04 15:02:47',3,1,NULL),(86,'GEC Circle',NULL,NULL,'2018-03-04 15:02:47',2,43,NULL),(87,'Norshindi Sadar ',NULL,NULL,'2018-03-04 15:02:47',3,12,NULL),(88,'Agargoan ',NULL,NULL,'2018-03-04 15:02:47',3,1,NULL),(89,'Konabari',NULL,NULL,'2018-03-04 15:02:47',3,3,NULL),(90,'Mawna',NULL,NULL,'2018-03-04 15:02:47',3,3,NULL),(91,'Gazipur Sadar',NULL,NULL,'2018-03-04 15:02:47',3,3,NULL),(92,'Kathalbagan ',NULL,NULL,'2018-03-04 15:02:47',3,1,NULL),(93,'Postogola',NULL,NULL,'2018-03-04 15:02:47',3,1,NULL),(94,'Green Road',NULL,NULL,'2018-03-04 15:02:47',3,1,NULL),(95,'Badargonj Road',NULL,NULL,'2018-03-04 15:02:47',6,32,NULL),(96,'Brahmanbaria Road',NULL,NULL,'2018-03-04 15:02:47',2,41,NULL),(97,'Adabor',NULL,NULL,'2018-03-04 15:02:47',3,1,NULL),(98,'Manikganj',NULL,NULL,'2018-03-04 15:02:47',3,8,NULL),(99,'Kalabagan',NULL,NULL,'2018-03-04 15:02:47',3,1,NULL),(100,'Tangail',NULL,NULL,'2018-03-04 15:02:47',3,17,NULL),(101,'Chuadanga',NULL,NULL,'2018-03-04 15:02:47',4,56,NULL),(102,'Lalmatia',NULL,NULL,'2018-03-04 15:02:47',3,1,NULL),(103,'Kakrail',NULL,NULL,'2018-03-04 15:02:47',3,1,NULL),(104,'Tikatuli',NULL,NULL,'2018-03-04 15:02:47',3,1,NULL),(105,'Kallyanpur',NULL,NULL,'2018-03-04 15:02:47',3,1,NULL),(106,'Jamalpur',NULL,NULL,'2018-03-04 15:02:47',3,5,NULL),(107,'Pabna',NULL,NULL,'2018-03-04 15:02:47',5,23,NULL),(108,'Rajarbagh',NULL,NULL,'2018-03-04 15:02:47',3,1,NULL),(109,'Eskaton',NULL,NULL,'2018-03-04 15:02:47',3,1,NULL),(110,'Bogra',NULL,NULL,'2018-03-04 15:02:47',5,18,NULL),(111,'Kamlapur',NULL,NULL,'2018-03-04 15:02:47',3,1,NULL),(112,'Becharam Dewri Lane',NULL,NULL,'2018-03-04 15:02:47',3,1,NULL),(113,'Nayapaltan',NULL,NULL,'2018-03-04 15:02:47',3,1,NULL),(114,'Sadarghat',NULL,NULL,'2018-03-04 15:02:47',3,1,NULL),(115,'Nilkhet',NULL,NULL,'2018-03-04 15:02:47',3,1,NULL),(116,'Medical College Rd',NULL,NULL,'2018-03-04 15:02:47',7,54,NULL),(117,'Hatirpool',NULL,NULL,'2018-03-04 15:02:47',3,1,NULL),(118,'New Eskaton',NULL,NULL,'2018-03-04 15:02:47',3,1,NULL),(119,'Islampur Road',NULL,NULL,'2018-03-04 15:02:47',3,1,NULL),(120,'Armanitola',NULL,NULL,'2018-03-04 15:02:47',3,1,NULL),(121,'Mymensingh Sadar',NULL,NULL,'2018-03-04 15:02:47',3,10,NULL),(122,'Narayanganj',NULL,NULL,'2018-03-04 15:02:47',3,11,NULL),(123,'Maijdee',NULL,NULL,'2018-03-04 15:02:47',2,49,NULL),(124,'Satmasjid Road, Mohammadpur',NULL,NULL,'2018-03-04 15:02:47',3,1,NULL),(125,'Bangabandhu Road',NULL,NULL,'2018-03-04 15:02:47',3,11,NULL),(126,'Sher- E- Bangla Nagar',NULL,NULL,'2018-03-04 15:02:47',3,1,NULL),(127,'Chowmuhani',NULL,NULL,'2018-03-04 15:02:47',2,49,NULL),(128,'Begam Rokeya Sarani ',NULL,NULL,'2018-03-04 15:02:47',3,1,NULL),(129,'Shahjadpur',NULL,NULL,'2018-03-04 15:02:47',3,1,NULL),(130,'Sugandha R/A',NULL,NULL,'2018-03-04 15:02:47',2,43,NULL),(131,'Satmasjid Road, Dhanmondi',NULL,NULL,'2018-03-04 15:02:47',3,1,NULL),(132,'KDA Avenue',NULL,NULL,'2018-03-04 15:02:47',4,59,NULL),(133,'Farmgate',NULL,NULL,'2018-03-04 15:02:47',3,1,NULL),(134,'Jahanabad, Bhatiari',NULL,NULL,'2018-03-04 15:02:47',2,43,NULL),(135,'Hospital Road',NULL,NULL,'2018-03-04 15:02:47',5,23,NULL),(136,'Hospital Road',NULL,NULL,'2018-03-04 15:02:47',3,6,NULL),(137,'East Sawrapara',NULL,NULL,'2018-03-04 15:02:47',3,1,NULL),(138,' Nikunja',NULL,NULL,'2018-03-04 15:02:47',3,1,NULL),(139,'Mugda',NULL,NULL,'2018-03-04 15:02:47',3,1,NULL),(140,'Savar',NULL,NULL,'2018-03-04 15:02:47',3,1,NULL),(141,'Shahid Shahidullah Kaisar Road',NULL,NULL,'2018-03-04 15:02:47',2,46,NULL),(142,'Middle Badda',NULL,NULL,'2018-03-04 15:02:47',3,1,NULL),(143,'Aftabnagar',NULL,NULL,'2018-03-04 15:02:47',3,1,NULL),(144,'Joydebpur',NULL,NULL,'2018-03-04 15:02:47',3,3,NULL),(145,'Mitford ',NULL,NULL,'2018-03-04 15:02:47',3,1,NULL),(146,'Shahbagh',NULL,NULL,'2018-03-04 15:02:47',3,1,NULL),(147,'Secretariate Road',NULL,NULL,'2018-03-04 15:02:47',3,1,NULL),(148,'Slyhet',NULL,NULL,'2018-03-04 15:02:47',7,54,NULL),(149,'Baptist Mission Road',NULL,NULL,'2018-03-04 15:02:47',1,35,NULL),(150,'Laxmipur',NULL,NULL,'2018-03-04 15:02:47',5,24,NULL),(151,'Rangpur',NULL,NULL,'2018-03-04 15:02:47',6,32,NULL),(152,'Matuail',NULL,NULL,'2018-03-04 15:02:47',3,1,NULL),(153,'Faridpur Highway',NULL,NULL,'2018-03-04 15:02:47',3,2,NULL),(154,'Medical Road',NULL,NULL,'2018-03-04 15:02:47',3,10,NULL),(155,'Turag',NULL,NULL,'2018-03-04 15:02:47',3,1,NULL),(156,'Bogra City Bypass',NULL,NULL,'2018-03-04 15:02:47',5,18,NULL),(157,'Dinajpur Dhaka Highway',NULL,NULL,'2018-03-04 15:02:47',6,26,NULL),(158,'Bhagalpur',NULL,NULL,'2018-03-04 15:02:47',3,6,NULL),(159,'Sirajgonj',NULL,NULL,'2018-03-04 15:02:47',5,25,NULL),(160,'Choto Boyra',NULL,NULL,'2018-03-04 15:02:47',4,59,NULL),(161,'Pathantola Road',NULL,NULL,'2018-03-04 15:02:47',7,54,NULL),(162,' Zakir Hossain Road',NULL,NULL,'2018-03-04 15:02:47',2,43,NULL),(163,'Band Road',NULL,NULL,'2018-03-04 15:02:47',1,35,NULL),(164,' Burichang',NULL,NULL,'2018-03-04 15:02:47',2,44,NULL),(165,'Chashara',NULL,NULL,'2018-03-04 15:02:47',3,11,NULL),(166,'President Road',NULL,NULL,'2018-03-04 15:02:47',3,11,NULL),(167,'kaptan Bazar',NULL,NULL,'2018-03-04 15:02:47',3,1,NULL),(168,'Magura',NULL,NULL,'2018-03-04 15:02:47',4,61,NULL),(169,'Rupnagar Road',NULL,NULL,'2018-03-04 15:02:47',3,1,NULL),(170,'Shantinagar',NULL,NULL,'2018-03-04 15:02:47',3,1,NULL),(171,'Kachukhet ',NULL,NULL,'2018-03-04 15:02:47',3,1,NULL),(172,'Darus Salam Road',NULL,NULL,'2018-03-04 15:02:47',3,1,NULL),(173,'Doyaganj',NULL,NULL,'2018-03-04 15:02:47',3,1,NULL),(174,'Fakirapool',NULL,NULL,'2018-03-04 15:02:47',3,1,NULL),(175,'jatrabari',NULL,NULL,'2018-03-04 15:02:47',3,1,NULL),(176,' Hajigonj',NULL,NULL,'2018-03-04 15:02:47',2,42,NULL),(177,'Pallabi',NULL,NULL,'2018-03-04 15:02:47',3,1,NULL),(178,'Sonapotti Road 2 ',NULL,NULL,'2018-03-04 15:02:47',5,23,NULL),(179,'Shahid Taj Uddin Ahmed Sarani',NULL,NULL,'2018-03-04 15:02:47',3,1,NULL),(180,' Kazi Allaudin Road',NULL,NULL,'2018-03-04 15:02:47',3,1,NULL),(181,'Shazadpur',NULL,NULL,'2018-03-04 15:02:47',3,1,NULL),(182,'Dendabor',NULL,NULL,'2018-03-04 15:02:47',3,1,NULL),(183,'Shobujbag',NULL,NULL,'2018-03-04 15:02:47',3,1,NULL),(184,'Armanitola Road',NULL,NULL,'2018-03-04 15:02:47',3,1,NULL),(185,' Lalbagh',NULL,NULL,'2018-03-04 15:02:47',3,1,NULL),(186,'Madaripur Sadar',NULL,NULL,'2018-03-04 15:02:47',3,7,NULL),(187,'Mymensingh Rd',NULL,NULL,'2018-03-04 15:02:47',3,6,NULL),(188,'Elephent Road',NULL,NULL,'2018-03-04 15:02:47',3,1,NULL),(189,'Nardda',NULL,NULL,'2018-03-04 15:02:47',3,1,NULL),(190,'Gendaria',NULL,NULL,'2018-03-04 15:02:47',3,1,NULL),(191,'Comilla City',NULL,NULL,'2018-03-04 15:02:47',2,44,NULL),(192,'Kallyanpur',NULL,NULL,'2018-03-04 15:02:47',3,1,NULL),(193,'Kamrangirchar',NULL,NULL,'2018-03-04 15:02:47',3,1,NULL),(194,'Munshiganj',NULL,NULL,'2018-03-04 15:02:47',3,9,NULL),(195,'Bogura',NULL,NULL,'2018-03-04 15:02:47',5,18,NULL),(196,'Sirajganj',NULL,NULL,'2018-03-04 15:02:47',5,25,NULL),(197,'Demra',NULL,NULL,'2018-03-04 15:02:47',3,1,NULL),(198,'Shantinagar',NULL,NULL,'2018-03-04 15:02:47',3,1,NULL);

/*Table structure for table `blood_group` */

DROP TABLE IF EXISTS `blood_group`;

CREATE TABLE `blood_group` (
  `id` int(11) NOT NULL AUTO_INCREMENT,
  `blood_group_title` varchar(255) CHARACTER SET utf8 COLLATE utf8_unicode_ci DEFAULT NULL,
  `status` int(11) NOT NULL DEFAULT '1',
  PRIMARY KEY (`id`)
) ENGINE=InnoDB AUTO_INCREMENT=9 DEFAULT CHARSET=latin1;

/*Data for the table `blood_group` */

insert  into `blood_group`(`id`,`blood_group_title`,`status`) values (1,'A+',1),(2,'B+',1),(3,'O+',1),(4,'AB+',1),(5,'A-',1),(6,'B-',1),(7,'O-',1),(8,'AB-',1);

/*Table structure for table `buy` */

DROP TABLE IF EXISTS `buy`;

CREATE TABLE `buy` (
  `buy_id` int(11) NOT NULL AUTO_INCREMENT,
  `buy_code` varchar(10) NOT NULL,
  `bill_no` varchar(50) DEFAULT NULL,
  `supp_id` int(11) NOT NULL,
  `credit` double NOT NULL,
  `unload_cost` double NOT NULL DEFAULT '0',
  `debit` double NOT NULL,
  `cost_total` double NOT NULL DEFAULT '0',
  `user_id` int(11) NOT NULL DEFAULT '0' COMMENT 'track who logged in system',
  `created_at` datetime NOT NULL,
  `updated_at` timestamp NOT NULL DEFAULT CURRENT_TIMESTAMP ON UPDATE CURRENT_TIMESTAMP,
  PRIMARY KEY (`buy_id`)
) ENGINE=InnoDB AUTO_INCREMENT=21 DEFAULT CHARSET=utf8;

/*Data for the table `buy` */

insert  into `buy`(`buy_id`,`buy_code`,`bill_no`,`supp_id`,`credit`,`unload_cost`,`debit`,`cost_total`,`user_id`,`created_at`,`updated_at`) values (1,'pur-000001','232345',1,120,0,120,120,0,'2018-11-07 21:22:38','2018-11-07 21:22:57'),(2,'pur-000002','1356453',1,180,0,0,180,0,'2018-11-07 21:27:18','2018-11-07 21:27:18'),(3,'pur-000003','15',2,171.5,0,0,171.5,0,'2018-11-08 11:18:13','2018-11-08 11:18:13'),(4,'pur-000004','15',2,1800,0,1800,1800,0,'2018-11-08 11:20:00','2018-11-08 11:20:00'),(5,'pur-000005','3',3,32096.4,0,0,32096.4,0,'2018-11-09 10:31:43','2018-11-09 10:31:43'),(6,'pur-000006','14',3,16646.8,0,0,16646.8,0,'2018-11-09 12:12:31','2018-11-09 12:12:31'),(7,'pur-000007','2',4,1500,0,0,1500,0,'2018-11-09 14:01:23','2018-11-09 14:01:23'),(8,'pur-000008','5',5,23000,0,0,23000,0,'2018-11-09 14:06:58','2018-11-09 14:06:58'),(9,'pur-000009','8',6,6776.4,0,0,6776.4,0,'2018-11-09 14:13:42','2018-11-09 14:13:42'),(10,'pur-000010','9',7,28666,0,0,28666,0,'2018-11-09 15:33:42','2018-11-09 15:33:42'),(11,'pur-000011','12',7,7842.2,0,0,7842.2,0,'2018-11-09 15:39:02','2018-11-09 15:39:02'),(12,'pur-000012','10',7,6700,0,0,6700,0,'2018-11-09 15:49:49','2018-11-09 15:49:49'),(13,'pur-000013','13',7,6700,0,0,6700,0,'2018-11-09 15:52:44','2018-11-09 15:52:44'),(14,'pur-000014','1',8,12000,0,0,12000,0,'2018-11-10 11:05:26','2018-11-10 11:05:26'),(15,'pur-000015','16',9,1000,0,1000,1000,0,'2018-11-10 11:14:03','2018-11-10 11:14:03'),(16,'pur-000016','17',2,2668.8,0,2668.8,2668.8,0,'2018-11-10 12:26:48','2018-11-10 12:26:48'),(17,'pur-000017','2',10,1550,0,0,1550,0,'2018-11-10 13:07:42','2018-11-10 13:07:42'),(18,'pur-000018','5',10,20,20,0,40,0,'2018-11-10 16:03:34','2018-11-10 16:03:34'),(19,'pur-000019','18',9,190,0,190,190,0,'2018-11-11 15:13:30','2018-11-11 15:13:30'),(20,'pur-000020','4',10,28759,0,0,28759,0,'2018-11-11 15:48:57','2018-11-11 15:48:57');

/*Table structure for table `buy_details` */

DROP TABLE IF EXISTS `buy_details`;

CREATE TABLE `buy_details` (
  `buy_det_id` int(11) NOT NULL AUTO_INCREMENT,
  `buy_id` int(11) NOT NULL,
  `p_id` int(11) NOT NULL,
  `buy_price` double NOT NULL,
  `buy_qty` double NOT NULL,
  `created_at` datetime NOT NULL,
  `updated_at` timestamp NOT NULL DEFAULT CURRENT_TIMESTAMP ON UPDATE CURRENT_TIMESTAMP,
  PRIMARY KEY (`buy_det_id`)
) ENGINE=InnoDB AUTO_INCREMENT=67 DEFAULT CHARSET=utf8;

/*Data for the table `buy_details` */

insert  into `buy_details`(`buy_det_id`,`buy_id`,`p_id`,`buy_price`,`buy_qty`,`created_at`,`updated_at`) values (1,1,1,30,4,'2018-11-07 21:22:38','2018-11-07 21:22:38'),(2,2,1,30,6,'2018-11-07 21:27:18','2018-11-07 21:27:18'),(3,3,5,17.15,10,'2018-11-08 11:18:13','2018-11-08 11:18:13'),(4,4,5,17.15,10,'2018-11-08 11:20:01','2018-11-08 11:20:01'),(5,4,3,12.9,25,'2018-11-08 11:20:01','2018-11-08 11:20:01'),(6,4,4,65.3,20,'2018-11-08 11:20:01','2018-11-08 11:20:01'),(7,5,6,20,55,'2018-11-09 10:31:43','2018-11-09 10:31:43'),(8,5,7,100,100,'2018-11-09 10:31:43','2018-11-09 10:31:43'),(9,5,8,210,32,'2018-11-09 10:31:43','2018-11-09 10:31:43'),(10,5,9,20,110,'2018-11-09 10:31:43','2018-11-09 10:31:43'),(11,5,10,100.4,11,'2018-11-09 10:31:43','2018-11-09 10:31:43'),(12,5,11,60,40,'2018-11-09 10:31:43','2018-11-09 10:31:43'),(13,5,12,8,220,'2018-11-09 10:31:43','2018-11-09 10:31:43'),(14,5,13,35,120,'2018-11-09 10:31:43','2018-11-09 10:31:43'),(15,5,15,65.3,40,'2018-11-09 10:31:43','2018-11-09 10:31:43'),(16,6,16,7,100,'2018-11-09 12:12:31','2018-11-09 12:12:31'),(17,6,17,3,30,'2018-11-09 12:12:31','2018-11-09 12:12:31'),(18,6,18,4.3,700,'2018-11-09 12:12:31','2018-11-09 12:12:31'),(19,6,19,30,160,'2018-11-09 12:12:31','2018-11-09 12:12:31'),(20,6,20,43,120,'2018-11-09 12:12:31','2018-11-09 12:12:31'),(21,6,21,10.31,280,'2018-11-09 12:12:31','2018-11-09 12:12:31'),(22,7,22,250,6,'2018-11-09 14:01:23','2018-11-09 14:01:23'),(23,8,23,92,250,'2018-11-09 14:06:58','2018-11-09 14:06:58'),(24,9,24,677.64,10,'2018-11-09 14:13:42','2018-11-09 14:13:42'),(25,10,25,76.14,200,'2018-11-09 15:33:42','2018-11-09 15:33:42'),(26,10,26,59,20,'2018-11-09 15:33:42','2018-11-09 15:33:42'),(27,10,27,76.14,100,'2018-11-09 15:33:42','2018-11-09 15:33:42'),(28,10,29,83.75,20,'2018-11-09 15:33:42','2018-11-09 15:33:42'),(29,10,28,76.14,20,'2018-11-09 15:33:42','2018-11-09 15:33:42'),(30,10,30,72.31,20,'2018-11-09 15:33:42','2018-11-09 15:33:42'),(31,11,25,76.14,80,'2018-11-09 15:39:02','2018-11-09 15:39:02'),(32,11,31,87.55,20,'2018-11-09 15:39:02','2018-11-09 15:39:02'),(33,12,29,83.75,80,'2018-11-09 15:49:49','2018-11-09 15:49:49'),(34,13,29,83.75,80,'2018-11-09 15:52:44','2018-11-09 15:52:44'),(35,14,32,32,150,'2018-11-10 11:05:26','2018-11-10 11:05:26'),(36,14,33,120,40,'2018-11-10 11:05:26','2018-11-10 11:05:26'),(37,14,34,120,20,'2018-11-10 11:05:26','2018-11-10 11:05:26'),(38,15,35,50,20,'2018-11-10 11:14:03','2018-11-10 11:14:03'),(39,16,36,8.57,30,'2018-11-10 12:26:48','2018-11-10 12:26:48'),(40,16,37,43.17,10,'2018-11-10 12:26:48','2018-11-10 12:26:48'),(41,16,38,45,10,'2018-11-10 12:26:48','2018-11-10 12:26:48'),(42,16,39,45,10,'2018-11-10 12:26:48','2018-11-10 12:26:48'),(43,16,40,45,24,'2018-11-10 12:26:48','2018-11-10 12:26:48'),(44,17,41,21,40,'2018-11-10 13:07:42','2018-11-10 13:07:42'),(45,17,43,115,5,'2018-11-10 13:07:42','2018-11-10 13:07:42'),(46,17,42,5.4,25,'2018-11-10 13:07:42','2018-11-10 13:07:42'),(47,18,6,20,1,'2018-11-10 16:03:34','2018-11-10 16:03:34'),(48,19,63,80,2,'2018-11-11 15:13:30','2018-11-11 15:13:30'),(49,19,64,30,1,'2018-11-11 15:13:30','2018-11-11 15:13:30'),(50,20,65,6,50,'2018-11-11 15:48:57','2018-11-11 15:48:57'),(51,20,44,24,80,'2018-11-11 15:48:57','2018-11-11 15:48:57'),(52,20,45,64,50,'2018-11-11 15:48:57','2018-11-11 15:48:57'),(53,20,46,58,30,'2018-11-11 15:48:57','2018-11-11 15:48:57'),(54,20,47,59,20,'2018-11-11 15:48:57','2018-11-11 15:48:57'),(55,20,48,63,50,'2018-11-11 15:48:57','2018-11-11 15:48:57'),(56,20,49,14,120,'2018-11-11 15:48:57','2018-11-11 15:48:57'),(57,20,52,80,25,'2018-11-11 15:48:57','2018-11-11 15:48:57'),(58,20,54,89,10,'2018-11-11 15:48:57','2018-11-11 15:48:57'),(59,20,53,89,10,'2018-11-11 15:48:57','2018-11-11 15:48:57'),(60,20,56,30,10,'2018-11-11 15:48:57','2018-11-11 15:48:57'),(61,20,55,30,10,'2018-11-11 15:48:57','2018-11-11 15:48:57'),(62,20,57,17.5,40,'2018-11-11 15:48:57','2018-11-11 15:48:57'),(63,20,59,41,54,'2018-11-11 15:48:57','2018-11-11 15:48:57'),(64,20,60,37,150,'2018-11-11 15:48:57','2018-11-11 15:48:57'),(65,20,61,212.5,12,'2018-11-11 15:48:57','2018-11-11 15:48:57'),(66,20,62,6.5,30,'2018-11-11 15:48:57','2018-11-11 15:48:57');

/*Table structure for table `cabin_class` */

DROP TABLE IF EXISTS `cabin_class`;

CREATE TABLE `cabin_class` (
  `id` int(11) NOT NULL AUTO_INCREMENT,
  `cabin_class_title` varchar(255) DEFAULT NULL,
  `hospital_id` int(11) NOT NULL DEFAULT '0',
  `status` int(11) NOT NULL DEFAULT '1',
  `created_at` datetime DEFAULT NULL,
  `updated_at` timestamp NOT NULL DEFAULT CURRENT_TIMESTAMP,
  PRIMARY KEY (`id`)
) ENGINE=InnoDB AUTO_INCREMENT=6 DEFAULT CHARSET=latin1;

/*Data for the table `cabin_class` */

insert  into `cabin_class`(`id`,`cabin_class_title`,`hospital_id`,`status`,`created_at`,`updated_at`) values (1,'Cabin ',5,2,'2018-11-07 22:40:24','2018-11-07 22:40:24'),(2,'VIP',5,2,'2018-11-07 22:46:26','2018-11-07 22:46:26'),(3,'V.VIP',5,1,'2018-11-07 22:48:39','2018-11-07 22:48:39'),(4,'NORMAL',5,1,'2018-11-07 22:49:08','2018-11-07 22:49:08'),(5,'GENERAL',5,1,'2018-11-07 22:49:23','2018-11-07 22:49:23');

/*Table structure for table `cabin_sub_class` */

DROP TABLE IF EXISTS `cabin_sub_class`;

CREATE TABLE `cabin_sub_class` (
  `id` int(11) NOT NULL AUTO_INCREMENT,
  `cabin_class_id` int(11) NOT NULL,
  `cabin_sub_class_title` varchar(255) NOT NULL,
  `hospital_id` int(11) NOT NULL DEFAULT '0',
  `status` int(11) NOT NULL DEFAULT '1',
  `created_at` datetime DEFAULT NULL,
  `updated_at` timestamp NOT NULL DEFAULT CURRENT_TIMESTAMP,
  PRIMARY KEY (`id`)
) ENGINE=InnoDB AUTO_INCREMENT=3 DEFAULT CHARSET=latin1;

/*Data for the table `cabin_sub_class` */

insert  into `cabin_sub_class`(`id`,`cabin_class_id`,`cabin_sub_class_title`,`hospital_id`,`status`,`created_at`,`updated_at`) values (1,3,'V.VIP',5,1,'2018-11-07 22:50:18','2018-11-07 22:50:18'),(2,4,'2',5,1,'2018-11-07 23:07:04','2018-11-07 23:07:04');

/*Table structure for table `company` */

DROP TABLE IF EXISTS `company`;

CREATE TABLE `company` (
  `id` int(11) NOT NULL AUTO_INCREMENT,
  `comp_name` varchar(255) COLLATE utf8_unicode_ci NOT NULL,
  `status` int(11) NOT NULL DEFAULT '1',
  `created_at` datetime DEFAULT NULL,
  `updated_at` timestamp NOT NULL DEFAULT CURRENT_TIMESTAMP,
  PRIMARY KEY (`id`)
) ENGINE=InnoDB AUTO_INCREMENT=13 DEFAULT CHARSET=utf8 COLLATE=utf8_unicode_ci;

/*Data for the table `company` */

insert  into `company`(`id`,`comp_name`,`status`,`created_at`,`updated_at`) values (1,'renata',1,NULL,'2018-11-07 21:19:41'),(2,'incefta',1,NULL,'2018-11-07 21:19:44'),(3,'beximco pharma',1,NULL,'2018-11-07 21:19:46'),(4,'sqaure pharmaceuticals',1,NULL,'2018-11-07 21:19:50'),(5,'opsonin pharmaceuticals',1,NULL,'2018-11-08 10:50:32'),(6,'Greenland-pharmaceuticals',1,NULL,'2018-11-09 13:53:39'),(7,'SK_F',1,NULL,'2018-11-09 14:04:00'),(8,'mundi-pharma',1,NULL,'2018-11-09 14:09:09'),(9,'popular-pharmaceutical',1,NULL,'2018-11-09 15:10:03'),(10,'zm-surgical',1,NULL,'2018-11-10 10:51:45'),(11,'nuvista-pharma',1,NULL,'2018-11-10 12:58:29'),(12,'saymon-surgical',1,NULL,'2018-11-10 14:55:09');

/*Table structure for table `country` */

DROP TABLE IF EXISTS `country`;

CREATE TABLE `country` (
  `id` int(11) NOT NULL AUTO_INCREMENT,
  `name` varchar(30) COLLATE utf8_unicode_ci NOT NULL,
  `shortname` varchar(10) COLLATE utf8_unicode_ci DEFAULT NULL,
  `nicename` varchar(255) COLLATE utf8_unicode_ci DEFAULT NULL,
  `iso3` varchar(10) COLLATE utf8_unicode_ci DEFAULT NULL,
  `numcode` int(5) DEFAULT NULL,
  `mobile_code` varchar(5) COLLATE utf8_unicode_ci DEFAULT NULL,
  `created_at` datetime NOT NULL,
  `updated_at` timestamp NOT NULL DEFAULT CURRENT_TIMESTAMP ON UPDATE CURRENT_TIMESTAMP,
  PRIMARY KEY (`id`)
) ENGINE=InnoDB AUTO_INCREMENT=240 DEFAULT CHARSET=utf8 COLLATE=utf8_unicode_ci;

/*Data for the table `country` */

insert  into `country`(`id`,`name`,`shortname`,`nicename`,`iso3`,`numcode`,`mobile_code`,`created_at`,`updated_at`) values (1,'AFGHANISTAN','AF','Afghanistan','AFG',4,'93','2018-08-07 15:18:59','2018-08-07 15:20:47'),(2,'ALBANIA','AL','Albania','ALB',8,'355','2018-08-07 15:18:59','2018-08-07 15:20:47'),(3,'ALGERIA','DZ','Algeria','DZA',12,'213','2018-08-07 15:18:59','2018-08-07 15:20:47'),(4,'AMERICAN SAMOA','AS','American Samoa','ASM',16,'1684','2018-08-07 15:18:59','2018-08-07 15:20:47'),(5,'ANDORRA','AD','Andorra','AND',20,'376','2018-08-07 15:18:59','2018-08-07 15:20:47'),(6,'ANGOLA','AO','Angola','AGO',24,'244','2018-08-07 15:18:59','2018-08-07 15:20:47'),(7,'ANGUILLA','AI','Anguilla','AIA',660,'1264','2018-08-07 15:18:59','2018-08-07 15:20:47'),(8,'ANTARCTICA','AQ','Antarctica','ANT',NULL,'0','2018-08-07 15:18:59','2018-09-03 12:48:35'),(9,'ANTIGUA AND BARBUDA','AG','Antigua and Barbuda','ATG',28,'1268','2018-08-07 15:18:59','2018-08-07 15:20:47'),(10,'ARGENTINA','AR','Argentina','ARG',32,'54','2018-08-07 15:18:59','2018-08-07 15:20:47'),(11,'ARMENIA','AM','Armenia','ARM',51,'374','2018-08-07 15:18:59','2018-08-07 15:20:47'),(12,'ARUBA','AW','Aruba','ABW',533,'297','2018-08-07 15:18:59','2018-08-07 15:20:47'),(13,'AUSTRALIA','AU','Australia','AUS',36,'61','2018-08-07 15:18:59','2018-08-07 15:20:47'),(14,'AUSTRIA','AT','Austria','AUT',40,'43','2018-08-07 15:18:59','2018-08-07 15:20:47'),(15,'AZERBAIJAN','AZ','Azerbaijan','AZE',31,'994','2018-08-07 15:18:59','2018-08-07 15:20:47'),(16,'BAHAMAS','BS','Bahamas','BHS',44,'1242','2018-08-07 15:18:59','2018-08-07 15:20:47'),(17,'BAHRAIN','BH','Bahrain','BHR',48,'973','2018-08-07 15:18:59','2018-08-07 15:20:47'),(18,'BANGLADESH','BD','Bangladesh','BGD',50,'880','2018-08-07 15:18:59','2018-08-07 15:20:47'),(19,'BARBADOS','BB','Barbados','BRB',52,'1246','2018-08-07 15:18:59','2018-08-07 15:20:47'),(20,'BELARUS','BY','Belarus','BLR',112,'375','2018-08-07 15:18:59','2018-08-07 15:20:47'),(21,'BELGIUM','BE','Belgium','BEL',56,'32','2018-08-07 15:18:59','2018-08-07 15:20:47'),(22,'BELIZE','BZ','Belize','BLZ',84,'501','2018-08-07 15:18:59','2018-08-07 15:20:47'),(23,'BENIN','BJ','Benin','BEN',204,'229','2018-08-07 15:18:59','2018-08-07 15:20:47'),(24,'BERMUDA','BM','Bermuda','BMU',60,'1441','2018-08-07 15:18:59','2018-08-07 15:20:47'),(25,'BHUTAN','BT','Bhutan','BTN',64,'975','2018-08-07 15:18:59','2018-08-07 15:20:47'),(26,'BOLIVIA','BO','Bolivia','BOL',68,'591','2018-08-07 15:18:59','2018-08-07 15:20:47'),(27,'BOSNIA AND HERZEGOVINA','BA','Bosnia and Herzegovina','BIH',70,'387','2018-08-07 15:18:59','2018-08-07 15:20:47'),(28,'BOTSWANA','BW','Botswana','BWA',72,'267','2018-08-07 15:18:59','2018-08-07 15:20:47'),(29,'BOUVET ISLAND','BV','Bouvet Island',NULL,NULL,'0','2018-08-07 15:18:59','2018-08-07 15:20:47'),(30,'BRAZIL','BR','Brazil','BRA',76,'55','2018-08-07 15:18:59','2018-08-07 15:20:47'),(31,'BRITISH INDIAN OCEAN TERRITORY','IO','British Indian Ocean Territory',NULL,NULL,'246','2018-08-07 15:18:59','2018-08-07 15:20:47'),(32,'BRUNEI DARUSSALAM','BN','Brunei Darussalam','BRN',96,'673','2018-08-07 15:18:59','2018-08-07 15:20:47'),(33,'BULGARIA','BG','Bulgaria','BGR',100,'359','2018-08-07 15:18:59','2018-08-07 15:20:47'),(34,'BURKINA FASO','BF','Burkina Faso','BFA',854,'226','2018-08-07 15:18:59','2018-08-07 15:20:47'),(35,'BURUNDI','BI','Burundi','BDI',108,'257','2018-08-07 15:18:59','2018-08-07 15:20:47'),(36,'CAMBODIA','KH','Cambodia','KHM',116,'855','2018-08-07 15:18:59','2018-08-07 15:20:47'),(37,'CAMEROON','CM','Cameroon','CMR',120,'237','2018-08-07 15:18:59','2018-08-07 15:20:47'),(38,'CANADA','CA','Canada','CAN',124,'1','2018-08-07 15:18:59','2018-08-07 15:20:47'),(39,'CAPE VERDE','CV','Cape Verde','CPV',132,'238','2018-08-07 15:18:59','2018-08-07 15:20:47'),(40,'CAYMAN ISLANDS','KY','Cayman Islands','CYM',136,'1345','2018-08-07 15:18:59','2018-08-07 15:20:47'),(41,'CENTRAL AFRICAN REPUBLIC','CF','Central African Republic','CAF',140,'236','2018-08-07 15:18:59','2018-08-07 15:20:47'),(42,'CHAD','TD','Chad','TCD',148,'235','2018-08-07 15:18:59','2018-08-07 15:20:47'),(43,'CHILE','CL','Chile','CHL',152,'56','2018-08-07 15:18:59','2018-08-07 15:20:47'),(44,'CHINA','CN','China','CHN',156,'86','2018-08-07 15:18:59','2018-08-07 15:20:47'),(45,'CHRISTMAS ISLAND','CX','Christmas Island',NULL,NULL,'61','2018-08-07 15:18:59','2018-08-07 15:20:47'),(46,'COCOS (KEELING) ISLANDS','CC','Cocos (Keeling) Islands',NULL,NULL,'672','2018-08-07 15:18:59','2018-08-07 15:20:47'),(47,'COLOMBIA','CO','Colombia','COL',170,'57','2018-08-07 15:18:59','2018-08-07 15:20:47'),(48,'COMOROS','KM','Comoros','COM',174,'269','2018-08-07 15:18:59','2018-08-07 15:20:47'),(49,'CONGO','CG','Congo','COG',178,'242','2018-08-07 15:18:59','2018-08-07 15:20:47'),(50,'CONGO, THE DEMOCRATIC REPUBLIC','CD','Congo, the Democratic Republic of the','COD',180,'242','2018-08-07 15:18:59','2018-08-07 15:20:47'),(51,'COOK ISLANDS','CK','Cook Islands','COK',184,'682','2018-08-07 15:18:59','2018-08-07 15:20:47'),(52,'COSTA RICA','CR','Costa Rica','CRI',188,'506','2018-08-07 15:18:59','2018-08-07 15:20:47'),(53,'COTE D\'IVOIRE','CI','Cote D\'Ivoire','CIV',384,'225','2018-08-07 15:18:59','2018-08-07 15:20:47'),(54,'CROATIA','HR','Croatia','HRV',191,'385','2018-08-07 15:18:59','2018-08-07 15:20:47'),(55,'CUBA','CU','Cuba','CUB',192,'53','2018-08-07 15:18:59','2018-08-07 15:20:47'),(56,'CYPRUS','CY','Cyprus','CYP',196,'357','2018-08-07 15:18:59','2018-08-07 15:20:47'),(57,'CZECH REPUBLIC','CZ','Czech Republic','CZE',203,'420','2018-08-07 15:18:59','2018-08-07 15:20:47'),(58,'DENMARK','DK','Denmark','DNK',208,'45','2018-08-07 15:18:59','2018-08-07 15:20:47'),(59,'DJIBOUTI','DJ','Djibouti','DJI',262,'253','2018-08-07 15:18:59','2018-08-07 15:20:47'),(60,'DOMINICA','DM','Dominica','DMA',212,'1767','2018-08-07 15:18:59','2018-08-07 15:20:47'),(61,'DOMINICAN REPUBLIC','DO','Dominican Republic','DOM',214,'1809','2018-08-07 15:18:59','2018-08-07 15:20:47'),(62,'ECUADOR','EC','Ecuador','ECU',218,'593','2018-08-07 15:18:59','2018-08-07 15:20:47'),(63,'EGYPT','EG','Egypt','EGY',818,'20','2018-08-07 15:18:59','2018-08-07 15:20:47'),(64,'EL SALVADOR','SV','El Salvador','SLV',222,'503','2018-08-07 15:18:59','2018-08-07 15:20:47'),(65,'EQUATORIAL GUINEA','GQ','Equatorial Guinea','GNQ',226,'240','2018-08-07 15:18:59','2018-08-07 15:20:47'),(66,'ERITREA','ER','Eritrea','ERI',232,'291','2018-08-07 15:18:59','2018-08-07 15:20:47'),(67,'ESTONIA','EE','Estonia','EST',233,'372','2018-08-07 15:18:59','2018-08-07 15:20:47'),(68,'ETHIOPIA','ET','Ethiopia','ETH',231,'251','2018-08-07 15:18:59','2018-08-07 15:20:47'),(69,'FALKLAND ISLANDS (MALVINAS)','FK','Falkland Islands (Malvinas)','FLK',238,'500','2018-08-07 15:18:59','2018-08-07 15:20:47'),(70,'FAROE ISLANDS','FO','Faroe Islands','FRO',234,'298','2018-08-07 15:18:59','2018-08-07 15:20:47'),(71,'FIJI','FJ','Fiji','FJI',242,'679','2018-08-07 15:18:59','2018-08-07 15:20:47'),(72,'FINLAND','FI','Finland','FIN',246,'358','2018-08-07 15:18:59','2018-08-07 15:20:47'),(73,'FRANCE','FR','France','FRA',250,'33','2018-08-07 15:18:59','2018-08-07 15:20:47'),(74,'FRENCH GUIANA','GF','French Guiana','GUF',254,'594','2018-08-07 15:18:59','2018-08-07 15:20:47'),(75,'FRENCH POLYNESIA','PF','French Polynesia','PYF',258,'689','2018-08-07 15:18:59','2018-08-07 15:20:47'),(76,'FRENCH SOUTHERN TERRITORIES','TF','French Southern Territories',NULL,NULL,'0','2018-08-07 15:18:59','2018-08-07 15:20:47'),(77,'GABON','GA','Gabon','GAB',266,'241','2018-08-07 15:18:59','2018-08-07 15:20:47'),(78,'GAMBIA','GM','Gambia','GMB',270,'220','2018-08-07 15:18:59','2018-08-07 15:20:47'),(79,'GEORGIA','GE','Georgia','GEO',268,'995','2018-08-07 15:18:59','2018-08-07 15:20:47'),(80,'GERMANY','DE','Germany','DEU',276,'49','2018-08-07 15:18:59','2018-08-07 15:20:47'),(81,'GHANA','GH','Ghana','GHA',288,'233','2018-08-07 15:18:59','2018-08-07 15:20:47'),(82,'GIBRALTAR','GI','Gibraltar','GIB',292,'350','2018-08-07 15:18:59','2018-08-07 15:20:47'),(83,'GREECE','GR','Greece','GRC',300,'30','2018-08-07 15:18:59','2018-08-07 15:20:47'),(84,'GREENLAND','GL','Greenland','GRL',304,'299','2018-08-07 15:18:59','2018-08-07 15:20:47'),(85,'GRENADA','GD','Grenada','GRD',308,'1473','2018-08-07 15:18:59','2018-08-07 15:20:47'),(86,'GUADELOUPE','GP','Guadeloupe','GLP',312,'590','2018-08-07 15:18:59','2018-08-07 15:20:47'),(87,'GUAM','GU','Guam','GUM',316,'1671','2018-08-07 15:18:59','2018-08-07 15:20:47'),(88,'GUATEMALA','GT','Guatemala','GTM',320,'502','2018-08-07 15:18:59','2018-08-07 15:20:47'),(89,'GUINEA','GN','Guinea','GIN',324,'224','2018-08-07 15:18:59','2018-08-07 15:20:47'),(90,'GUINEA-BISSAU','GW','Guinea-Bissau','GNB',624,'245','2018-08-07 15:18:59','2018-08-07 15:20:47'),(91,'GUYANA','GY','Guyana','GUY',328,'592','2018-08-07 15:18:59','2018-08-07 15:20:47'),(92,'HAITI','HT','Haiti','HTI',332,'509','2018-08-07 15:18:59','2018-08-07 15:20:47'),(93,'HEARD ISLAND AND MCDONALD ISLA','HM','Heard Island and Mcdonald Islands',NULL,NULL,'0','2018-08-07 15:18:59','2018-08-07 15:20:47'),(94,'HOLY SEE (VATICAN CITY STATE)','VA','Holy See (Vatican City State)','VAT',336,'39','2018-08-07 15:18:59','2018-08-07 15:20:47'),(95,'HONDURAS','HN','Honduras','HND',340,'504','2018-08-07 15:18:59','2018-08-07 15:20:47'),(96,'HONG KONG','HK','Hong Kong','HKG',344,'852','2018-08-07 15:18:59','2018-08-07 15:20:47'),(97,'HUNGARY','HU','Hungary','HUN',348,'36','2018-08-07 15:18:59','2018-08-07 15:20:47'),(98,'ICELAND','IS','Iceland','ISL',352,'354','2018-08-07 15:18:59','2018-08-07 15:20:47'),(99,'INDIA','IN','India','IND',356,'91','2018-08-07 15:18:59','2018-08-07 15:20:47'),(100,'INDONESIA','ID','Indonesia','IDN',360,'62','2018-08-07 15:18:59','2018-08-07 15:20:47'),(101,'IRAN, ISLAMIC REPUBLIC OF','IR','Iran, Islamic Republic of','IRN',364,'98','2018-08-07 15:18:59','2018-08-07 15:20:47'),(102,'IRAQ','IQ','Iraq','IRQ',368,'964','2018-08-07 15:18:59','2018-08-07 15:20:47'),(103,'IRELAND','IE','Ireland','IRL',372,'353','2018-08-07 15:18:59','2018-08-07 15:20:47'),(104,'ISRAEL','IL','Israel','ISR',376,'972','2018-08-07 15:18:59','2018-08-07 15:20:47'),(105,'ITALY','IT','Italy','ITA',380,'39','2018-08-07 15:18:59','2018-08-07 15:20:47'),(106,'JAMAICA','JM','Jamaica','JAM',388,'1876','2018-08-07 15:18:59','2018-08-07 15:20:47'),(107,'JAPAN','JP','Japan','JPN',392,'81','2018-08-07 15:18:59','2018-08-07 15:20:47'),(108,'JORDAN','JO','Jordan','JOR',400,'962','2018-08-07 15:18:59','2018-08-07 15:20:47'),(109,'KAZAKHSTAN','KZ','Kazakhstan','KAZ',398,'7','2018-08-07 15:18:59','2018-08-07 15:20:47'),(110,'KENYA','KE','Kenya','KEN',404,'254','2018-08-07 15:18:59','2018-08-07 15:20:47'),(111,'KIRIBATI','KI','Kiribati','KIR',296,'686','2018-08-07 15:18:59','2018-08-07 15:20:47'),(112,'KOREA, DEMOCRATIC PEOPLE\'S REP','KP','Korea, Democratic People\'s Republic of','PRK',408,'850','2018-08-07 15:18:59','2018-08-07 15:20:47'),(113,'KOREA, REPUBLIC OF','KR','Korea, Republic of','KOR',410,'82','2018-08-07 15:18:59','2018-08-07 15:20:47'),(114,'KUWAIT','KW','Kuwait','KWT',414,'965','2018-08-07 15:18:59','2018-08-07 15:20:47'),(115,'KYRGYZSTAN','KG','Kyrgyzstan','KGZ',417,'996','2018-08-07 15:18:59','2018-08-07 15:20:47'),(116,'LAO PEOPLE\'S DEMOCRATIC REPUBL','LA','Lao People\'s Democratic Republic','LAO',418,'856','2018-08-07 15:18:59','2018-08-07 15:20:47'),(117,'LATVIA','LV','Latvia','LVA',428,'371','2018-08-07 15:18:59','2018-08-07 15:20:47'),(118,'LEBANON','LB','Lebanon','LBN',422,'961','2018-08-07 15:18:59','2018-08-07 15:20:47'),(119,'LESOTHO','LS','Lesotho','LSO',426,'266','2018-08-07 15:18:59','2018-08-07 15:20:47'),(120,'LIBERIA','LR','Liberia','LBR',430,'231','2018-08-07 15:18:59','2018-08-07 15:20:47'),(121,'LIBYAN ARAB JAMAHIRIYA','LY','Libyan Arab Jamahiriya','LBY',434,'218','2018-08-07 15:18:59','2018-08-07 15:20:47'),(122,'LIECHTENSTEIN','LI','Liechtenstein','LIE',438,'423','2018-08-07 15:18:59','2018-08-07 15:20:47'),(123,'LITHUANIA','LT','Lithuania','LTU',440,'370','2018-08-07 15:18:59','2018-08-07 15:20:47'),(124,'LUXEMBOURG','LU','Luxembourg','LUX',442,'352','2018-08-07 15:18:59','2018-08-07 15:20:47'),(125,'MACAO','MO','Macao','MAC',446,'853','2018-08-07 15:18:59','2018-08-07 15:20:47'),(126,'MACEDONIA, THE FORMER YUGOSLAV','MK','Macedonia, the Former Yugoslav Republic of','MKD',807,'389','2018-08-07 15:18:59','2018-08-07 15:20:47'),(127,'MADAGASCAR','MG','Madagascar','MDG',450,'261','2018-08-07 15:18:59','2018-08-07 15:20:47'),(128,'MALAWI','MW','Malawi','MWI',454,'265','2018-08-07 15:18:59','2018-08-07 15:20:47'),(129,'MALAYSIA','MY','Malaysia','MYS',458,'60','2018-08-07 15:18:59','2018-08-07 15:20:47'),(130,'MALDIVES','MV','Maldives','MDV',462,'960','2018-08-07 15:18:59','2018-08-07 15:20:47'),(131,'MALI','ML','Mali','MLI',466,'223','2018-08-07 15:18:59','2018-08-07 15:20:47'),(132,'MALTA','MT','Malta','MLT',470,'356','2018-08-07 15:18:59','2018-08-07 15:20:47'),(133,'MARSHALL ISLANDS','MH','Marshall Islands','MHL',584,'692','2018-08-07 15:18:59','2018-08-07 15:20:47'),(134,'MARTINIQUE','MQ','Martinique','MTQ',474,'596','2018-08-07 15:18:59','2018-08-07 15:20:47'),(135,'MAURITANIA','MR','Mauritania','MRT',478,'222','2018-08-07 15:18:59','2018-08-07 15:20:47'),(136,'MAURITIUS','MU','Mauritius','MUS',480,'230','2018-08-07 15:18:59','2018-08-07 15:20:47'),(137,'MAYOTTE','YT','Mayotte',NULL,NULL,'269','2018-08-07 15:18:59','2018-08-07 15:20:47'),(138,'MEXICO','MX','Mexico','MEX',484,'52','2018-08-07 15:18:59','2018-08-07 15:20:47'),(139,'MICRONESIA, FEDERATED STATES O','FM','Micronesia, Federated States of','FSM',583,'691','2018-08-07 15:18:59','2018-08-07 15:20:47'),(140,'MOLDOVA, REPUBLIC OF','MD','Moldova, Republic of','MDA',498,'373','2018-08-07 15:18:59','2018-08-07 15:20:47'),(141,'MONACO','MC','Monaco','MCO',492,'377','2018-08-07 15:18:59','2018-08-07 15:20:47'),(142,'MONGOLIA','MN','Mongolia','MNG',496,'976','2018-08-07 15:18:59','2018-08-07 15:20:47'),(143,'MONTSERRAT','MS','Montserrat','MSR',500,'1664','2018-08-07 15:18:59','2018-08-07 15:20:47'),(144,'MOROCCO','MA','Morocco','MAR',504,'212','2018-08-07 15:18:59','2018-08-07 15:20:47'),(145,'MOZAMBIQUE','MZ','Mozambique','MOZ',508,'258','2018-08-07 15:18:59','2018-08-07 15:20:47'),(146,'MYANMAR','MM','Myanmar','MMR',104,'95','2018-08-07 15:18:59','2018-08-07 15:20:47'),(147,'NAMIBIA','NA','Namibia','NAM',516,'264','2018-08-07 15:18:59','2018-08-07 15:20:47'),(148,'NAURU','NR','Nauru','NRU',520,'674','2018-08-07 15:18:59','2018-08-07 15:20:47'),(149,'NEPAL','NP','Nepal','NPL',524,'977','2018-08-07 15:18:59','2018-08-07 15:20:47'),(150,'NETHERLANDS','NL','Netherlands','NLD',528,'31','2018-08-07 15:18:59','2018-08-07 15:20:47'),(151,'NETHERLANDS ANTILLES','AN','Netherlands Antilles','ANT',530,'599','2018-08-07 15:18:59','2018-08-07 15:20:47'),(152,'NEW CALEDONIA','NC','New Caledonia','NCL',540,'687','2018-08-07 15:18:59','2018-08-07 15:20:47'),(153,'NEW ZEALAND','NZ','New Zealand','NZL',554,'64','2018-08-07 15:18:59','2018-08-07 15:20:47'),(154,'NICARAGUA','NI','Nicaragua','NIC',558,'505','2018-08-07 15:18:59','2018-08-07 15:20:47'),(155,'NIGER','NE','Niger','NER',562,'227','2018-08-07 15:18:59','2018-08-07 15:20:47'),(156,'NIGERIA','NG','Nigeria','NGA',566,'234','2018-08-07 15:18:59','2018-08-07 15:20:47'),(157,'NIUE','NU','Niue','NIU',570,'683','2018-08-07 15:18:59','2018-08-07 15:20:47'),(158,'NORFOLK ISLAND','NF','Norfolk Island','NFK',574,'672','2018-08-07 15:18:59','2018-08-07 15:20:47'),(159,'NORTHERN MARIANA ISLANDS','MP','Northern Mariana Islands','MNP',580,'1670','2018-08-07 15:18:59','2018-08-07 15:20:47'),(160,'NORWAY','NO','Norway','NOR',578,'47','2018-08-07 15:18:59','2018-08-07 15:20:47'),(161,'OMAN','OM','Oman','OMN',512,'968','2018-08-07 15:18:59','2018-08-07 15:20:47'),(162,'PAKISTAN','PK','Pakistan','PAK',586,'92','2018-08-07 15:18:59','2018-08-07 15:20:47'),(163,'PALAU','PW','Palau','PLW',585,'680','2018-08-07 15:18:59','2018-08-07 15:20:47'),(164,'PALESTINIAN TERRITORY, OCCUPIE','PS','Palestinian Territory, Occupied',NULL,NULL,'970','2018-08-07 15:18:59','2018-08-07 15:20:47'),(165,'PANAMA','PA','Panama','PAN',591,'507','2018-08-07 15:18:59','2018-08-07 15:20:47'),(166,'PAPUA NEW GUINEA','PG','Papua New Guinea','PNG',598,'675','2018-08-07 15:18:59','2018-08-07 15:20:47'),(167,'PARAGUAY','PY','Paraguay','PRY',600,'595','2018-08-07 15:18:59','2018-08-07 15:20:47'),(168,'PERU','PE','Peru','PER',604,'51','2018-08-07 15:18:59','2018-08-07 15:20:47'),(169,'PHILIPPINES','PH','Philippines','PHL',608,'63','2018-08-07 15:18:59','2018-08-07 15:20:47'),(170,'PITCAIRN','PN','Pitcairn','PCN',612,'0','2018-08-07 15:18:59','2018-08-07 15:20:47'),(171,'POLAND','PL','Poland','POL',616,'48','2018-08-07 15:18:59','2018-08-07 15:20:47'),(172,'PORTUGAL','PT','Portugal','PRT',620,'351','2018-08-07 15:18:59','2018-08-07 15:20:47'),(173,'PUERTO RICO','PR','Puerto Rico','PRI',630,'1787','2018-08-07 15:18:59','2018-08-07 15:20:47'),(174,'QATAR','QA','Qatar','QAT',634,'974','2018-08-07 15:18:59','2018-08-07 15:20:47'),(175,'REUNION','RE','Reunion','REU',638,'262','2018-08-07 15:18:59','2018-08-07 15:20:47'),(176,'ROMANIA','RO','Romania','ROM',642,'40','2018-08-07 15:18:59','2018-08-07 15:20:47'),(177,'RUSSIAN FEDERATION','RU','Russian Federation','RUS',643,'70','2018-08-07 15:18:59','2018-08-07 15:20:47'),(178,'RWANDA','RW','Rwanda','RWA',646,'250','2018-08-07 15:18:59','2018-08-07 15:20:47'),(179,'SAINT HELENA','SH','Saint Helena','SHN',654,'290','2018-08-07 15:18:59','2018-08-07 15:20:47'),(180,'SAINT KITTS AND NEVIS','KN','Saint Kitts and Nevis','KNA',659,'1869','2018-08-07 15:18:59','2018-08-07 15:20:47'),(181,'SAINT LUCIA','LC','Saint Lucia','LCA',662,'1758','2018-08-07 15:18:59','2018-08-07 15:20:47'),(182,'SAINT PIERRE AND MIQUELON','PM','Saint Pierre and Miquelon','SPM',666,'508','2018-08-07 15:18:59','2018-08-07 15:20:47'),(183,'SAINT VINCENT AND THE GRENADIN','VC','Saint Vincent and the Grenadines','VCT',670,'1784','2018-08-07 15:18:59','2018-08-07 15:20:47'),(184,'SAMOA','WS','Samoa','WSM',882,'684','2018-08-07 15:18:59','2018-08-07 15:20:47'),(185,'SAN MARINO','SM','San Marino','SMR',674,'378','2018-08-07 15:18:59','2018-08-07 15:20:47'),(186,'SAO TOME AND PRINCIPE','ST','Sao Tome and Principe','STP',678,'239','2018-08-07 15:18:59','2018-08-07 15:20:47'),(187,'SAUDI ARABIA','SA','Saudi Arabia','SAU',682,'966','2018-08-07 15:18:59','2018-08-07 15:20:47'),(188,'SENEGAL','SN','Senegal','SEN',686,'221','2018-08-07 15:18:59','2018-08-07 15:20:47'),(189,'SERBIA AND MONTENEGRO','CS','Serbia and Montenegro',NULL,NULL,'381','2018-08-07 15:18:59','2018-08-07 15:20:47'),(190,'SEYCHELLES','SC','Seychelles','SYC',690,'248','2018-08-07 15:18:59','2018-08-07 15:20:47'),(191,'SIERRA LEONE','SL','Sierra Leone','SLE',694,'232','2018-08-07 15:18:59','2018-08-07 15:20:47'),(192,'SINGAPORE','SG','Singapore','SGP',702,'65','2018-08-07 15:18:59','2018-08-07 15:20:47'),(193,'SLOVAKIA','SK','Slovakia','SVK',703,'421','2018-08-07 15:18:59','2018-08-07 15:20:47'),(194,'SLOVENIA','SI','Slovenia','SVN',705,'386','2018-08-07 15:18:59','2018-08-07 15:20:47'),(195,'SOLOMON ISLANDS','SB','Solomon Islands','SLB',90,'677','2018-08-07 15:18:59','2018-08-07 15:20:47'),(196,'SOMALIA','SO','Somalia','SOM',706,'252','2018-08-07 15:18:59','2018-08-07 15:20:47'),(197,'SOUTH AFRICA','ZA','South Africa','ZAF',710,'27','2018-08-07 15:18:59','2018-08-07 15:20:47'),(198,'SOUTH GEORGIA AND THE SOUTH SA','GS','South Georgia and the South Sandwich Islands',NULL,NULL,'0','2018-08-07 15:18:59','2018-08-07 15:20:47'),(199,'SPAIN','ES','Spain','ESP',724,'34','2018-08-07 15:18:59','2018-08-07 15:20:47'),(200,'SRI LANKA','LK','Sri Lanka','LKA',144,'94','2018-08-07 15:18:59','2018-08-07 15:20:47'),(201,'SUDAN','SD','Sudan','SDN',736,'249','2018-08-07 15:18:59','2018-08-07 15:20:47'),(202,'SURINAME','SR','Suriname','SUR',740,'597','2018-08-07 15:18:59','2018-08-07 15:20:47'),(203,'SVALBARD AND JAN MAYEN','SJ','Svalbard and Jan Mayen','SJM',744,'47','2018-08-07 15:18:59','2018-08-07 15:20:47'),(204,'SWAZILAND','SZ','Swaziland','SWZ',748,'268','2018-08-07 15:18:59','2018-08-07 15:20:47'),(205,'SWEDEN','SE','Sweden','SWE',752,'46','2018-08-07 15:18:59','2018-08-07 15:20:47'),(206,'SWITZERLAND','CH','Switzerland','CHE',756,'41','2018-08-07 15:18:59','2018-08-07 15:20:47'),(207,'SYRIAN ARAB REPUBLIC','SY','Syrian Arab Republic','SYR',760,'963','2018-08-07 15:18:59','2018-08-07 15:20:47'),(208,'TAIWAN, PROVINCE OF CHINA','TW','Taiwan, Province of China','TWN',158,'886','2018-08-07 15:18:59','2018-08-07 15:20:47'),(209,'TAJIKISTAN','TJ','Tajikistan','TJK',762,'992','2018-08-07 15:18:59','2018-08-07 15:20:47'),(210,'TANZANIA, UNITED REPUBLIC OF','TZ','Tanzania, United Republic of','TZA',834,'255','2018-08-07 15:18:59','2018-08-07 15:20:47'),(211,'THAILAND','TH','Thailand','THA',764,'66','2018-08-07 15:18:59','2018-08-07 15:20:47'),(212,'TIMOR-LESTE','TL','Timor-Leste',NULL,NULL,'670','2018-08-07 15:18:59','2018-08-07 15:20:47'),(213,'TOGO','TG','Togo','TGO',768,'228','2018-08-07 15:18:59','2018-08-07 15:20:47'),(214,'TOKELAU','TK','Tokelau','TKL',772,'690','2018-08-07 15:18:59','2018-08-07 15:20:47'),(215,'TONGA','TO','Tonga','TON',776,'676','2018-08-07 15:18:59','2018-08-07 15:20:47'),(216,'TRINIDAD AND TOBAGO','TT','Trinidad and Tobago','TTO',780,'1868','2018-08-07 15:18:59','2018-08-07 15:20:47'),(217,'TUNISIA','TN','Tunisia','TUN',788,'216','2018-08-07 15:18:59','2018-08-07 15:20:47'),(218,'TURKEY','TR','Turkey','TUR',792,'90','2018-08-07 15:18:59','2018-08-07 15:20:47'),(219,'TURKMENISTAN','TM','Turkmenistan','TKM',795,'7370','2018-08-07 15:18:59','2018-08-07 15:20:47'),(220,'TURKS AND CAICOS ISLANDS','TC','Turks and Caicos Islands','TCA',796,'1649','2018-08-07 15:18:59','2018-08-07 15:20:47'),(221,'TUVALU','TV','Tuvalu','TUV',798,'688','2018-08-07 15:18:59','2018-08-07 15:20:47'),(222,'UGANDA','UG','Uganda','UGA',800,'256','2018-08-07 15:18:59','2018-08-07 15:20:47'),(223,'UKRAINE','UA','Ukraine','UKR',804,'380','2018-08-07 15:18:59','2018-08-07 15:20:47'),(224,'UNITED ARAB EMIRATES','AE','United Arab Emirates','ARE',784,'971','2018-08-07 15:18:59','2018-08-07 15:20:47'),(225,'UNITED KINGDOM','GB','United Kingdom','GBR',826,'44','2018-08-07 15:18:59','2018-08-07 15:20:47'),(226,'UNITED STATES','US','United States','USA',840,'1','2018-08-07 15:18:59','2018-08-07 15:20:47'),(227,'UNITED STATES MINOR OUTLYING I','UM','United States Minor Outlying Islands',NULL,NULL,'1','2018-08-07 15:18:59','2018-08-07 15:20:47'),(228,'URUGUAY','UY','Uruguay','URY',858,'598','2018-08-07 15:18:59','2018-08-07 15:20:47'),(229,'UZBEKISTAN','UZ','Uzbekistan','UZB',860,'998','2018-08-07 15:18:59','2018-08-07 15:20:47'),(230,'VANUATU','VU','Vanuatu','VUT',548,'678','2018-08-07 15:18:59','2018-08-07 15:20:47'),(231,'VENEZUELA','VE','Venezuela','VEN',862,'58','2018-08-07 15:18:59','2018-08-07 15:20:47'),(232,'VIET NAM','VN','Viet Nam','VNM',704,'84','2018-08-07 15:18:59','2018-08-07 15:20:47'),(233,'VIRGIN ISLANDS, BRITISH','VG','Virgin Islands, British','VGB',92,'1284','2018-08-07 15:18:59','2018-08-07 15:20:47'),(234,'VIRGIN ISLANDS, U.S.','VI','Virgin Islands, U.s.','VIR',850,'1340','2018-08-07 15:18:59','2018-08-07 15:20:47'),(235,'WALLIS AND FUTUNA','WF','Wallis and Futuna','WLF',876,'681','2018-08-07 15:18:59','2018-08-07 15:20:47'),(236,'WESTERN SAHARA','EH','Western Sahara','ESH',732,'212','2018-08-07 15:18:59','2018-08-07 15:20:47'),(237,'YEMEN','YE','Yemen','YEM',887,'967','2018-08-07 15:18:59','2018-08-07 15:20:47'),(238,'ZAMBIA','ZM','Zambia','ZMB',894,'260','2018-08-07 15:18:59','2018-08-07 15:20:47'),(239,'ZIMBABWE','ZW','Zimbabwe','ZWE',716,'263','2018-08-07 15:18:59','2018-08-07 15:20:47');

/*Table structure for table `customer` */

DROP TABLE IF EXISTS `customer`;

CREATE TABLE `customer` (
  `id` int(11) NOT NULL AUTO_INCREMENT,
  `cust_name` varchar(255) COLLATE utf8_unicode_ci DEFAULT NULL,
  `cust_phone` varchar(255) COLLATE utf8_unicode_ci DEFAULT NULL,
  `cust_address` varchar(255) COLLATE utf8_unicode_ci DEFAULT NULL,
  `p_id` int(11) DEFAULT '0',
  `type` int(11) NOT NULL DEFAULT '0',
  `status` int(11) NOT NULL DEFAULT '1',
  `created_at` datetime DEFAULT NULL,
  `updated_at` timestamp NOT NULL DEFAULT CURRENT_TIMESTAMP,
  PRIMARY KEY (`id`)
) ENGINE=InnoDB AUTO_INCREMENT=4 DEFAULT CHARSET=utf8 COLLATE=utf8_unicode_ci;

/*Data for the table `customer` */

insert  into `customer`(`id`,`cust_name`,`cust_phone`,`cust_address`,`p_id`,`type`,`status`,`created_at`,`updated_at`) values (1,'robel','01811965953','ctg',NULL,3,2,'2018-11-07 20:39:03','2018-11-07 20:39:03'),(2,'kashem','01753532468','sahatoly',NULL,3,2,'2018-11-08 17:21:58','2018-11-08 17:21:58'),(3,'akter opsonin','01971144345','ctg',NULL,3,2,'2018-11-08 17:24:14','2018-11-08 17:24:14');

/*Table structure for table `diagnostic_test_group` */

DROP TABLE IF EXISTS `diagnostic_test_group`;

CREATE TABLE `diagnostic_test_group` (
  `test_id` int(150) NOT NULL AUTO_INCREMENT,
  `test_title` varchar(250) COLLATE utf8_unicode_ci DEFAULT NULL,
  `output_format` varchar(250) COLLATE utf8_unicode_ci DEFAULT NULL,
  `hospital_id` bigint(11) DEFAULT '0',
  `branch_id` bigint(20) DEFAULT '0',
  `speciman` varchar(250) COLLATE utf8_unicode_ci DEFAULT '0',
  `status` int(11) NOT NULL DEFAULT '1' COMMENT '0-inactive 1-active 2-delete',
  `created_at` datetime DEFAULT NULL,
  `updated_at` timestamp NOT NULL DEFAULT CURRENT_TIMESTAMP,
  PRIMARY KEY (`test_id`)
) ENGINE=InnoDB AUTO_INCREMENT=20 DEFAULT CHARSET=utf8 COLLATE=utf8_unicode_ci COMMENT='0-> pending 1->active 2-> delete';

/*Data for the table `diagnostic_test_group` */

insert  into `diagnostic_test_group`(`test_id`,`test_title`,`output_format`,`hospital_id`,`branch_id`,`speciman`,`status`,`created_at`,`updated_at`) values (1,'Serology',NULL,5,0,'Blood',1,'2018-10-29 21:02:32','2018-10-29 21:02:32'),(2,'BIOCHEMISTRY',NULL,5,0,'Blood',1,'2018-10-29 21:02:58','2018-10-29 21:02:58'),(3,'HORMONE TEST',NULL,5,0,'Blood',1,'2018-10-29 21:03:26','2018-10-29 21:03:26'),(4,'HAEMATOLOGY',NULL,5,0,'Blood',1,'2018-10-29 21:05:08','2018-10-29 21:05:08'),(5,'ULTRASUND',NULL,5,0,'Imaging',1,'2018-10-29 21:05:41','2018-10-29 21:05:41'),(6,'ECG',NULL,0,0,'Electric Cardiograph',1,'2018-10-29 21:06:39','2018-10-29 21:06:39'),(7,'MICROBIOLOGY',NULL,5,0,'Any Others Sample',1,'2018-10-29 21:07:51','2018-10-29 21:07:51'),(8,'X-RAY',NULL,5,0,'Radiology',1,'2018-10-29 21:08:18','2018-10-29 21:08:18'),(9,'Culture of Sensitivity',NULL,0,0,'Any Others Sample',1,'2018-10-29 21:09:13','2018-10-29 21:09:13'),(10,'URINE',NULL,5,0,'Urine',1,'2018-10-29 21:09:44','2018-10-29 21:09:44'),(11,'CARDIOLOGY',NULL,5,0,'Urine',1,'2018-10-29 21:10:01','2018-10-29 21:10:01'),(12,'Stool',NULL,0,0,'Stool',1,'2018-10-29 21:10:20','2018-10-29 21:10:20'),(13,'Stool ',NULL,5,0,'Stool',1,'2018-10-29 21:10:35','2018-10-29 21:10:35'),(14,'Echocardiogram',NULL,5,0,'Echo',1,'2018-10-29 21:11:11','2018-10-29 21:11:11'),(15,'ECG Computer',NULL,5,0,'Imaging',1,'2018-10-30 13:24:55','2018-10-30 13:24:55'),(16,'test',NULL,5,0,'rtr',2,'2018-11-04 12:18:53','2018-11-04 12:18:53'),(17,'sgs',NULL,5,0,'fs',2,'2018-11-04 12:36:54','2018-11-04 12:36:54'),(18,'fgsdfg',NULL,5,0,'sfs',2,'2018-11-04 12:39:18','2018-11-04 12:39:18'),(19,'dfa',NULL,5,0,'dfafda',2,'2018-11-04 12:41:25','2018-11-04 12:41:25');

/*Table structure for table `diagnostic_test_subgroup` */

DROP TABLE IF EXISTS `diagnostic_test_subgroup`;

CREATE TABLE `diagnostic_test_subgroup` (
  `id` int(100) NOT NULL AUTO_INCREMENT,
  `mtest_id` int(150) DEFAULT NULL,
  `sub_test_title` varchar(250) COLLATE utf8_unicode_ci DEFAULT NULL,
  `price` double NOT NULL DEFAULT '0',
  `output_format` varchar(250) COLLATE utf8_unicode_ci DEFAULT NULL,
  `hospital_id` int(11) DEFAULT '0',
  `branch_id` bigint(20) DEFAULT '0',
  `doc_ref_com` double(10,2) NOT NULL,
  `quk_ref_com` double(10,2) NOT NULL,
  `ref_val` varchar(255) COLLATE utf8_unicode_ci DEFAULT NULL,
  `unit` varchar(255) COLLATE utf8_unicode_ci DEFAULT NULL,
  `status` int(11) NOT NULL DEFAULT '1',
  `created_at` datetime DEFAULT NULL,
  `updated_at` timestamp NOT NULL DEFAULT CURRENT_TIMESTAMP,
  `test_template` longtext COLLATE utf8_unicode_ci NOT NULL,
  PRIMARY KEY (`id`)
) ENGINE=InnoDB AUTO_INCREMENT=203 DEFAULT CHARSET=utf8 COLLATE=utf8_unicode_ci;

/*Data for the table `diagnostic_test_subgroup` */

insert  into `diagnostic_test_subgroup`(`id`,`mtest_id`,`sub_test_title`,`price`,`output_format`,`hospital_id`,`branch_id`,`doc_ref_com`,`quk_ref_com`,`ref_val`,`unit`,`status`,`created_at`,`updated_at`,`test_template`) values (3,1,'ASO Titre ',500,NULL,5,0,0.00,0.00,'200 u/l','u/l',1,'2018-10-29 21:13:00','2018-10-29 21:13:00','<style>\r\n#patients {\r\n	margin:0 auto;\r\n    font-family: \"Trebuchet MS\", Arial, Helvetica, sans-serif;\r\n    border-collapse: collapse;\r\n    width: 80%;\r\n    font-size: 11px\r\n}\r\n\r\n#patients td, #patients th {\r\n    border: 1px solid #ddd;\r\n    padding: 5px;\r\n}\r\n/*\r\n#patients tr:nth-child(even){background-color: #f2f2f2;}\r\n\r\n#patients tr:hover {background-color: #ddd;}*/\r\n\r\n#patients th {\r\n    padding-top: 6px;\r\n    padding-bottom: 6px;\r\n    text-align: left;\r\n    background-color: none;\r\n    color: #111111;\r\n}\r\n</style>\r\n  <table style=\"margin-top: 20px\" id=\"patients\">\r\n  <tbody><tr>\r\n    <td style=\"width:50%\">ASO Titre </td>\r\n    <td style=\"width:25%\">5. 0 u/l</td>\r\n    <td style=\"width:25%\">&nbsp;8.0 u/l</td>\r\n  </tr>\r\n\r\n  </tbody></table>\r\n\r\n'),(4,1,'RA/RF Titre ',700,NULL,5,0,0.00,0.00,'Negative',' ',1,'2018-10-29 21:13:22','2018-10-29 21:13:22','<style>\r\n#patients {\r\n	margin:0 auto;\r\n    font-family: \"Trebuchet MS\", Arial, Helvetica, sans-serif;\r\n    border-collapse: collapse;\r\n    width: 80%;\r\n    font-size: 11px\r\n}\r\n\r\n#patients td, #patients th {\r\n    border: 1px solid #ddd;\r\n    padding: 5px;\r\n}\r\n/*\r\n#patients tr:nth-child(even){background-color: #f2f2f2;}\r\n\r\n#patients tr:hover {background-color: #ddd;}*/\r\n\r\n#patients th {\r\n    padding-top: 6px;\r\n    padding-bottom: 6px;\r\n    text-align: left;\r\n    background-color: none;\r\n    color: #111111;\r\n}\r\n</style>\r\n  <table style=\"margin-top: 20px\" id=\"patients\">\r\n  <tbody><tr>\r\n    <td style=\"width:50%\">RA/RF Titre </td>\r\n    <td style=\"width:25%\">55</td>\r\n    <td style=\"width:25%\">75</td>\r\n  </tr>\r\n\r\n  </tbody></table>\r\n\r\n'),(5,1,'TPHA',800,NULL,5,0,0.00,0.00,'Negative',' :-',1,'2018-10-29 21:13:43','2018-10-29 21:13:43',''),(6,1,'VDRL',400,NULL,5,0,0.00,200.00,NULL,NULL,1,'2018-10-29 21:14:02','2018-10-29 21:14:02',''),(7,1,'HBsAg (S.C)',300,NULL,5,0,0.00,150.00,NULL,NULL,1,'2018-10-29 21:14:30','2018-10-29 21:14:30',''),(8,1,'CRP Test',1000,NULL,5,0,0.00,500.00,'Less than 6.0 mg/l','mg/l',1,'2018-10-29 21:14:50','2018-10-29 21:14:50',''),(9,1,'Widal Test',400,NULL,5,0,0.00,200.00,NULL,NULL,1,'2018-10-29 21:15:09','2018-10-29 21:15:09','<style>\r\n#patients {\r\n	margin:0 auto;\r\n    font-family: \"Trebuchet MS\", Arial, Helvetica, sans-serif;\r\n    border-collapse: collapse;\r\n    width: 80%;\r\n    font-size: 11px\r\n}\r\n\r\n#patients td, #patients th {\r\n    border: 1px solid #ddd;\r\n    padding: 5px;\r\n}\r\n/*\r\n#patients tr:nth-child(even){background-color: #f2f2f2;}\r\n\r\n#patients tr:hover {background-color: #ddd;}*/\r\n\r\n#patients th {\r\n    padding-top: 6px;\r\n    padding-bottom: 6px;\r\n    text-align: left;\r\n    background-color: none;\r\n    color: #111111;\r\n}\r\n</style>\r\n  <table style=\"margin-top: 20px\" id=\"patients\">\r\n  <tbody><tr>\r\n    <td style=\"width:50%\">Widal Test</td>\r\n    <td style=\"width:25%\">wecw</td>\r\n    <td style=\"width:25%\">wcw</td>\r\n  </tr><tr><td style=\"width:50%\">cwecw</td><td style=\"width:25%\">cwc</td><td style=\"width:25%\">wcw</td></tr><tr><td style=\"width:50%\">wcwcwc</td><td style=\"width:25%\">wcw</td><td style=\"width:25%\">wcw</td></tr><tr><td style=\"width:50%\">cedwcw</td><td style=\"width:25%\">cwc</td><td style=\"width:25%\">wcw</td></tr>\r\n\r\n  </tbody></table>\r\n\r\n'),(10,1,'Blood Group& Rh Factor',100,NULL,5,0,0.00,50.00,'\"o\"+ ve','Rh Factor Positive',1,'2018-10-29 21:15:38','2018-10-29 21:15:38',''),(11,2,'Blood Glucose (Random)',200,NULL,5,0,0.00,100.00,'6.6 mmol/l','mmol/l',1,'2018-10-29 21:16:00','2018-10-29 21:16:00',''),(12,2,'Blood Glucose (Fasting) ',200,NULL,5,0,0.00,100.00,'6.3 mmol/l','mmol/l',1,'2018-10-29 21:16:16','2018-10-29 21:16:16',''),(13,2,'2Hrs. ABF ',200,NULL,5,0,0.00,100.00,'7.8 mmol/l','mmol/l',1,'2018-10-29 21:16:49','2018-10-29 21:16:49',''),(14,2,'2habf 75gm Glucose',200,NULL,5,0,0.00,100.00,'8.8 mmol/l','mmol/l',1,'2018-10-29 21:17:41','2018-10-29 21:17:41',''),(15,2,'OGTT ',600,NULL,5,0,0.00,300.00,NULL,NULL,1,'2018-10-29 21:18:06','2018-10-29 21:18:06',''),(16,2,'S.Creatinine',400,NULL,5,0,0.00,200.00,NULL,NULL,1,'2018-10-29 21:18:33','2018-10-29 21:18:33',''),(17,2,'S.Calcium',0,NULL,5,0,0.00,0.00,'9.0-11.0 mg/dl ','mg/dl',1,'2018-10-29 21:19:00','2018-10-29 21:19:00',''),(18,2,'S.Urea ',0,NULL,5,0,0.00,0.00,'15-45 mg/dl','mg/dl',1,'2018-10-29 21:19:19','2018-10-29 21:19:19',''),(19,2,'S.Uric Acid',400,NULL,5,0,0.00,200.00,NULL,NULL,1,'2018-10-29 21:19:38','2018-10-29 21:19:38',''),(20,2,'S.Billirubin Total',400,NULL,5,0,0.00,200.00,NULL,NULL,1,'2018-10-29 21:20:14','2018-10-29 21:20:14',''),(21,2,'S.Billirubin Direct',0,NULL,5,0,0.00,0.00,'Up to 0.25 mg/dl','mg/dl',1,'2018-10-29 21:20:34','2018-10-29 21:20:34',''),(22,2,'S.Billirubin In-Direct',400,NULL,5,0,0.00,200.00,NULL,NULL,1,'2018-10-29 21:20:59','2018-10-29 21:20:59',''),(23,2,'SGPT (AST) ',400,NULL,5,0,0.00,200.00,NULL,NULL,1,'2018-10-29 21:21:25','2018-10-29 21:21:25',''),(24,2,'SGOT(ALT)',0,NULL,5,0,0.00,0.00,'  M: Up to 37 u/l , W: Up to 31 u/l','u/l',1,'2018-10-29 21:21:38','2018-10-29 21:21:38',''),(25,2,'Alkaline Phosphete',0,NULL,5,0,0.00,0.00,'98-279 U/L ','U/L ',1,'2018-10-29 21:22:09','2018-10-29 21:22:09',''),(26,2,'S.Albumin',400,NULL,5,0,0.00,200.00,NULL,NULL,1,'2018-10-29 21:22:45','2018-10-29 21:22:45',''),(27,4,'CBC',500,NULL,5,0,0.00,250.00,NULL,NULL,1,'2018-10-29 21:23:25','2018-10-29 21:23:25',''),(28,4,'HB%',200,NULL,5,0,0.00,100.00,NULL,NULL,1,'2018-10-29 21:23:43','2018-10-29 21:23:43',''),(29,4,'TCE',200,NULL,5,0,0.00,0.00,NULL,NULL,1,'2018-10-29 21:24:20','2018-10-29 21:24:20',''),(30,4,'DC',200,NULL,5,0,0.00,0.00,NULL,NULL,1,'2018-10-29 21:24:37','2018-10-29 21:24:37',''),(31,4,'ESR Test (W)',200,NULL,5,0,0.00,0.00,NULL,NULL,1,'2018-10-29 21:25:19','2018-10-29 21:25:19',''),(32,4,'Platelate Count',300,NULL,5,0,0.00,0.00,NULL,NULL,1,'2018-10-29 21:25:52','2018-10-29 21:25:52',''),(33,5,'USG of W/A 4D Colour',1200,NULL,5,0,0.00,400.00,NULL,NULL,1,'2018-10-29 21:27:29','2018-10-29 21:27:29',''),(34,5,'USG of L/A 4D Colour',1200,NULL,5,0,0.00,500.00,NULL,NULL,1,'2018-10-29 21:28:00','2018-10-29 21:28:00',''),(35,5,'USG of KUB 4D Colour',1200,NULL,5,0,0.00,500.00,NULL,NULL,1,'2018-10-29 21:28:30','2018-10-29 21:28:30',''),(36,5,'USG of P/P 4D Colour',1200,NULL,5,0,0.00,500.00,NULL,NULL,1,'2018-10-29 21:29:05','2018-10-29 21:29:05',''),(37,5,'USG of Testis 4D Colour',2000,NULL,5,0,0.00,500.00,NULL,NULL,1,'2018-10-29 21:29:41','2018-10-29 21:29:41',''),(38,5,'USG of Both Breast',2500,NULL,5,0,0.00,500.00,NULL,NULL,1,'2018-10-29 21:30:55','2018-10-29 21:30:55',''),(39,5,'USG of Hbs',1200,NULL,5,0,0.00,400.00,NULL,NULL,1,'2018-10-29 21:31:52','2018-10-29 21:31:52',''),(40,5,'USG of Brain',1500,NULL,5,0,0.00,0.00,NULL,NULL,1,'2018-10-29 21:32:33','2018-10-29 21:32:33',''),(41,3,'T3',1200,NULL,5,0,0.00,600.00,NULL,NULL,1,'2018-10-29 21:34:09','2018-10-29 21:34:09',''),(42,3,'T4',1200,NULL,5,0,0.00,600.00,NULL,NULL,1,'2018-10-29 21:34:26','2018-10-29 21:34:26',''),(43,3,'TSH',1000,NULL,5,0,0.00,500.00,NULL,NULL,1,'2018-10-29 21:34:42','2018-10-29 21:34:42',''),(44,3,'FT3',1200,NULL,5,0,0.00,600.00,NULL,NULL,1,'2018-10-29 21:35:06','2018-10-29 21:35:06',''),(45,3,'FT4',1200,NULL,5,0,0.00,600.00,NULL,NULL,1,'2018-10-29 21:35:21','2018-10-29 21:35:21',''),(46,3,'FSH',1200,NULL,5,0,0.00,600.00,NULL,NULL,1,'2018-10-29 21:35:38','2018-10-29 21:35:38',''),(47,3,'HBsAg (Elisa)',1000,NULL,5,0,0.00,500.00,NULL,NULL,1,'2018-10-29 21:35:58','2018-10-29 21:35:58',''),(48,3,'LH',1200,NULL,5,0,0.00,0.00,NULL,NULL,1,'2018-10-29 21:36:12','2018-10-29 21:36:12',''),(49,3,'Prolactin',1200,NULL,5,0,0.00,0.00,NULL,NULL,1,'2018-10-29 21:36:50','2018-10-29 21:36:50',''),(50,3,'Progesterone',1200,NULL,5,0,0.00,0.00,NULL,NULL,1,'2018-10-29 21:37:28','2018-10-29 21:37:28',''),(51,3,'Free Testosterone',1200,NULL,5,0,0.00,0.00,NULL,NULL,1,'2018-10-29 21:38:05','2018-10-29 21:38:05',''),(52,7,'Sputum for C/S',500,NULL,5,0,0.00,0.00,NULL,NULL,1,'2018-10-29 21:39:18','2018-10-29 21:39:18',''),(53,7,'Urine for C/S',800,NULL,5,0,0.00,400.00,NULL,NULL,1,'2018-10-29 21:39:44','2018-10-29 21:39:44',''),(54,7,'Stool for C/S',500,NULL,5,0,0.00,0.00,NULL,NULL,1,'2018-10-29 21:40:08','2018-10-29 21:40:08',''),(55,7,'Blood for C/S',1500,NULL,5,0,0.00,750.00,NULL,NULL,1,'2018-10-29 21:40:33','2018-10-29 21:40:33',''),(56,7,'Pus for C/S',1000,NULL,5,0,0.00,0.00,NULL,NULL,1,'2018-10-29 21:40:58','2018-10-29 21:40:58',''),(57,10,'Urine R/E',100,NULL,5,0,0.00,50.00,NULL,NULL,1,'2018-10-29 21:41:38','2018-10-29 21:41:38',''),(58,10,'Urine Pregnancy Test',200,NULL,5,0,0.00,100.00,NULL,NULL,1,'2018-10-29 21:42:32','2018-10-29 21:42:32',''),(59,8,'X-Ray Skull A/P View',700,NULL,5,0,0.00,350.00,NULL,NULL,1,'2018-10-29 21:43:37','2018-10-29 21:43:37',''),(60,8,'X-Ray Skull L/A View',700,NULL,5,0,0.00,300.00,NULL,NULL,1,'2018-10-29 21:44:01','2018-10-29 21:44:01',''),(61,8,'X-Ray Skull B/V View',800,NULL,5,0,0.00,300.00,NULL,NULL,1,'2018-10-29 21:44:31','2018-10-29 21:44:31',''),(62,8,'X-Ray PNS O/M View',600,NULL,5,0,0.00,250.00,NULL,NULL,1,'2018-10-29 21:44:57','2018-10-29 21:44:57',''),(63,8,'X-Ray Cervical Spine A/P View',600,NULL,5,0,0.00,250.00,NULL,NULL,1,'2018-10-29 21:45:46','2018-10-29 21:45:46',''),(64,8,'X-Ray Cervical Spine Lat View',600,NULL,5,0,0.00,250.00,NULL,NULL,1,'2018-10-29 21:46:05','2018-10-29 21:46:05',''),(65,8,'X-Ray Cervical Spine B/V View',800,NULL,5,0,0.00,300.00,NULL,NULL,1,'2018-10-29 21:46:35','2018-10-29 21:46:35',''),(66,8,'X-Ray Rt Clavical A/P View',600,NULL,5,0,0.00,250.00,NULL,NULL,1,'2018-10-29 21:47:27','2018-10-29 21:47:27',''),(67,8,'X-Ray Lt Clavical A/P View',600,NULL,5,0,0.00,250.00,NULL,NULL,1,'2018-10-29 21:47:47','2018-10-29 21:47:47',''),(68,8,'Both Clavical A/P View',800,NULL,5,0,0.00,0.00,NULL,NULL,1,'2018-10-29 21:48:14','2018-10-29 21:48:14',''),(69,8,'X-Ray Rt Shoulder Joint AP View',600,NULL,5,0,0.00,250.00,NULL,NULL,1,'2018-10-29 21:48:56','2018-10-29 21:48:56',''),(70,8,'X-Ray Lt Shoulder Joint AP View',600,NULL,5,0,0.00,250.00,NULL,NULL,1,'2018-10-29 21:49:15','2018-10-29 21:49:15',''),(71,8,'X-Ray Shoulder Joint B/V View',800,NULL,5,0,0.00,300.00,NULL,NULL,1,'2018-10-29 21:49:44','2018-10-29 21:49:44',''),(72,8,'Rt Shoulder Joint B/V View',800,NULL,5,0,0.00,0.00,NULL,NULL,1,'2018-10-29 21:50:10','2018-10-29 21:50:10',''),(73,8,'X-Ray Rt Elbow Joint A/P & Lat View',800,NULL,5,0,0.00,300.00,NULL,NULL,1,'2018-10-29 21:50:42','2018-10-29 21:50:42',''),(74,8,'X-Ray Lt Elbow Joint AP View',600,NULL,5,0,0.00,250.00,NULL,NULL,1,'2018-10-29 21:51:08','2018-10-29 21:51:08',''),(75,8,'Rt Shoulder Joint B/V View',800,NULL,5,0,0.00,0.00,NULL,NULL,1,'2018-10-29 21:51:36','2018-10-29 21:51:36',''),(76,8,'Lt Shoulder Joint B/V View',800,NULL,5,0,0.00,0.00,NULL,NULL,1,'2018-10-29 21:52:01','2018-10-29 21:52:01',''),(77,8,'Rt Wrist Joint B/V',500,NULL,5,0,0.00,0.00,NULL,NULL,1,'2018-10-29 21:52:46','2018-10-29 21:52:46',''),(78,8,'X-Ray Lt Wrist Joint B/V',700,NULL,5,0,0.00,300.00,NULL,NULL,1,'2018-10-29 21:53:04','2018-10-29 21:53:04',''),(79,8,'Rt Hand B/V',500,NULL,5,0,0.00,0.00,NULL,NULL,1,'2018-10-29 21:57:02','2018-10-29 21:57:02',''),(80,8,'Lt Hand B/V',500,NULL,5,0,0.00,0.00,NULL,NULL,1,'2018-10-29 21:57:25','2018-10-29 21:57:25',''),(81,8,'Rt Scapula A/P View',500,NULL,5,0,0.00,0.00,NULL,NULL,1,'2018-10-29 21:58:39','2018-10-29 21:58:39',''),(82,8,'X-Ray Lt Scapula A/P View',600,NULL,5,0,0.00,250.00,NULL,NULL,1,'2018-10-29 21:59:00','2018-10-29 21:59:00',''),(83,8,'Mandible A/P View',500,NULL,5,0,0.00,0.00,NULL,NULL,1,'2018-10-29 21:59:52','2018-10-29 21:59:52',''),(84,8,'X-Ray Chest Lateral View.',500,NULL,5,0,0.00,0.00,NULL,NULL,1,'2018-10-29 22:02:55','2018-10-29 22:02:55',''),(85,8,'X-Ray Chest A/P View',600,NULL,5,0,0.00,250.00,NULL,NULL,1,'2018-10-29 22:03:15','2018-10-29 22:03:15',''),(86,8,'X-Ray Chest P/A View',600,NULL,5,0,0.00,250.00,NULL,NULL,1,'2018-10-29 22:05:02','2018-10-29 22:05:02',''),(87,8,'X-Ray Lumber Spine A/P View',600,NULL,5,0,0.00,250.00,NULL,NULL,1,'2018-10-29 22:08:06','2018-10-29 22:08:06',''),(88,8,'Lumber Spine Lateral View',500,NULL,5,0,0.00,0.00,NULL,NULL,1,'2018-10-29 22:08:36','2018-10-29 22:08:36',''),(89,8,'X-Ray Lumber Spine B/V View',800,NULL,5,0,0.00,300.00,NULL,NULL,1,'2018-10-29 22:09:18','2018-10-29 22:09:18',''),(90,8,'X-Ray Dorsal Spine A/P View',600,NULL,5,0,0.00,250.00,NULL,NULL,1,'2018-10-29 22:10:36','2018-10-29 22:10:36',''),(91,8,'X-Ray Dorsal Spine Lateral View',600,NULL,5,0,0.00,250.00,NULL,NULL,1,'2018-10-29 22:10:57','2018-10-29 22:10:57',''),(92,8,'X-Ray Dorsal Spine B/V View',800,NULL,5,0,0.00,300.00,NULL,NULL,1,'2018-10-29 22:11:16','2018-10-29 22:11:16',''),(93,8,'Rt Pelvis A/P',500,NULL,5,0,0.00,0.00,NULL,NULL,1,'2018-10-29 22:14:40','2018-10-29 22:14:40',''),(94,8,'Lt  Pelvis A/P',500,NULL,5,0,0.00,0.00,NULL,NULL,1,'2018-10-29 22:15:06','2018-10-29 22:15:06',''),(95,8,'Pelvis B/V',700,NULL,5,0,0.00,0.00,NULL,NULL,1,'2018-10-29 22:15:31','2018-10-29 22:15:31',''),(96,8,'X-Ray KUB Region',600,NULL,5,0,0.00,250.00,NULL,NULL,1,'2018-10-29 22:19:32','2018-10-29 22:19:32',''),(97,8,'Rt Hip Joint B/V',500,NULL,5,0,0.00,0.00,NULL,NULL,1,'2018-10-29 22:20:23','2018-10-29 22:20:23',''),(98,8,'Lt Hip Joint B/V',500,NULL,5,0,0.00,0.00,NULL,NULL,1,'2018-10-29 22:20:41','2018-10-29 22:20:41',''),(99,8,'Lt Thigh B/V',500,NULL,5,0,0.00,0.00,NULL,NULL,1,'2018-10-29 22:21:37','2018-10-29 22:21:37',''),(100,8,'Rt Thigh B/V',500,NULL,5,0,0.00,0.00,NULL,NULL,1,'2018-10-29 22:21:54','2018-10-29 22:21:54',''),(101,8,'Rt Knee  joint B/V',500,NULL,5,0,0.00,0.00,NULL,NULL,1,'2018-10-29 22:22:46','2018-10-29 22:22:46',''),(102,8,'X-Ray Lt Knee  joint',600,NULL,5,0,0.00,250.00,NULL,NULL,1,'2018-10-29 22:23:00','2018-10-29 22:23:00',''),(103,8,'Both Knee Joint B/V',800,NULL,5,0,0.00,0.00,NULL,NULL,1,'2018-10-29 22:23:35','2018-10-29 22:23:35',''),(104,8,'Rt Ankle Joint B/V',500,NULL,5,0,0.00,0.00,NULL,NULL,1,'2018-10-29 22:25:08','2018-10-29 22:25:08',''),(105,8,'Lt Ankle Joint B/V',500,NULL,5,0,0.00,0.00,NULL,NULL,1,'2018-10-29 22:25:24','2018-10-29 22:25:24',''),(106,8,'Rt Foot B/V',500,NULL,5,0,0.00,0.00,NULL,NULL,1,'2018-10-29 22:26:42','2018-10-29 22:26:42',''),(107,8,'Lt Foot B/V',500,NULL,5,0,0.00,0.00,NULL,NULL,1,'2018-10-29 22:27:14','2018-10-29 22:27:14',''),(108,1,'ASO Titer Q&Q',600,NULL,5,0,0.00,0.00,NULL,NULL,2,'2018-10-30 11:48:24','2018-10-30 11:48:24',''),(109,1,'VDRL Q&Q',500,NULL,5,0,0.00,0.00,NULL,NULL,2,'2018-10-30 11:48:49','2018-10-30 11:48:49',''),(110,2,'S. Amylase',0,NULL,5,0,0.00,0.00,'Up to 220 u/l','u/l ',1,'2018-10-30 11:49:25','2018-10-30 11:49:25',''),(111,2,'S.Lipid Profile (Fasting)',1000,NULL,5,0,0.00,500.00,NULL,NULL,1,'2018-10-30 11:50:17','2018-10-30 11:50:17',''),(112,2,'S.Cholesterol',400,NULL,5,0,0.00,200.00,NULL,NULL,1,'2018-10-30 11:51:00','2018-10-30 11:51:00',''),(113,2,'S.HDL-Cholesterol',400,NULL,5,0,0.00,0.00,NULL,NULL,1,'2018-10-30 11:51:25','2018-10-30 11:51:25',''),(114,2,'S.LDL-Cholesterol',400,NULL,5,0,0.00,0.00,NULL,NULL,1,'2018-10-30 11:51:45','2018-10-30 11:51:45',''),(115,2,'S.Triglyceride(TG) ',0,NULL,5,0,0.00,0.00,'<150 mg/dl Normal , 151-199 mg/dl Borderline , 200-499 mg/dl High ','mg/dl ',1,'2018-10-30 11:53:07','2018-10-30 11:53:07',''),(116,2,'Urine Amylase',0,NULL,5,0,0.00,0.00,'450  u/l','u/l ',1,'2018-10-30 11:53:44','2018-10-30 11:53:44',''),(117,4,'MP-Thick&Thin',200,NULL,5,0,0.00,0.00,NULL,NULL,1,'2018-10-30 12:00:09','2018-10-30 12:00:09',''),(118,4,'BT & CT',400,NULL,5,0,0.00,0.00,NULL,NULL,1,'2018-10-30 12:00:37','2018-10-30 12:00:37',''),(119,4,'LE Cell',200,NULL,5,0,0.00,0.00,NULL,NULL,1,'2018-10-30 12:25:41','2018-10-30 12:25:41',''),(120,11,'CK-MB Quantity',1000,NULL,5,0,0.00,0.00,NULL,NULL,1,'2018-10-30 12:32:24','2018-10-30 12:32:24',''),(121,11,'CPK-NAC',1000,NULL,5,0,0.00,0.00,NULL,NULL,1,'2018-10-30 12:33:04','2018-10-30 12:33:04',''),(122,11,'Troponin-i Quantity',1000,NULL,5,0,0.00,0.00,NULL,NULL,1,'2018-10-30 12:33:50','2018-10-30 12:33:50',''),(123,11,'Homocystenine',1000,NULL,5,0,0.00,0.00,NULL,NULL,1,'2018-10-30 12:34:49','2018-10-30 12:34:49',''),(124,11,'Myoglobin',1000,NULL,5,0,0.00,0.00,NULL,NULL,1,'2018-10-30 12:35:22','2018-10-30 12:35:22',''),(125,11,'LDH',1000,NULL,5,0,0.00,0.00,NULL,NULL,1,'2018-10-30 12:35:39','2018-10-30 12:35:39',''),(126,2,'HbA1c',0,NULL,5,0,0.00,0.00,'4.5%---- 6.5%','% ',1,'2018-10-30 12:36:16','2018-10-30 12:36:16',''),(127,4,'Reticulocyte Count',1000,NULL,5,0,0.00,0.00,NULL,NULL,1,'2018-10-30 12:37:54','2018-10-30 12:37:54',''),(128,2,'Globuline',500,NULL,5,0,0.00,0.00,NULL,NULL,1,'2018-10-30 12:40:47','2018-10-30 12:40:47',''),(129,2,'BUN',500,NULL,5,0,0.00,0.00,NULL,NULL,1,'2018-10-30 12:41:15','2018-10-30 12:41:15',''),(130,2,'Total Protein',0,NULL,5,0,0.00,0.00,'6.6 - 8.7 g/dl','g/dl ',1,'2018-10-30 12:41:44','2018-10-30 12:41:44',''),(131,1,'Rose Waaler Test',500,NULL,5,0,0.00,0.00,NULL,NULL,2,'2018-10-30 12:46:11','2018-10-30 12:46:11',''),(132,1,'SerumIgE (Total-Allergy)',500,NULL,5,0,0.00,0.00,NULL,NULL,1,'2018-10-30 12:47:45','2018-10-30 12:47:45',''),(133,1,'Serum IgE',1200,NULL,5,0,0.00,300.00,NULL,NULL,1,'2018-10-30 12:48:52','2018-10-30 12:48:52',''),(134,1,'Serum IgA',500,NULL,5,0,0.00,0.00,NULL,NULL,1,'2018-10-30 12:49:08','2018-10-30 12:49:08',''),(135,1,'CFT for Filaria',1000,NULL,5,0,0.00,0.00,NULL,NULL,1,'2018-10-30 12:49:38','2018-10-30 12:49:38',''),(136,1,'ICT Tuberculosis',400,NULL,5,0,0.00,0.00,NULL,NULL,1,'2018-10-30 12:50:16','2018-10-30 12:50:16',''),(137,1,'Dengue IgG/IgM',500,NULL,5,0,0.00,0.00,NULL,NULL,1,'2018-10-30 12:51:03','2018-10-30 12:51:03',''),(138,1,'Anti H-Pylori IgG',1000,NULL,5,0,0.00,500.00,NULL,NULL,1,'2018-10-30 12:51:45','2018-10-30 12:51:45',''),(139,1,'HIV 1 & 2',1000,NULL,5,0,0.00,0.00,NULL,NULL,1,'2018-10-30 12:52:18','2018-10-30 12:52:18',''),(140,1,'ICT Malaria',500,NULL,5,0,0.00,0.00,NULL,NULL,1,'2018-10-30 12:52:43','2018-10-30 12:52:43',''),(141,2,'S.Electrolytes',1000,NULL,5,0,0.00,500.00,NULL,NULL,1,'2018-10-30 12:53:18','2018-10-30 12:53:18',''),(142,2,'S.Phosphate',500,NULL,5,0,0.00,250.00,NULL,NULL,1,'2018-10-30 12:55:02','2018-10-30 12:55:02',''),(143,2,'S.Lipase',500,NULL,5,0,0.00,0.00,NULL,NULL,1,'2018-10-30 12:56:54','2018-10-30 12:56:54',''),(144,3,'Anti HCV (Elisa)',1200,NULL,5,0,0.00,0.00,NULL,NULL,1,'2018-10-30 12:59:44','2018-10-30 12:59:44',''),(145,1,'Anti HBe',1000,NULL,5,0,0.00,0.00,NULL,NULL,1,'2018-10-30 13:00:27','2018-10-30 13:00:27',''),(146,1,'Anti HBc',500,NULL,5,0,0.00,0.00,NULL,NULL,1,'2018-10-30 13:00:53','2018-10-30 13:00:53',''),(147,1,'HCV',500,NULL,5,0,0.00,0.00,NULL,NULL,1,'2018-10-30 13:01:10','2018-10-30 13:01:10',''),(148,7,'Semen Analysis',800,NULL,5,0,0.00,0.00,NULL,NULL,1,'2018-10-30 13:01:37','2018-10-30 13:01:37',''),(149,7,'MT Test',400,NULL,5,0,0.00,0.00,NULL,NULL,1,'2018-10-30 13:02:11','2018-10-30 13:02:11',''),(150,7,'Skin Scraping for Fungus M/E & C/S',1000,NULL,5,0,0.00,500.00,NULL,NULL,1,'2018-10-30 13:03:03','2018-10-30 13:03:03',''),(151,7,'Sputum for AFB',500,NULL,5,0,0.00,0.00,NULL,NULL,1,'2018-10-30 13:03:49','2018-10-30 13:03:49',''),(152,7,'Gram Stain',500,NULL,5,0,0.00,0.00,NULL,NULL,1,'2018-10-30 13:04:31','2018-10-30 13:04:31',''),(153,8,'Nesoparynx X-Ray',500,NULL,5,0,0.00,0.00,NULL,NULL,1,'2018-10-30 13:05:49','2018-10-30 13:05:49',''),(154,8,'Plain X-Ray Abdomen E/P',500,NULL,5,0,0.00,0.00,NULL,NULL,1,'2018-10-30 13:06:59','2018-10-30 13:06:59',''),(155,3,'Growth Hormone',1000,NULL,5,0,0.00,0.00,NULL,NULL,1,'2018-10-30 13:07:55','2018-10-30 13:07:55',''),(156,3,'Escadiol',1200,NULL,5,0,0.00,0.00,NULL,NULL,1,'2018-10-30 13:08:30','2018-10-30 13:08:30',''),(157,3,'Parathyroid Hormone',1200,NULL,5,0,0.00,0.00,NULL,NULL,1,'2018-10-30 13:09:12','2018-10-30 13:09:12',''),(158,3,'Anti TPO',1200,NULL,5,0,0.00,0.00,NULL,NULL,1,'2018-10-30 13:09:34','2018-10-30 13:09:34',''),(159,3,'Cortisol',1200,NULL,5,0,0.00,0.00,NULL,NULL,1,'2018-10-30 13:10:02','2018-10-30 13:10:02',''),(160,3,'Oestrogen',1200,NULL,5,0,0.00,0.00,NULL,NULL,1,'2018-10-30 13:10:34','2018-10-30 13:10:34',''),(161,3,'Anti Thyroid Ab',1200,NULL,5,0,0.00,0.00,NULL,NULL,1,'2018-10-30 13:11:25','2018-10-30 13:11:25',''),(162,3,'Anti Cardilipin Ab',1200,NULL,5,0,0.00,0.00,NULL,NULL,1,'2018-10-30 13:11:57','2018-10-30 13:11:57',''),(163,13,'Stool R/E',200,NULL,5,0,0.00,100.00,NULL,NULL,1,'2018-10-30 13:13:02','2018-10-30 13:13:02',''),(164,13,'Stool for OBT',500,NULL,5,0,0.00,0.00,NULL,NULL,1,'2018-10-30 13:13:26','2018-10-30 13:13:26',''),(165,13,'Stool R/S',500,NULL,5,0,0.00,0.00,NULL,NULL,1,'2018-10-30 13:13:48','2018-10-30 13:13:48',''),(166,10,'Bile Pigments',500,NULL,5,0,0.00,0.00,NULL,NULL,1,'2018-10-30 13:16:24','2018-10-30 13:16:24',''),(167,10,'Creatinine Clearance Rate',500,NULL,5,0,0.00,0.00,NULL,NULL,1,'2018-10-30 13:16:56','2018-10-30 13:16:56',''),(168,10,'24Hours,Total Protein',500,NULL,5,0,0.00,0.00,NULL,NULL,1,'2018-10-30 13:17:37','2018-10-30 13:17:37',''),(169,10,'Bene-Jones Protein',500,NULL,5,0,0.00,0.00,NULL,NULL,1,'2018-10-30 13:18:10','2018-10-30 13:18:10',''),(170,10,'Uriflowrnentry',500,NULL,5,0,0.00,0.00,NULL,NULL,1,'2018-10-30 13:19:53','2018-10-30 13:19:53',''),(171,10,'Bile Salts',200,NULL,5,0,0.00,0.00,NULL,NULL,1,'2018-10-30 13:20:22','2018-10-30 13:20:22',''),(172,10,'Urobilinogen',500,NULL,5,0,0.00,0.00,NULL,NULL,1,'2018-10-30 13:20:57','2018-10-30 13:20:57',''),(173,10,'Urine For AFB',200,NULL,5,0,0.00,100.00,NULL,NULL,1,'2018-10-30 13:21:25','2018-10-30 13:21:25',''),(174,10,'Ketone Body',200,NULL,5,0,0.00,0.00,NULL,NULL,1,'2018-10-30 13:21:53','2018-10-30 13:21:53',''),(175,10,'Microalbumin',500,NULL,5,0,0.00,0.00,NULL,NULL,1,'2018-10-30 13:22:21','2018-10-30 13:22:21',''),(176,5,'USG of Thyroid',1500,NULL,5,0,0.00,0.00,NULL,NULL,1,'2018-10-30 13:23:00','2018-10-30 13:23:00',''),(177,15,'ECG ',500,NULL,5,0,0.00,250.00,NULL,NULL,1,'2018-10-30 13:25:23','2018-10-30 13:25:23',''),(178,2,'S.Ferritine',1200,NULL,5,0,0.00,0.00,NULL,NULL,1,'2018-10-30 13:26:26','2018-10-30 13:26:26',''),(179,2,'Total Iron',1200,NULL,5,0,0.00,0.00,NULL,NULL,1,'2018-10-30 13:27:06','2018-10-30 13:27:06',''),(180,2,'Serum Iron',500,NULL,5,0,0.00,0.00,NULL,NULL,1,'2018-10-30 13:27:26','2018-10-30 13:27:26',''),(181,2,'S. Phosphatas',500,NULL,5,0,0.00,250.00,NULL,NULL,1,'2018-10-30 13:28:00','2018-10-30 13:28:00',''),(182,4,'TC ',200,NULL,5,0,0.00,0.00,NULL,NULL,1,'2018-10-30 16:42:09','2018-10-30 16:42:09',''),(183,1,'fgh',56,NULL,5,0,0.00,10.00,NULL,NULL,2,'2018-11-03 20:42:01','2018-11-03 20:42:01',''),(184,1,'ttt',12,NULL,5,0,0.00,23.00,NULL,NULL,2,'2018-11-04 12:20:08','2018-11-04 12:20:08',''),(185,1,'kl',90,NULL,5,0,0.00,90.00,'450','78',1,'2018-11-07 20:05:39','2018-11-07 20:05:39',''),(186,1,'HBsAg (Com.)',500,NULL,5,0,0.00,250.00,'Negative (-ve)',':-',1,'2018-11-07 20:44:51','2018-11-07 20:44:51',''),(187,2,'S.Lipid Profile ',1000,NULL,5,0,0.00,500.00,NULL,NULL,1,'2018-11-07 22:11:45','2018-11-07 22:11:45',''),(188,4,'Blood R/E',500,NULL,5,0,0.00,250.00,NULL,NULL,1,'2018-11-07 22:34:03','2018-11-07 22:34:03',''),(189,5,'USG of W/A 4D Colour',1200,NULL,5,0,0.00,500.00,NULL,NULL,1,'2018-11-07 22:40:04','2018-11-07 22:40:04',''),(190,5,'USG of KUB 4D Colour',1200,NULL,5,0,0.00,400.00,NULL,NULL,1,'2018-11-08 09:26:09','2018-11-08 09:26:09',''),(191,5,'USG of Rt Breast',1800,NULL,5,0,0.00,500.00,NULL,NULL,1,'2018-11-08 09:36:07','2018-11-08 09:36:07',''),(192,5,'USG of Lt Breast',1800,NULL,5,0,0.00,500.00,NULL,NULL,1,'2018-11-08 09:39:40','2018-11-08 09:39:40',''),(193,8,'X-Rat Rt Wrist Joint A/P & Lat View ',800,NULL,5,0,0.00,300.00,NULL,NULL,1,'2018-11-09 09:37:24','2018-11-09 09:37:24',''),(194,8,'X-Ray Rt Hand A/P & )bl View',700,NULL,5,0,0.00,300.00,NULL,NULL,1,'2018-11-09 09:41:07','2018-11-09 09:41:07',''),(195,2,'FBS',200,NULL,5,0,0.00,100.00,NULL,NULL,1,'2018-11-09 09:50:06','2018-11-09 09:50:06',''),(196,2,'RBS',200,NULL,5,0,0.00,100.00,NULL,NULL,1,'2018-11-09 10:08:58','2018-11-09 10:08:58',''),(197,1,'MT',600,NULL,5,0,0.00,300.00,NULL,NULL,1,'2018-11-09 12:36:06','2018-11-09 12:36:06',''),(198,2,'S.Lipid Profile ',1000,NULL,5,0,0.00,500.00,NULL,NULL,2,'2018-11-10 21:23:31','2018-11-10 21:23:31',''),(199,1,'Blood Cross Matching ',200,NULL,5,0,0.00,100.00,NULL,NULL,1,'2018-11-11 10:50:06','2018-11-11 10:50:06',''),(200,1,'Colltion fee',100,NULL,5,0,0.00,100.00,NULL,NULL,1,'2018-11-11 10:50:56','2018-11-11 10:50:56',''),(201,10,'Urine C/S',600,NULL,5,0,0.00,300.00,NULL,NULL,1,'2018-11-12 11:39:12','2018-11-12 11:39:12',''),(202,1,'Echo Cardiogram 4D Colour',2000,NULL,5,0,0.00,500.00,NULL,NULL,1,'2018-11-14 14:18:25','2018-11-14 14:18:25','');

/*Table structure for table `districts` */

DROP TABLE IF EXISTS `districts`;

CREATE TABLE `districts` (
  `id` int(3) unsigned NOT NULL AUTO_INCREMENT,
  `division_id` int(2) unsigned NOT NULL,
  `name` varchar(30) NOT NULL,
  `bn_name` varchar(50) NOT NULL,
  `lat` double NOT NULL,
  `lon` double NOT NULL,
  `website` varchar(100) NOT NULL,
  PRIMARY KEY (`id`)
) ENGINE=InnoDB DEFAULT CHARSET=utf8;

/*Data for the table `districts` */

/*Table structure for table `divisions` */

DROP TABLE IF EXISTS `divisions`;

CREATE TABLE `divisions` (
  `id` int(2) unsigned NOT NULL AUTO_INCREMENT,
  `name` varchar(30) NOT NULL,
  `bn_name` varchar(50) NOT NULL,
  `position` int(2) NOT NULL,
  PRIMARY KEY (`id`)
) ENGINE=InnoDB DEFAULT CHARSET=utf8;

/*Data for the table `divisions` */

/*Table structure for table `doc_commission` */

DROP TABLE IF EXISTS `doc_commission`;

CREATE TABLE `doc_commission` (
  `id` int(11) NOT NULL AUTO_INCREMENT,
  `order_id` int(11) DEFAULT '0',
  `total_commission` double NOT NULL DEFAULT '0',
  `status` varchar(255) COLLATE utf8_unicode_ci NOT NULL DEFAULT 'unpaid',
  `paid_by` varchar(255) COLLATE utf8_unicode_ci NOT NULL DEFAULT '0',
  `paid_amount` double NOT NULL DEFAULT '0',
  `created_at` datetime DEFAULT NULL,
  `updated_at` timestamp NOT NULL DEFAULT CURRENT_TIMESTAMP,
  `patient_id` int(150) DEFAULT NULL,
  `doc_name` varchar(250) COLLATE utf8_unicode_ci DEFAULT NULL,
  PRIMARY KEY (`id`)
) ENGINE=InnoDB AUTO_INCREMENT=202 DEFAULT CHARSET=utf8 COLLATE=utf8_unicode_ci;

/*Data for the table `doc_commission` */

insert  into `doc_commission`(`id`,`order_id`,`total_commission`,`status`,`paid_by`,`paid_amount`,`created_at`,`updated_at`,`patient_id`,`doc_name`) values (1,1,2000,'0','Sumon_sk',0,'2018-11-07 17:42:16','2018-11-07 17:42:16',2,'gg'),(2,2,1500,'0','care',0,'2018-11-07 20:06:19','2018-11-07 20:06:19',3,'0'),(3,3,200,'0','care',0,'2018-11-07 20:08:03','2018-11-07 20:08:03',4,'0'),(4,4,500,'0','care',0,'2018-11-07 20:21:58','2018-11-07 20:21:58',4,'0'),(5,5,500,'0','care',0,'2018-11-07 20:24:45','2018-11-07 20:24:45',6,'0'),(6,6,500,'0','care',0,'2018-11-07 20:25:25','2018-11-07 20:25:25',1,'gg'),(7,7,100,'0','care',0,'2018-11-07 21:46:10','2018-11-07 21:46:10',7,'gg'),(8,8,400,'0','care',0,'2018-11-07 21:52:33','2018-11-07 21:52:33',2,'gg'),(9,9,500,'0','Sumon_sk',0,'2018-11-08 10:09:42','2018-11-08 10:09:42',8,'0'),(10,10,200,'0','Sumon_sk',0,'2018-11-09 09:54:01','2018-11-09 09:54:01',9,'0'),(11,11,550,'0','Sumon_sk',0,'2018-11-09 10:11:46','2018-11-09 10:11:46',10,'0'),(12,12,1300,'0','Sumon_sk',0,'2018-11-09 10:18:00','2018-11-09 10:18:00',11,'0'),(13,13,1500,'0','Sumon_sk',0,'2018-11-09 10:28:53','2018-11-09 10:28:53',12,'0'),(14,14,1100,'0','Sumon_sk',0,'2018-11-09 10:39:11','2018-11-09 10:39:11',13,'0'),(15,15,500,'0','Sumon_sk',0,'2018-11-09 10:43:22','2018-11-09 10:43:22',14,'0'),(16,16,300,'0','Sumon_sk',0,'2018-11-09 10:50:01','2018-11-09 10:50:01',14,'0'),(17,17,300,'0','Sumon_sk',0,'2018-11-09 10:52:58','2018-11-09 10:52:58',15,'0'),(18,18,250,'0','Sumon_sk',0,'2018-11-09 10:57:00','2018-11-09 10:57:00',16,'0'),(19,19,1800,'0','Sumon_sk',0,'2018-11-09 11:03:09','2018-11-09 11:03:09',17,'0'),(20,20,900,'0','Sumon_sk',0,'2018-11-09 11:09:50','2018-11-09 11:09:50',18,'0'),(21,21,850,'0','Sumon_sk',0,'2018-11-09 11:13:21','2018-11-09 11:13:21',19,'0'),(22,22,850,'0','Sumon_sk',0,'2018-11-09 11:18:08','2018-11-09 11:18:08',19,'0'),(23,23,550,'0','Sumon_sk',0,'2018-11-09 11:33:02','2018-11-09 11:33:02',20,'0'),(24,24,1300,'0','Sumon_sk',0,'2018-11-09 11:50:28','2018-11-09 11:50:28',21,'0'),(25,25,500,'0','Sumon_sk',0,'2018-11-09 12:04:56','2018-11-09 12:04:56',9,'0'),(26,26,1300,'0','Sumon_sk',0,'2018-11-09 12:11:09','2018-11-09 12:11:09',22,'0'),(27,27,600,'0','Sumon_sk',0,'2018-11-09 12:15:44','2018-11-09 12:15:44',22,'0'),(28,28,1400,'0','Sumon_sk',0,'2018-11-09 12:29:32','2018-11-09 12:29:32',24,'0'),(29,29,1850,'0','Sumon_sk',0,'2018-11-09 12:42:02','2018-11-09 12:42:02',25,'0'),(30,30,1450,'0','Sumon_sk',0,'2018-11-09 12:45:38','2018-11-09 12:45:38',26,'0'),(31,31,1350,'0','Sumon_sk',0,'2018-11-09 12:56:28','2018-11-09 12:56:28',27,'0'),(32,32,100,'0','Sumon_sk',0,'2018-11-09 13:16:29','2018-11-09 13:16:29',28,'0'),(33,33,100,'0','Sumon_sk',0,'2018-11-09 13:21:07','2018-11-09 13:21:07',30,'0'),(34,34,400,'0','Sumon_sk',0,'2018-11-09 13:24:30','2018-11-09 13:24:30',31,'0'),(35,35,1000,'0','Sumon_sk',0,'2018-11-09 13:29:52','2018-11-09 13:29:52',32,'0'),(36,36,250,'0','Sumon_sk',0,'2018-11-09 13:34:20','2018-11-09 13:34:20',33,'0'),(37,37,400,'0','Sumon_sk',0,'2018-11-09 13:56:40','2018-11-09 13:56:40',34,'0'),(38,38,400,'0','Sumon_sk',0,'2018-11-09 14:24:43','2018-11-09 14:24:43',35,'0'),(39,39,1050,'0','Sumon_sk',0,'2018-11-09 14:30:37','2018-11-09 14:30:37',36,'0'),(40,40,350,'0','Sumon_sk',0,'2018-11-09 14:37:24','2018-11-09 14:37:24',37,'0'),(41,41,250,'0','Sumon_sk',0,'2018-11-09 14:39:43','2018-11-09 14:39:43',38,'0'),(42,42,450,'0','Sumon_sk',0,'2018-11-09 14:41:47','2018-11-09 14:41:47',39,'0'),(43,43,250,'0','Sumon_sk',0,'2018-11-09 14:53:42','2018-11-09 14:53:42',40,'0'),(44,44,850,'0','Sumon_sk',0,'2018-11-09 15:02:20','2018-11-09 15:02:20',41,'0'),(45,45,600,'0','Sumon_sk',0,'2018-11-09 15:42:27','2018-11-09 15:42:27',42,'0'),(46,46,800,'0','Sumon_sk',0,'2018-11-09 16:53:38','2018-11-09 16:53:38',43,'0'),(47,47,0,'0','Sumon_sk',0,'2018-11-09 17:06:56','2018-11-09 17:06:56',41,'0'),(48,48,650,'0','Sumon_sk',0,'2018-11-10 11:02:57','2018-11-10 11:02:57',45,'0'),(49,49,1400,'0','Sumon_sk',0,'2018-11-10 11:06:13','2018-11-10 11:06:13',45,'0'),(50,50,1050,'0','Sumon_sk',0,'2018-11-10 11:19:27','2018-11-10 11:19:27',46,'0'),(51,51,600,'0','Sumon_sk',0,'2018-11-10 11:22:49','2018-11-10 11:22:49',47,'0'),(52,52,500,'0','Sumon_sk',0,'2018-11-10 11:25:16','2018-11-10 11:25:16',48,'0'),(53,53,1050,'0','Sumon_sk',0,'2018-11-10 11:29:59','2018-11-10 11:29:59',49,'0'),(54,54,600,'0','Sumon_sk',0,'2018-11-10 11:38:07','2018-11-10 11:38:07',50,'0'),(55,55,300,'0','Sumon_sk',0,'2018-11-10 11:48:02','2018-11-10 11:48:02',51,'0'),(56,56,500,'0','Sumon_sk',0,'2018-11-10 11:56:26','2018-11-10 11:56:26',52,'0'),(57,57,500,'0','Sumon_sk',0,'2018-11-10 12:13:51','2018-11-10 12:13:51',53,'0'),(58,58,1650,'0','Sumon_sk',0,'2018-11-10 12:22:09','2018-11-10 12:22:09',54,'0'),(59,59,750,'0','Sumon_sk',0,'2018-11-10 12:29:02','2018-11-10 12:29:02',55,'0'),(60,60,1100,'0','Sumon_sk',0,'2018-11-10 13:26:12','2018-11-10 13:26:12',29,'0'),(61,61,800,'0','Sumon_sk',0,'2018-11-10 13:28:22','2018-11-10 13:28:22',57,'0'),(62,62,300,'0','Sumon_sk',0,'2018-11-10 13:33:35','2018-11-10 13:33:35',58,'0'),(63,63,1050,'0','Sumon_sk',0,'2018-11-10 14:25:29','2018-11-10 14:25:29',59,'0'),(64,64,450,'0','Sumon_sk',0,'2018-11-10 14:30:03','2018-11-10 14:30:03',60,'0'),(65,65,1600,'0','Sumon_sk',0,'2018-11-10 15:40:45','2018-11-10 15:40:45',61,'0'),(66,66,1750,'0','Sumon_sk',0,'2018-11-10 15:52:29','2018-11-10 15:52:29',62,'0'),(67,67,200,'0','Sumon_sk',0,'2018-11-10 16:07:44','2018-11-10 16:07:44',63,'0'),(68,68,850,'0','Sumon_sk',0,'2018-11-10 16:19:19','2018-11-10 16:19:19',64,'0'),(69,69,100,'0','Sumon_sk',0,'2018-11-10 16:34:22','2018-11-10 16:34:22',65,'0'),(70,70,750,'0','Sumon_sk',0,'2018-11-10 17:14:32','2018-11-10 17:14:32',66,'0'),(71,71,950,'0','Sumon_sk',0,'2018-11-10 18:09:47','2018-11-10 18:09:47',67,'0'),(72,72,600,'0','Sumon_sk',0,'2018-11-10 18:12:04','2018-11-10 18:12:04',68,'0'),(73,73,50,'0','Sumon_sk',0,'2018-11-10 19:02:16','2018-11-10 19:02:16',69,'0'),(74,74,800,'0','Sumon_sk',0,'2018-11-10 21:13:33','2018-11-10 21:13:33',70,'0'),(75,75,700,'0','Sumon_sk',0,'2018-11-11 10:23:24','2018-11-11 10:23:24',71,'0'),(76,76,700,'0','Sumon_sk',0,'2018-11-11 10:53:31','2018-11-11 10:53:31',72,'0'),(77,77,400,'0','Sumon_sk',0,'2018-11-11 10:56:42','2018-11-11 10:56:42',73,'0'),(78,78,900,'0','Sumon_sk',0,'2018-11-11 11:04:34','2018-11-11 11:04:34',74,'0'),(79,79,1050,'0','Sumon_sk',0,'2018-11-11 11:40:27','2018-11-11 11:40:27',75,'0'),(80,80,1400,'0','Sumon_sk',0,'2018-11-11 12:17:11','2018-11-11 12:17:11',76,'0'),(81,81,400,'0','Sumon_sk',0,'2018-11-11 12:40:27','2018-11-11 12:40:27',77,'0'),(82,82,1450,'0','Sumon_sk',0,'2018-11-11 12:45:00','2018-11-11 12:45:00',78,'0'),(83,83,300,'0','Sumon_sk',0,'2018-11-11 13:13:07','2018-11-11 13:13:07',79,'0'),(84,84,950,'0','Sumon_sk',0,'2018-11-11 13:22:13','2018-11-11 13:22:13',80,'0'),(85,85,1050,'0','Sumon_sk',0,'2018-11-11 14:05:47','2018-11-11 14:05:47',81,'0'),(86,86,600,'0','Sumon_sk',0,'2018-11-11 14:18:51','2018-11-11 14:18:51',82,'0'),(87,87,550,'0','Sumon_sk',0,'2018-11-11 14:28:05','2018-11-11 14:28:05',83,'0'),(88,88,750,'0','Sumon_sk',0,'2018-11-11 15:05:18','2018-11-11 15:05:18',84,'Saiful (Dolaituli)'),(89,89,850,'0','Sumon_sk',0,'2018-11-11 17:57:20','2018-11-11 17:57:20',85,'0'),(90,90,100,'0','Sumon_sk',0,'2018-11-11 18:22:57','2018-11-11 18:22:57',86,'0'),(91,91,400,'0','Sumon_sk',0,'2018-11-12 11:00:03','2018-11-12 11:00:03',87,'0'),(92,92,550,'0','Sumon_sk',0,'2018-11-12 11:09:32','2018-11-12 11:09:32',88,'0'),(93,93,250,'0','Sumon_sk',0,'2018-11-12 11:12:52','2018-11-12 11:12:52',73,'0'),(94,94,400,'0','Sumon_sk',0,'2018-11-12 11:19:44','2018-11-12 11:19:44',89,'0'),(95,95,250,'0','Sumon_sk',0,'2018-11-12 11:29:41','2018-11-12 11:29:41',90,'0'),(96,96,1400,'0','Sumon_sk',0,'2018-11-12 11:43:16','2018-11-12 11:43:16',92,'0'),(97,97,1550,'0','Sumon_sk',0,'2018-11-12 12:00:40','2018-11-12 12:00:40',93,'0'),(98,98,1000,'0','Sumon_sk',0,'2018-11-12 12:03:34','2018-11-12 12:03:34',94,'0'),(99,99,1100,'0','Sumon_sk',0,'2018-11-12 12:05:10','2018-11-12 12:05:10',95,'0'),(100,100,500,'0','Sumon_sk',0,'2018-11-12 12:08:08','2018-11-12 12:08:08',96,'0'),(101,101,500,'0','Sumon_sk',0,'2018-11-12 12:11:29','2018-11-12 12:11:29',97,'0'),(102,102,1000,'0','Sumon_sk',0,'2018-11-12 12:28:02','2018-11-12 12:28:02',98,'0'),(103,103,1750,'0','Sumon_sk',0,'2018-11-12 12:35:05','2018-11-12 12:35:05',99,'0'),(104,104,500,'0','Sumon_sk',0,'2018-11-12 12:43:13','2018-11-12 12:43:13',100,'0'),(105,105,750,'0','Sumon_sk',0,'2018-11-12 13:21:25','2018-11-12 13:21:25',101,'0'),(106,106,1150,'0','Sumon_sk',0,'2018-11-12 13:24:56','2018-11-12 13:24:56',102,'0'),(107,107,650,'0','Sumon_sk',0,'2018-11-12 14:08:26','2018-11-12 14:08:26',103,'0'),(108,108,1500,'0','Sumon_sk',0,'2018-11-12 14:31:18','2018-11-12 14:31:18',104,'0'),(109,109,2000,'0','Sumon_sk',0,'2018-11-12 14:41:56','2018-11-12 14:41:56',105,'0'),(110,110,850,'0','Sumon_sk',0,'2018-11-12 15:10:08','2018-11-12 15:10:08',106,'0'),(111,111,100,'0','Sumon_sk',0,'2018-11-12 16:18:55','2018-11-12 16:18:55',107,'0'),(112,112,300,'0','Sumon_sk',0,'2018-11-12 16:41:57','2018-11-12 16:41:57',108,'0'),(113,113,600,'0','Sumon_sk',0,'2018-11-12 17:52:50','2018-11-12 17:52:50',109,'0'),(114,114,1250,'0','Sumon_sk',0,'2018-11-12 17:55:09','2018-11-12 17:55:09',110,'0'),(115,115,700,'0','Sumon_sk',0,'2018-11-12 18:16:50','2018-11-12 18:16:50',111,'0'),(116,116,1250,'0','Sumon_sk',0,'2018-11-12 18:22:24','2018-11-12 18:22:24',112,'0'),(117,117,550,'0','Sumon_sk',0,'2018-11-13 09:54:47','2018-11-13 09:54:47',113,'0'),(118,118,500,'0','Sumon_sk',0,'2018-11-13 12:01:17','2018-11-13 12:01:17',114,'0'),(119,119,500,'0','Sumon_sk',0,'2018-11-13 12:03:29','2018-11-13 12:03:29',114,'0'),(120,120,100,'0','Sumon_sk',0,'2018-11-13 12:05:26','2018-11-13 12:05:26',115,'0'),(121,121,900,'0','Sumon_sk',0,'2018-11-13 13:02:29','2018-11-13 13:02:29',116,'0'),(122,122,100,'0','Sumon_sk',0,'2018-11-13 13:04:02','2018-11-13 13:04:02',117,'0'),(123,123,250,'0','Sumon_sk',0,'2018-11-13 13:06:01','2018-11-13 13:06:01',118,'0'),(124,124,350,'0','Sumon_sk',0,'2018-11-13 13:51:47','2018-11-13 13:51:47',119,'0'),(125,125,500,'0','Sumon_sk',0,'2018-11-13 15:42:06','2018-11-13 15:42:06',122,'0'),(126,126,50,'0','Sumon_sk',0,'2018-11-13 16:08:42','2018-11-13 16:08:42',122,'0'),(127,127,850,'0','Sumon_sk',0,'2018-11-13 16:20:58','2018-11-13 16:20:58',124,'0'),(128,128,1050,'0','Sumon_sk',0,'2018-11-13 17:31:22','2018-11-13 17:31:22',125,'0'),(129,129,700,'0','Sumon_sk',0,'2018-11-13 17:39:36','2018-11-13 17:39:36',126,'0'),(130,130,1000,'0','Sumon_sk',0,'2018-11-13 18:15:21','2018-11-13 18:15:21',127,'0'),(131,131,800,'0','Sumon_sk',0,'2018-11-13 18:57:59','2018-11-13 18:57:59',128,'0'),(132,132,2300,'0','Sumon_sk',0,'2018-11-13 19:52:49','2018-11-13 19:52:49',129,'0'),(133,133,400,'0','Sumon_sk',0,'2018-11-13 21:07:51','2018-11-13 21:07:51',131,'0'),(134,134,950,'0','Sumon_sk',0,'2018-11-14 10:43:33','2018-11-14 10:43:33',132,'0'),(135,135,900,'0','Sumon_sk',0,'2018-11-14 10:49:37','2018-11-14 10:49:37',133,'0'),(136,136,100,'0','Sumon_sk',0,'2018-11-14 10:55:24','2018-11-14 10:55:24',134,'0'),(137,137,250,'0','Sumon_sk',0,'2018-11-14 11:08:48','2018-11-14 11:08:48',135,'0'),(138,138,1250,'0','Sumon_sk',0,'2018-11-14 11:29:27','2018-11-14 11:29:27',136,'0'),(139,139,500,'0','Sumon_sk',0,'2018-11-14 11:38:55','2018-11-14 11:38:55',137,'0'),(140,140,100,'0','Sumon_sk',0,'2018-11-14 11:59:25','2018-11-14 11:59:25',87,'0'),(141,141,750,'0','Sumon_sk',0,'2018-11-14 12:03:46','2018-11-14 12:03:46',139,'0'),(142,142,50,'0','Sumon_sk',0,'2018-11-14 12:22:33','2018-11-14 12:22:33',140,'0'),(143,143,50,'0','Sumon_sk',0,'2018-11-14 12:26:39','2018-11-14 12:26:39',141,'0'),(144,144,850,'0','Sumon_sk',0,'2018-11-14 12:47:46','2018-11-14 12:47:46',142,'0'),(145,145,700,'0','Sumon_sk',0,'2018-11-14 12:57:26','2018-11-14 12:57:26',143,'0'),(146,146,1550,'0','Sumon_sk',0,'2018-11-14 13:14:57','2018-11-14 13:14:57',145,'0'),(147,147,500,'0','Sumon_sk',0,'2018-11-14 13:23:57','2018-11-14 13:23:57',146,'0'),(148,148,650,'0','Sumon_sk',0,'2018-11-14 13:30:49','2018-11-14 13:30:49',147,'0'),(149,149,600,'0','Sumon_sk',0,'2018-11-14 13:53:32','2018-11-14 13:53:32',148,'0'),(150,150,800,'0','Sumon_sk',0,'2018-11-14 14:04:23','2018-11-14 14:04:23',149,'0'),(151,151,3650,'0','Sumon_sk',0,'2018-11-14 14:19:52','2018-11-14 14:19:52',150,'0'),(152,152,500,'0','Sumon_sk',0,'2018-11-14 14:22:13','2018-11-14 14:22:13',152,'0'),(153,153,550,'0','Sumon_sk',0,'2018-11-14 14:32:54','2018-11-14 14:32:54',153,'0'),(154,154,400,'0','Sumon_sk',0,'2018-11-14 14:34:53','2018-11-14 14:34:53',154,'0'),(155,155,550,'0','Sumon_sk',0,'2018-11-14 15:15:06','2018-11-14 15:15:06',155,'0'),(156,156,2100,'0','Sumon_sk',0,'2018-11-14 17:15:16','2018-11-14 17:15:16',0,'0'),(157,157,2100,'0','Sumon_sk',0,'2018-11-14 17:15:22','2018-11-14 17:15:22',0,'0'),(158,158,2100,'0','Sumon_sk',0,'2018-11-14 17:15:22','2018-11-14 17:15:22',0,'0'),(159,159,2100,'0','Sumon_sk',0,'2018-11-14 17:15:44','2018-11-14 17:15:44',0,'0'),(160,160,2100,'0','Sumon_sk',0,'2018-11-14 17:15:45','2018-11-14 17:15:45',0,'0'),(161,161,2100,'0','Sumon_sk',0,'2018-11-14 17:15:45','2018-11-14 17:15:45',0,'0'),(162,162,2100,'0','Sumon_sk',0,'2018-11-14 17:15:45','2018-11-14 17:15:45',0,'0'),(163,163,2100,'0','Sumon_sk',0,'2018-11-14 17:15:45','2018-11-14 17:15:45',0,'0'),(164,164,2100,'0','Sumon_sk',0,'2018-11-14 17:15:46','2018-11-14 17:15:46',0,'0'),(165,165,2100,'0','Sumon_sk',0,'2018-11-14 17:15:46','2018-11-14 17:15:46',0,'0'),(166,166,2100,'0','Sumon_sk',0,'2018-11-14 17:15:46','2018-11-14 17:15:46',0,'0'),(167,167,2100,'0','Sumon_sk',0,'2018-11-14 17:15:47','2018-11-14 17:15:47',0,'0'),(168,168,2100,'0','Sumon_sk',0,'2018-11-14 17:15:53','2018-11-14 17:15:53',0,'0'),(169,169,2100,'0','Sumon_sk',0,'2018-11-14 17:15:53','2018-11-14 17:15:53',0,'0'),(170,170,2100,'0','Sumon_sk',0,'2018-11-14 17:15:54','2018-11-14 17:15:54',0,'0'),(171,171,2100,'0','Sumon_sk',0,'2018-11-14 17:15:54','2018-11-14 17:15:54',0,'0'),(172,172,2100,'0','Sumon_sk',0,'2018-11-14 17:15:54','2018-11-14 17:15:54',0,'0'),(173,173,2100,'0','Sumon_sk',0,'2018-11-14 17:15:54','2018-11-14 17:15:54',0,'0'),(174,174,2100,'0','Sumon_sk',0,'2018-11-14 17:15:54','2018-11-14 17:15:54',0,'0'),(175,175,850,'0','Sumon_sk',0,'2018-11-14 17:27:08','2018-11-14 17:27:08',0,'0'),(176,176,850,'0','Sumon_sk',0,'2018-11-14 17:27:08','2018-11-14 17:27:08',0,'0'),(177,177,850,'0','Sumon_sk',0,'2018-11-14 17:27:09','2018-11-14 17:27:09',0,'0'),(178,178,850,'0','Sumon_sk',0,'2018-11-14 17:27:09','2018-11-14 17:27:09',0,'0'),(179,179,850,'0','Sumon_sk',0,'2018-11-14 17:27:09','2018-11-14 17:27:09',0,'0'),(180,180,850,'0','Sumon_sk',0,'2018-11-14 17:43:53','2018-11-14 17:43:53',0,'0'),(181,181,850,'0','Sumon_sk',0,'2018-11-14 17:43:54','2018-11-14 17:43:54',0,'0'),(182,182,850,'0','Sumon_sk',0,'2018-11-14 17:43:54','2018-11-14 17:43:54',0,'0'),(183,183,850,'0','Sumon_sk',0,'2018-11-14 17:43:54','2018-11-14 17:43:54',0,'0'),(184,184,850,'0','Sumon_sk',0,'2018-11-14 17:43:54','2018-11-14 17:43:54',0,'0'),(185,185,850,'0','Sumon_sk',0,'2018-11-14 17:43:54','2018-11-14 17:43:54',0,'0'),(186,186,850,'0','Sumon_sk',0,'2018-11-14 17:43:55','2018-11-14 17:43:55',0,'0'),(187,187,850,'0','Sumon_sk',0,'2018-11-14 17:43:55','2018-11-14 17:43:55',0,'0'),(188,188,850,'0','Sumon_sk',0,'2018-11-14 17:43:55','2018-11-14 17:43:55',0,'0'),(189,189,850,'0','Sumon_sk',0,'2018-11-14 17:43:55','2018-11-14 17:43:55',0,'0'),(190,190,850,'0','Sumon_sk',0,'2018-11-14 17:53:01','2018-11-14 17:53:01',0,'0'),(191,191,850,'0','Sumon_sk',0,'2018-11-14 17:53:01','2018-11-14 17:53:01',0,'0'),(192,192,850,'0','Sumon_sk',0,'2018-11-14 17:53:01','2018-11-14 17:53:01',0,'0'),(193,193,100,'0','Sumon_sk',0,'2018-11-14 18:28:10','2018-11-14 18:28:10',160,'gg'),(194,194,100,'0','Sumon_sk',0,'2018-11-14 18:29:13','2018-11-14 18:29:13',161,'0'),(195,195,850,'0','Sumon_sk',0,'2018-11-14 18:32:44','2018-11-14 18:32:44',162,'0'),(196,196,1000,'0','Sumon_sk',0,'2018-11-14 18:46:54','2018-11-14 18:46:54',163,'0'),(197,197,2100,'0','Sumon_sk',0,'2018-11-14 18:57:25','2018-11-14 18:57:25',164,'0'),(198,198,0,'0','care',0,'2018-11-16 02:59:55','2018-11-16 02:59:55',166,'Dr.Shohag (Moishade)'),(199,199,700,'0','care',0,'2018-11-16 14:23:07','2018-11-16 14:23:07',167,'Dr.Shohag (Moishade)'),(200,200,600,'0','care',0,'2018-11-16 15:04:06','2018-11-16 15:04:06',168,'Saiful (Dolaituli)'),(201,201,200,'0','care',0,'2018-11-17 02:28:08','2018-11-17 02:28:08',169,'Saiful (Dolaituli)');

/*Table structure for table `doc_commission_details` */

DROP TABLE IF EXISTS `doc_commission_details`;

CREATE TABLE `doc_commission_details` (
  `id` int(11) NOT NULL AUTO_INCREMENT,
  `patient_id` int(11) NOT NULL DEFAULT '0',
  `com_id` int(11) NOT NULL DEFAULT '0',
  `patient_type` int(11) NOT NULL DEFAULT '0',
  `doc_type` int(11) NOT NULL DEFAULT '0' COMMENT '1= quack doc 2= ref doc 3=self',
  `doc_title` varchar(255) COLLATE utf8_unicode_ci DEFAULT NULL,
  `service_type` int(11) NOT NULL DEFAULT '0' COMMENT '1=opd 2=ipd 3=ot',
  `service_id` int(11) NOT NULL DEFAULT '0',
  `amount` double NOT NULL,
  `created_at` datetime DEFAULT NULL,
  `updated_at` timestamp NOT NULL DEFAULT CURRENT_TIMESTAMP,
  PRIMARY KEY (`id`)
) ENGINE=InnoDB AUTO_INCREMENT=583 DEFAULT CHARSET=utf8 COLLATE=utf8_unicode_ci;

/*Data for the table `doc_commission_details` */

insert  into `doc_commission_details`(`id`,`patient_id`,`com_id`,`patient_type`,`doc_type`,`doc_title`,`service_type`,`service_id`,`amount`,`created_at`,`updated_at`) values (1,2,1,1,1,'gg',1,3,1500,'2018-11-07 17:42:16','2018-11-07 17:42:16'),(2,2,1,1,1,'gg',1,4,0,'2018-11-07 17:42:16','2018-11-07 17:42:16'),(3,2,1,1,1,'gg',1,5,500,'2018-11-07 17:42:16','2018-11-07 17:42:16'),(4,2,1,1,1,'gg',1,6,0,'2018-11-07 17:42:16','2018-11-07 17:42:16'),(5,2,1,1,1,'gg',1,7,0,'2018-11-07 17:42:16','2018-11-07 17:42:16'),(6,3,2,1,1,'0',1,3,1500,'2018-11-07 20:06:19','2018-11-07 20:06:19'),(7,4,3,1,1,'0',1,3,200,'2018-11-07 20:08:03','2018-11-07 20:08:03'),(8,4,4,1,1,'0',1,3,0,'2018-11-07 20:21:58','2018-11-07 20:21:58'),(9,4,4,1,1,'0',1,4,0,'2018-11-07 20:21:58','2018-11-07 20:21:58'),(10,4,4,1,1,'0',1,11,0,'2018-11-07 20:21:58','2018-11-07 20:21:58'),(11,4,4,1,1,'0',1,16,500,'2018-11-07 20:21:58','2018-11-07 20:21:58'),(12,4,4,1,1,'0',1,41,0,'2018-11-07 20:21:58','2018-11-07 20:21:58'),(13,4,4,1,1,'0',1,44,0,'2018-11-07 20:21:58','2018-11-07 20:21:58'),(14,4,4,1,1,'0',1,28,0,'2018-11-07 20:21:58','2018-11-07 20:21:58'),(15,6,5,1,1,'0',1,3,0,'2018-11-07 20:24:45','2018-11-07 20:24:45'),(16,6,5,1,1,'0',1,4,0,'2018-11-07 20:24:45','2018-11-07 20:24:45'),(17,6,5,1,1,'0',1,11,0,'2018-11-07 20:24:45','2018-11-07 20:24:45'),(18,6,5,1,1,'0',1,16,500,'2018-11-07 20:24:45','2018-11-07 20:24:45'),(19,6,5,1,1,'0',1,41,0,'2018-11-07 20:24:45','2018-11-07 20:24:45'),(20,6,5,1,1,'0',1,44,0,'2018-11-07 20:24:46','2018-11-07 20:24:46'),(21,6,5,1,1,'0',1,28,0,'2018-11-07 20:24:46','2018-11-07 20:24:46'),(22,6,5,1,1,'0',1,111,0,'2018-11-07 20:24:46','2018-11-07 20:24:46'),(23,6,5,1,1,'0',1,141,0,'2018-11-07 20:24:46','2018-11-07 20:24:46'),(24,1,6,1,1,'gg',1,4,0,'2018-11-07 20:25:26','2018-11-07 20:25:26'),(25,1,6,1,1,'gg',1,5,500,'2018-11-07 20:25:26','2018-11-07 20:25:26'),(26,7,7,1,1,'gg',1,11,100,'2018-11-07 21:46:10','2018-11-07 21:46:10'),(27,2,8,1,1,'gg',1,3,200,'2018-11-07 21:52:33','2018-11-07 21:52:33'),(28,2,8,1,1,'gg',1,4,200,'2018-11-07 21:52:33','2018-11-07 21:52:33'),(29,8,9,1,1,'0',1,36,500,'2018-11-08 10:09:42','2018-11-08 10:09:42'),(30,9,10,1,1,'0',1,195,100,'2018-11-09 09:54:01','2018-11-09 09:54:01'),(31,9,10,1,1,'0',1,13,100,'2018-11-09 09:54:01','2018-11-09 09:54:01'),(32,10,11,1,1,'0',1,27,250,'2018-11-09 10:11:46','2018-11-09 10:11:46'),(33,10,11,1,1,'0',1,196,100,'2018-11-09 10:11:46','2018-11-09 10:11:46'),(34,10,11,1,1,'0',1,16,200,'2018-11-09 10:11:46','2018-11-09 10:11:46'),(35,11,12,1,1,'0',1,27,250,'2018-11-09 10:18:00','2018-11-09 10:18:00'),(36,11,12,1,1,'0',1,196,100,'2018-11-09 10:18:00','2018-11-09 10:18:00'),(37,11,12,1,1,'0',1,16,200,'2018-11-09 10:18:00','2018-11-09 10:18:00'),(38,11,12,1,1,'0',1,57,50,'2018-11-09 10:18:00','2018-11-09 10:18:00'),(39,11,12,1,1,'0',1,33,400,'2018-11-09 10:18:00','2018-11-09 10:18:00'),(40,11,12,1,1,'0',1,102,0,'2018-11-09 10:18:00','2018-11-09 10:18:00'),(41,11,12,1,1,'0',1,177,250,'2018-11-09 10:18:00','2018-11-09 10:18:00'),(42,11,12,1,1,'0',1,10,50,'2018-11-09 10:18:01','2018-11-09 10:18:01'),(43,12,13,1,1,'0',1,27,250,'2018-11-09 10:28:53','2018-11-09 10:28:53'),(44,12,13,1,1,'0',1,196,100,'2018-11-09 10:28:53','2018-11-09 10:28:53'),(45,12,13,1,1,'0',1,57,50,'2018-11-09 10:28:53','2018-11-09 10:28:53'),(46,12,13,1,1,'0',1,16,200,'2018-11-09 10:28:53','2018-11-09 10:28:53'),(47,12,13,1,1,'0',1,43,600,'2018-11-09 10:28:53','2018-11-09 10:28:53'),(48,12,13,1,1,'0',1,89,300,'2018-11-09 10:28:53','2018-11-09 10:28:53'),(49,13,14,1,1,'0',1,27,250,'2018-11-09 10:39:11','2018-11-09 10:39:11'),(50,13,14,1,1,'0',1,133,300,'2018-11-09 10:39:11','2018-11-09 10:39:11'),(51,13,14,1,1,'0',1,150,500,'2018-11-09 10:39:11','2018-11-09 10:39:11'),(52,13,14,1,1,'0',1,10,50,'2018-11-09 10:39:11','2018-11-09 10:39:11'),(53,14,15,1,1,'0',1,141,500,'2018-11-09 10:43:22','2018-11-09 10:43:22'),(54,14,16,1,1,'0',1,196,100,'2018-11-09 10:50:01','2018-11-09 10:50:01'),(55,14,16,1,1,'0',1,16,200,'2018-11-09 10:50:01','2018-11-09 10:50:01'),(56,15,17,1,1,'0',1,27,250,'2018-11-09 10:52:58','2018-11-09 10:52:58'),(57,15,17,1,1,'0',1,9,0,'2018-11-09 10:52:58','2018-11-09 10:52:58'),(58,15,17,1,1,'0',1,57,50,'2018-11-09 10:52:58','2018-11-09 10:52:58'),(59,16,18,1,1,'0',1,177,250,'2018-11-09 10:57:00','2018-11-09 10:57:00'),(60,17,19,1,1,'0',1,27,250,'2018-11-09 11:03:09','2018-11-09 11:03:09'),(61,17,19,1,1,'0',1,196,100,'2018-11-09 11:03:09','2018-11-09 11:03:09'),(62,17,19,1,1,'0',1,16,200,'2018-11-09 11:03:09','2018-11-09 11:03:09'),(63,17,19,1,1,'0',1,186,250,'2018-11-09 11:03:09','2018-11-09 11:03:09'),(64,17,19,1,1,'0',1,6,200,'2018-11-09 11:03:09','2018-11-09 11:03:09'),(65,17,19,1,1,'0',1,20,200,'2018-11-09 11:03:09','2018-11-09 11:03:09'),(66,17,19,1,1,'0',1,33,400,'2018-11-09 11:03:09','2018-11-09 11:03:09'),(67,17,19,1,1,'0',1,112,200,'2018-11-09 11:03:09','2018-11-09 11:03:09'),(68,18,20,1,1,'0',1,43,500,'2018-11-09 11:09:50','2018-11-09 11:09:50'),(69,18,20,1,1,'0',1,16,200,'2018-11-09 11:09:50','2018-11-09 11:09:50'),(70,18,20,1,1,'0',1,20,200,'2018-11-09 11:09:50','2018-11-09 11:09:50'),(71,19,21,1,1,'0',1,177,250,'2018-11-09 11:13:21','2018-11-09 11:13:21'),(72,19,21,1,1,'0',1,27,250,'2018-11-09 11:13:21','2018-11-09 11:13:21'),(73,19,21,1,1,'0',1,57,50,'2018-11-09 11:13:21','2018-11-09 11:13:21'),(74,19,21,1,1,'0',1,9,0,'2018-11-09 11:13:21','2018-11-09 11:13:21'),(75,19,21,1,1,'0',1,196,100,'2018-11-09 11:13:21','2018-11-09 11:13:21'),(76,19,21,1,1,'0',1,16,200,'2018-11-09 11:13:21','2018-11-09 11:13:21'),(77,19,22,1,1,'0',1,27,250,'2018-11-09 11:18:08','2018-11-09 11:18:08'),(78,19,22,1,1,'0',1,177,250,'2018-11-09 11:18:08','2018-11-09 11:18:08'),(79,19,22,1,1,'0',1,196,100,'2018-11-09 11:18:08','2018-11-09 11:18:08'),(80,19,22,1,1,'0',1,16,200,'2018-11-09 11:18:08','2018-11-09 11:18:08'),(81,19,22,1,1,'0',1,57,50,'2018-11-09 11:18:08','2018-11-09 11:18:08'),(82,20,23,1,1,'0',1,27,250,'2018-11-09 11:33:02','2018-11-09 11:33:02'),(83,20,23,1,1,'0',1,196,100,'2018-11-09 11:33:02','2018-11-09 11:33:02'),(84,20,23,1,1,'0',1,16,200,'2018-11-09 11:33:02','2018-11-09 11:33:02'),(85,21,24,1,1,'0',1,27,250,'2018-11-09 11:50:28','2018-11-09 11:50:28'),(86,21,24,1,1,'0',1,10,50,'2018-11-09 11:50:28','2018-11-09 11:50:28'),(87,21,24,1,1,'0',1,196,100,'2018-11-09 11:50:28','2018-11-09 11:50:28'),(88,21,24,1,1,'0',1,186,250,'2018-11-09 11:50:28','2018-11-09 11:50:28'),(89,21,24,1,1,'0',1,6,200,'2018-11-09 11:50:28','2018-11-09 11:50:28'),(90,21,24,1,1,'0',1,57,50,'2018-11-09 11:50:28','2018-11-09 11:50:28'),(91,21,24,1,1,'0',1,33,400,'2018-11-09 11:50:28','2018-11-09 11:50:28'),(92,9,25,1,1,'0',1,43,500,'2018-11-09 12:04:56','2018-11-09 12:04:56'),(93,22,26,1,1,'0',1,43,500,'2018-11-09 12:11:09','2018-11-09 12:11:09'),(94,22,26,1,1,'0',1,33,400,'2018-11-09 12:11:09','2018-11-09 12:11:09'),(95,22,26,1,1,'0',1,16,200,'2018-11-09 12:11:09','2018-11-09 12:11:09'),(96,22,26,1,1,'0',1,112,200,'2018-11-09 12:11:09','2018-11-09 12:11:09'),(97,22,27,1,1,'0',1,27,250,'2018-11-09 12:15:44','2018-11-09 12:15:44'),(98,22,27,1,1,'0',1,196,100,'2018-11-09 12:15:44','2018-11-09 12:15:44'),(99,22,27,1,1,'0',1,86,250,'2018-11-09 12:15:44','2018-11-09 12:15:44'),(100,24,28,1,1,'0',1,27,250,'2018-11-09 12:29:32','2018-11-09 12:29:32'),(101,24,28,1,1,'0',1,196,100,'2018-11-09 12:29:32','2018-11-09 12:29:32'),(102,24,28,1,1,'0',1,16,200,'2018-11-09 12:29:32','2018-11-09 12:29:32'),(103,24,28,1,1,'0',1,43,500,'2018-11-09 12:29:32','2018-11-09 12:29:32'),(104,24,28,1,1,'0',1,57,50,'2018-11-09 12:29:32','2018-11-09 12:29:32'),(105,24,28,1,1,'0',1,89,300,'2018-11-09 12:29:32','2018-11-09 12:29:32'),(106,25,29,1,1,'0',1,27,250,'2018-11-09 12:42:02','2018-11-09 12:42:02'),(107,25,29,1,1,'0',1,58,100,'2018-11-09 12:42:02','2018-11-09 12:42:02'),(108,25,29,1,1,'0',1,196,100,'2018-11-09 12:42:02','2018-11-09 12:42:02'),(109,25,29,1,1,'0',1,197,300,'2018-11-09 12:42:02','2018-11-09 12:42:02'),(110,25,29,1,1,'0',1,23,200,'2018-11-09 12:42:03','2018-11-09 12:42:03'),(111,25,29,1,1,'0',1,16,200,'2018-11-09 12:42:03','2018-11-09 12:42:03'),(112,25,29,1,1,'0',1,20,200,'2018-11-09 12:42:03','2018-11-09 12:42:03'),(113,25,29,1,1,'0',1,186,250,'2018-11-09 12:42:03','2018-11-09 12:42:03'),(114,25,29,1,1,'0',1,86,250,'2018-11-09 12:42:03','2018-11-09 12:42:03'),(115,26,30,1,1,'0',1,33,400,'2018-11-09 12:45:38','2018-11-09 12:45:38'),(116,26,30,1,1,'0',1,27,250,'2018-11-09 12:45:38','2018-11-09 12:45:38'),(117,26,30,1,1,'0',1,196,100,'2018-11-09 12:45:38','2018-11-09 12:45:38'),(118,26,30,1,1,'0',1,16,200,'2018-11-09 12:45:38','2018-11-09 12:45:38'),(119,26,30,1,1,'0',1,177,250,'2018-11-09 12:45:38','2018-11-09 12:45:38'),(120,26,30,1,1,'0',1,86,250,'2018-11-09 12:45:38','2018-11-09 12:45:38'),(121,27,31,1,1,'0',1,27,250,'2018-11-09 12:56:28','2018-11-09 12:56:28'),(122,27,31,1,1,'0',1,8,500,'2018-11-09 12:56:28','2018-11-09 12:56:28'),(123,27,31,1,1,'0',1,6,200,'2018-11-09 12:56:28','2018-11-09 12:56:28'),(124,27,31,1,1,'0',1,23,200,'2018-11-09 12:56:28','2018-11-09 12:56:28'),(125,27,31,1,1,'0',1,16,200,'2018-11-09 12:56:28','2018-11-09 12:56:28'),(126,28,32,1,1,'0',1,196,100,'2018-11-09 13:16:29','2018-11-09 13:16:29'),(127,30,33,1,1,'0',1,84,0,'2018-11-09 13:21:07','2018-11-09 13:21:07'),(128,30,33,1,1,'0',1,196,100,'2018-11-09 13:21:07','2018-11-09 13:21:07'),(129,31,34,1,1,'0',1,33,400,'2018-11-09 13:24:30','2018-11-09 13:24:30'),(130,32,35,1,1,'0',1,177,250,'2018-11-09 13:29:52','2018-11-09 13:29:52'),(131,32,35,1,1,'0',1,85,250,'2018-11-09 13:29:52','2018-11-09 13:29:52'),(132,32,35,1,1,'0',1,89,300,'2018-11-09 13:29:52','2018-11-09 13:29:52'),(133,32,35,1,1,'0',1,16,200,'2018-11-09 13:29:52','2018-11-09 13:29:52'),(134,33,36,1,1,'0',1,27,250,'2018-11-09 13:34:20','2018-11-09 13:34:20'),(135,34,37,1,1,'0',1,33,400,'2018-11-09 13:56:40','2018-11-09 13:56:40'),(136,35,38,1,1,'0',1,33,400,'2018-11-09 14:24:43','2018-11-09 14:24:43'),(137,36,39,1,1,'0',1,27,250,'2018-11-09 14:30:37','2018-11-09 14:30:37'),(138,36,39,1,1,'0',1,57,50,'2018-11-09 14:30:37','2018-11-09 14:30:37'),(139,36,39,1,1,'0',1,186,250,'2018-11-09 14:30:37','2018-11-09 14:30:37'),(140,36,39,1,1,'0',1,20,200,'2018-11-09 14:30:37','2018-11-09 14:30:37'),(141,36,39,1,1,'0',1,196,100,'2018-11-09 14:30:37','2018-11-09 14:30:37'),(142,36,39,1,1,'0',1,16,200,'2018-11-09 14:30:37','2018-11-09 14:30:37'),(143,37,40,1,1,'0',1,85,250,'2018-11-09 14:37:24','2018-11-09 14:37:24'),(144,37,40,1,1,'0',1,196,100,'2018-11-09 14:37:25','2018-11-09 14:37:25'),(145,38,41,1,1,'0',1,186,250,'2018-11-09 14:39:43','2018-11-09 14:39:43'),(146,39,42,1,1,'0',1,186,250,'2018-11-09 14:41:47','2018-11-09 14:41:47'),(147,39,42,1,1,'0',1,23,200,'2018-11-09 14:41:47','2018-11-09 14:41:47'),(148,40,43,1,1,'0',1,177,250,'2018-11-09 14:53:42','2018-11-09 14:53:42'),(149,41,44,1,1,'0',1,27,250,'2018-11-09 15:02:20','2018-11-09 15:02:20'),(150,41,44,1,1,'0',1,57,50,'2018-11-09 15:02:20','2018-11-09 15:02:20'),(151,41,44,1,1,'0',1,196,100,'2018-11-09 15:02:20','2018-11-09 15:02:20'),(152,41,44,1,1,'0',1,16,200,'2018-11-09 15:02:20','2018-11-09 15:02:20'),(153,41,44,1,1,'0',1,69,250,'2018-11-09 15:02:20','2018-11-09 15:02:20'),(154,42,45,1,1,'0',1,196,100,'2018-11-09 15:42:28','2018-11-09 15:42:28'),(155,42,45,1,1,'0',1,177,250,'2018-11-09 15:42:28','2018-11-09 15:42:28'),(156,42,45,1,1,'0',1,86,250,'2018-11-09 15:42:28','2018-11-09 15:42:28'),(157,43,46,1,1,'0',1,27,250,'2018-11-09 16:53:38','2018-11-09 16:53:38'),(158,43,46,1,1,'0',1,196,100,'2018-11-09 16:53:38','2018-11-09 16:53:38'),(159,43,46,1,1,'0',1,16,200,'2018-11-09 16:53:38','2018-11-09 16:53:38'),(160,43,46,1,1,'0',1,177,250,'2018-11-09 16:53:39','2018-11-09 16:53:39'),(161,41,47,1,1,'0',1,9,0,'2018-11-09 17:06:56','2018-11-09 17:06:56'),(162,45,48,1,1,'0',1,27,250,'2018-11-10 11:02:57','2018-11-10 11:02:57'),(163,45,48,1,1,'0',1,33,400,'2018-11-10 11:02:57','2018-11-10 11:02:57'),(164,45,49,1,1,'0',1,196,100,'2018-11-10 11:06:13','2018-11-10 11:06:13'),(165,45,49,1,1,'0',1,177,250,'2018-11-10 11:06:13','2018-11-10 11:06:13'),(166,45,49,1,1,'0',1,16,200,'2018-11-10 11:06:13','2018-11-10 11:06:13'),(167,45,49,1,1,'0',1,57,50,'2018-11-10 11:06:13','2018-11-10 11:06:13'),(168,45,49,1,1,'0',1,43,500,'2018-11-10 11:06:13','2018-11-10 11:06:13'),(169,45,49,1,1,'0',1,89,300,'2018-11-10 11:06:13','2018-11-10 11:06:13'),(170,46,50,1,1,'0',1,27,250,'2018-11-10 11:19:27','2018-11-10 11:19:27'),(171,46,50,1,1,'0',1,196,100,'2018-11-10 11:19:27','2018-11-10 11:19:27'),(172,46,50,1,1,'0',1,16,200,'2018-11-10 11:19:27','2018-11-10 11:19:27'),(173,46,50,1,1,'0',1,177,250,'2018-11-10 11:19:27','2018-11-10 11:19:27'),(174,46,50,1,1,'0',1,86,250,'2018-11-10 11:19:27','2018-11-10 11:19:27'),(175,47,51,1,1,'0',1,196,100,'2018-11-10 11:22:49','2018-11-10 11:22:49'),(176,47,51,1,1,'0',1,141,500,'2018-11-10 11:22:49','2018-11-10 11:22:49'),(177,48,52,1,1,'0',1,111,500,'2018-11-10 11:25:16','2018-11-10 11:25:16'),(178,49,53,1,1,'0',1,27,250,'2018-11-10 11:29:59','2018-11-10 11:29:59'),(179,49,53,1,1,'0',1,196,100,'2018-11-10 11:29:59','2018-11-10 11:29:59'),(180,49,53,1,1,'0',1,16,200,'2018-11-10 11:29:59','2018-11-10 11:29:59'),(181,49,53,1,1,'0',1,177,250,'2018-11-10 11:29:59','2018-11-10 11:29:59'),(182,49,53,1,1,'0',1,86,250,'2018-11-10 11:29:59','2018-11-10 11:29:59'),(183,50,54,1,1,'0',1,43,500,'2018-11-10 11:38:07','2018-11-10 11:38:07'),(184,50,54,1,1,'0',1,196,100,'2018-11-10 11:38:07','2018-11-10 11:38:07'),(185,51,55,1,1,'0',1,118,0,'2018-11-10 11:48:02','2018-11-10 11:48:02'),(186,51,55,1,1,'0',1,10,50,'2018-11-10 11:48:02','2018-11-10 11:48:02'),(187,51,55,1,1,'0',1,86,250,'2018-11-10 11:48:02','2018-11-10 11:48:02'),(188,52,56,1,1,'0',1,43,500,'2018-11-10 11:56:26','2018-11-10 11:56:26'),(189,53,57,1,1,'0',1,36,500,'2018-11-10 12:13:51','2018-11-10 12:13:51'),(190,54,58,1,1,'0',1,27,250,'2018-11-10 12:22:09','2018-11-10 12:22:09'),(191,54,58,1,1,'0',1,57,50,'2018-11-10 12:22:09','2018-11-10 12:22:09'),(192,54,58,1,1,'0',1,196,100,'2018-11-10 12:22:10','2018-11-10 12:22:10'),(193,54,58,1,1,'0',1,177,250,'2018-11-10 12:22:10','2018-11-10 12:22:10'),(194,54,58,1,1,'0',1,16,200,'2018-11-10 12:22:10','2018-11-10 12:22:10'),(195,54,58,1,1,'0',1,43,500,'2018-11-10 12:22:10','2018-11-10 12:22:10'),(196,54,58,1,1,'0',1,89,300,'2018-11-10 12:22:10','2018-11-10 12:22:10'),(197,55,59,1,1,'0',1,27,250,'2018-11-10 12:29:02','2018-11-10 12:29:02'),(198,55,59,1,1,'0',1,196,100,'2018-11-10 12:29:02','2018-11-10 12:29:02'),(199,55,59,1,1,'0',1,16,200,'2018-11-10 12:29:02','2018-11-10 12:29:02'),(200,55,59,1,1,'0',1,23,200,'2018-11-10 12:29:02','2018-11-10 12:29:02'),(201,29,60,1,1,'0',1,27,250,'2018-11-10 13:26:12','2018-11-10 13:26:12'),(202,29,60,1,1,'0',1,196,100,'2018-11-10 13:26:12','2018-11-10 13:26:12'),(203,29,60,1,1,'0',1,16,200,'2018-11-10 13:26:12','2018-11-10 13:26:12'),(204,29,60,1,1,'0',1,57,50,'2018-11-10 13:26:12','2018-11-10 13:26:12'),(205,29,60,1,1,'0',1,177,250,'2018-11-10 13:26:12','2018-11-10 13:26:12'),(206,29,60,1,1,'0',1,86,250,'2018-11-10 13:26:12','2018-11-10 13:26:12'),(207,57,61,1,1,'0',1,196,100,'2018-11-10 13:28:22','2018-11-10 13:28:22'),(208,57,61,1,1,'0',1,16,200,'2018-11-10 13:28:22','2018-11-10 13:28:22'),(209,57,61,1,1,'0',1,177,250,'2018-11-10 13:28:22','2018-11-10 13:28:22'),(210,57,61,1,1,'0',1,86,250,'2018-11-10 13:28:22','2018-11-10 13:28:22'),(211,58,62,1,1,'0',1,197,300,'2018-11-10 13:33:35','2018-11-10 13:33:35'),(212,59,63,1,1,'0',1,196,100,'2018-11-10 14:25:29','2018-11-10 14:25:29'),(213,59,63,1,1,'0',1,57,50,'2018-11-10 14:25:29','2018-11-10 14:25:29'),(214,59,63,1,1,'0',1,43,500,'2018-11-10 14:25:29','2018-11-10 14:25:29'),(215,59,63,1,1,'0',1,33,400,'2018-11-10 14:25:29','2018-11-10 14:25:29'),(216,60,64,1,1,'0',1,33,400,'2018-11-10 14:30:04','2018-11-10 14:30:04'),(217,60,64,1,1,'0',1,57,50,'2018-11-10 14:30:04','2018-11-10 14:30:04'),(218,61,65,1,1,'0',1,27,250,'2018-11-10 15:40:45','2018-11-10 15:40:45'),(219,61,65,1,1,'0',1,57,50,'2018-11-10 15:40:45','2018-11-10 15:40:45'),(220,61,65,1,1,'0',1,43,500,'2018-11-10 15:40:45','2018-11-10 15:40:45'),(221,61,65,1,1,'0',1,196,100,'2018-11-10 15:40:45','2018-11-10 15:40:45'),(222,61,65,1,1,'0',1,16,200,'2018-11-10 15:40:45','2018-11-10 15:40:45'),(223,61,65,1,1,'0',1,177,250,'2018-11-10 15:40:45','2018-11-10 15:40:45'),(224,61,65,1,1,'0',1,86,250,'2018-11-10 15:40:45','2018-11-10 15:40:45'),(225,62,66,1,1,'0',1,27,250,'2018-11-10 15:52:29','2018-11-10 15:52:29'),(226,62,66,1,1,'0',1,196,100,'2018-11-10 15:52:29','2018-11-10 15:52:29'),(227,62,66,1,1,'0',1,23,200,'2018-11-10 15:52:29','2018-11-10 15:52:29'),(228,62,66,1,1,'0',1,16,200,'2018-11-10 15:52:29','2018-11-10 15:52:29'),(229,62,66,1,1,'0',1,8,500,'2018-11-10 15:52:29','2018-11-10 15:52:29'),(230,62,66,1,1,'0',1,43,500,'2018-11-10 15:52:29','2018-11-10 15:52:29'),(231,63,67,1,1,'0',1,16,200,'2018-11-10 16:07:44','2018-11-10 16:07:44'),(232,64,68,1,1,'0',1,43,500,'2018-11-10 16:19:19','2018-11-10 16:19:19'),(233,64,68,1,1,'0',1,196,100,'2018-11-10 16:19:19','2018-11-10 16:19:19'),(234,64,68,1,1,'0',1,186,250,'2018-11-10 16:19:19','2018-11-10 16:19:19'),(235,65,69,1,1,'0',1,196,100,'2018-11-10 16:34:22','2018-11-10 16:34:22'),(236,66,70,1,1,'0',1,86,250,'2018-11-10 17:14:32','2018-11-10 17:14:32'),(237,66,70,1,1,'0',1,23,200,'2018-11-10 17:14:32','2018-11-10 17:14:32'),(238,66,70,1,1,'0',1,196,100,'2018-11-10 17:14:32','2018-11-10 17:14:32'),(239,66,70,1,1,'0',1,20,200,'2018-11-10 17:14:32','2018-11-10 17:14:32'),(240,67,71,1,1,'0',1,27,250,'2018-11-10 18:09:47','2018-11-10 18:09:47'),(241,67,71,1,1,'0',1,196,100,'2018-11-10 18:09:47','2018-11-10 18:09:47'),(242,67,71,1,1,'0',1,16,200,'2018-11-10 18:09:47','2018-11-10 18:09:47'),(243,67,71,1,1,'0',1,33,400,'2018-11-10 18:09:47','2018-11-10 18:09:47'),(244,67,71,1,1,'0',1,154,0,'2018-11-10 18:09:47','2018-11-10 18:09:47'),(245,68,72,1,1,'0',1,89,300,'2018-11-10 18:12:04','2018-11-10 18:12:04'),(246,68,72,1,1,'0',1,196,100,'2018-11-10 18:12:04','2018-11-10 18:12:04'),(247,68,72,1,1,'0',1,16,200,'2018-11-10 18:12:04','2018-11-10 18:12:04'),(248,69,73,1,1,'0',1,10,50,'2018-11-10 19:02:16','2018-11-10 19:02:16'),(249,70,74,1,1,'0',1,27,250,'2018-11-10 21:13:33','2018-11-10 21:13:33'),(250,70,74,1,1,'0',1,108,0,'2018-11-10 21:13:33','2018-11-10 21:13:33'),(251,70,74,1,1,'0',1,8,500,'2018-11-10 21:13:33','2018-11-10 21:13:33'),(252,70,74,1,1,'0',1,57,50,'2018-11-10 21:13:33','2018-11-10 21:13:33'),(253,71,75,1,1,'0',1,10,50,'2018-11-11 10:23:24','2018-11-11 10:23:24'),(254,71,75,1,1,'0',1,186,250,'2018-11-11 10:23:24','2018-11-11 10:23:24'),(255,71,75,1,1,'0',1,6,200,'2018-11-11 10:23:24','2018-11-11 10:23:24'),(256,71,75,1,1,'0',1,16,200,'2018-11-11 10:23:24','2018-11-11 10:23:24'),(257,72,76,1,1,'0',1,195,100,'2018-11-11 10:53:31','2018-11-11 10:53:31'),(258,72,76,1,1,'0',1,13,100,'2018-11-11 10:53:31','2018-11-11 10:53:31'),(259,72,76,1,1,'0',1,43,500,'2018-11-11 10:53:31','2018-11-11 10:53:31'),(260,73,77,1,1,'0',1,28,100,'2018-11-11 10:56:42','2018-11-11 10:56:42'),(261,73,77,1,1,'0',1,186,250,'2018-11-11 10:56:42','2018-11-11 10:56:42'),(262,73,77,1,1,'0',1,10,50,'2018-11-11 10:56:42','2018-11-11 10:56:42'),(263,74,78,1,1,'0',1,10,50,'2018-11-11 11:04:34','2018-11-11 11:04:34'),(264,74,78,1,1,'0',1,186,250,'2018-11-11 11:04:34','2018-11-11 11:04:34'),(265,74,78,1,1,'0',1,6,200,'2018-11-11 11:04:34','2018-11-11 11:04:34'),(266,74,78,1,1,'0',1,199,200,'2018-11-11 11:04:34','2018-11-11 11:04:34'),(267,74,78,1,1,'0',1,200,200,'2018-11-11 11:04:34','2018-11-11 11:04:34'),(268,75,79,1,1,'0',1,27,250,'2018-11-11 11:40:27','2018-11-11 11:40:27'),(269,75,79,1,1,'0',1,9,0,'2018-11-11 11:40:27','2018-11-11 11:40:27'),(270,75,79,1,1,'0',1,196,100,'2018-11-11 11:40:27','2018-11-11 11:40:27'),(271,75,79,1,1,'0',1,16,200,'2018-11-11 11:40:27','2018-11-11 11:40:27'),(272,75,79,1,1,'0',1,20,200,'2018-11-11 11:40:27','2018-11-11 11:40:27'),(273,75,79,1,1,'0',1,186,250,'2018-11-11 11:40:27','2018-11-11 11:40:27'),(274,75,79,1,1,'0',1,57,50,'2018-11-11 11:40:27','2018-11-11 11:40:27'),(275,76,80,1,1,'0',1,27,250,'2018-11-11 12:17:11','2018-11-11 12:17:11'),(276,76,80,1,1,'0',1,20,200,'2018-11-11 12:17:11','2018-11-11 12:17:11'),(277,76,80,1,1,'0',1,57,50,'2018-11-11 12:17:11','2018-11-11 12:17:11'),(278,76,80,1,1,'0',1,33,400,'2018-11-11 12:17:11','2018-11-11 12:17:11'),(279,76,80,1,1,'0',1,141,500,'2018-11-11 12:17:11','2018-11-11 12:17:11'),(280,77,81,1,1,'0',1,33,400,'2018-11-11 12:40:27','2018-11-11 12:40:27'),(281,78,82,1,1,'0',1,27,250,'2018-11-11 12:45:00','2018-11-11 12:45:00'),(282,78,82,1,1,'0',1,57,50,'2018-11-11 12:45:00','2018-11-11 12:45:00'),(283,78,82,1,1,'0',1,196,100,'2018-11-11 12:45:00','2018-11-11 12:45:00'),(284,78,82,1,1,'0',1,16,200,'2018-11-11 12:45:00','2018-11-11 12:45:00'),(285,78,82,1,1,'0',1,20,200,'2018-11-11 12:45:00','2018-11-11 12:45:00'),(286,78,82,1,1,'0',1,33,400,'2018-11-11 12:45:00','2018-11-11 12:45:00'),(287,78,82,1,1,'0',1,96,250,'2018-11-11 12:45:01','2018-11-11 12:45:01'),(288,79,83,1,1,'0',1,196,100,'2018-11-11 13:13:07','2018-11-11 13:13:07'),(289,79,83,1,1,'0',1,16,200,'2018-11-11 13:13:07','2018-11-11 13:13:07'),(290,80,84,1,1,'0',1,27,250,'2018-11-11 13:22:13','2018-11-11 13:22:13'),(291,80,84,1,1,'0',1,57,50,'2018-11-11 13:22:13','2018-11-11 13:22:13'),(292,80,84,1,1,'0',1,9,0,'2018-11-11 13:22:13','2018-11-11 13:22:13'),(293,80,84,1,1,'0',1,33,400,'2018-11-11 13:22:13','2018-11-11 13:22:13'),(294,80,84,1,1,'0',1,86,250,'2018-11-11 13:22:13','2018-11-11 13:22:13'),(295,81,85,1,1,'0',1,27,250,'2018-11-11 14:05:47','2018-11-11 14:05:47'),(296,81,85,1,1,'0',1,57,50,'2018-11-11 14:05:47','2018-11-11 14:05:47'),(297,81,85,1,1,'0',1,196,100,'2018-11-11 14:05:47','2018-11-11 14:05:47'),(298,81,85,1,1,'0',1,16,200,'2018-11-11 14:05:47','2018-11-11 14:05:47'),(299,81,85,1,1,'0',1,9,0,'2018-11-11 14:05:48','2018-11-11 14:05:48'),(300,81,85,1,1,'0',1,20,200,'2018-11-11 14:05:48','2018-11-11 14:05:48'),(301,81,85,1,1,'0',1,86,250,'2018-11-11 14:05:48','2018-11-11 14:05:48'),(302,82,86,1,1,'0',1,196,100,'2018-11-11 14:18:51','2018-11-11 14:18:51'),(303,82,86,1,1,'0',1,16,200,'2018-11-11 14:18:51','2018-11-11 14:18:51'),(304,82,86,1,1,'0',1,23,200,'2018-11-11 14:18:51','2018-11-11 14:18:51'),(305,82,86,1,1,'0',1,28,100,'2018-11-11 14:18:51','2018-11-11 14:18:51'),(306,83,87,1,1,'0',1,27,250,'2018-11-11 14:28:05','2018-11-11 14:28:05'),(307,83,87,1,1,'0',1,16,200,'2018-11-11 14:28:05','2018-11-11 14:28:05'),(308,83,87,1,1,'0',1,196,100,'2018-11-11 14:28:05','2018-11-11 14:28:05'),(309,84,88,1,1,'Saiful (Dolaituli)',1,27,250,'2018-11-11 15:05:18','2018-11-11 15:05:18'),(310,84,88,1,1,'Saiful (Dolaituli)',1,20,200,'2018-11-11 15:05:18','2018-11-11 15:05:18'),(311,84,88,1,1,'Saiful (Dolaituli)',1,57,50,'2018-11-11 15:05:18','2018-11-11 15:05:18'),(312,84,88,1,1,'Saiful (Dolaituli)',1,63,250,'2018-11-11 15:05:18','2018-11-11 15:05:18'),(313,85,89,1,1,'0',1,186,250,'2018-11-11 17:57:20','2018-11-11 17:57:20'),(314,85,89,1,1,'0',1,6,200,'2018-11-11 17:57:20','2018-11-11 17:57:20'),(315,85,89,1,1,'0',1,199,200,'2018-11-11 17:57:20','2018-11-11 17:57:20'),(316,85,89,1,1,'0',1,200,200,'2018-11-11 17:57:20','2018-11-11 17:57:20'),(317,86,90,1,1,'0',1,28,100,'2018-11-11 18:22:57','2018-11-11 18:22:57'),(318,87,91,1,1,'0',1,196,100,'2018-11-12 11:00:03','2018-11-12 11:00:03'),(319,87,91,1,1,'0',1,70,250,'2018-11-12 11:00:03','2018-11-12 11:00:03'),(320,87,91,1,1,'0',1,10,50,'2018-11-12 11:00:03','2018-11-12 11:00:03'),(321,88,92,1,1,'0',1,86,250,'2018-11-12 11:09:32','2018-11-12 11:09:32'),(322,88,92,1,1,'0',1,196,100,'2018-11-12 11:09:32','2018-11-12 11:09:32'),(323,88,92,1,1,'0',1,16,200,'2018-11-12 11:09:32','2018-11-12 11:09:32'),(324,73,93,1,1,'0',1,177,250,'2018-11-12 11:12:52','2018-11-12 11:12:52'),(325,89,94,1,1,'0',1,199,200,'2018-11-12 11:19:44','2018-11-12 11:19:44'),(326,89,94,1,1,'0',1,200,200,'2018-11-12 11:19:45','2018-11-12 11:19:45'),(327,90,95,1,1,'0',1,86,250,'2018-11-12 11:29:41','2018-11-12 11:29:41'),(328,92,96,1,1,'0',1,177,250,'2018-11-12 11:43:16','2018-11-12 11:43:16'),(329,92,96,1,1,'0',1,201,300,'2018-11-12 11:43:16','2018-11-12 11:43:16'),(330,92,96,1,1,'0',1,57,50,'2018-11-12 11:43:16','2018-11-12 11:43:16'),(331,92,96,1,1,'0',1,43,500,'2018-11-12 11:43:16','2018-11-12 11:43:16'),(332,92,96,1,1,'0',1,196,100,'2018-11-12 11:43:16','2018-11-12 11:43:16'),(333,92,96,1,1,'0',1,16,200,'2018-11-12 11:43:16','2018-11-12 11:43:16'),(334,93,97,1,1,'0',1,27,250,'2018-11-12 12:00:40','2018-11-12 12:00:40'),(335,93,97,1,1,'0',1,196,100,'2018-11-12 12:00:40','2018-11-12 12:00:40'),(336,93,97,1,1,'0',1,16,200,'2018-11-12 12:00:40','2018-11-12 12:00:40'),(337,93,97,1,1,'0',1,9,200,'2018-11-12 12:00:40','2018-11-12 12:00:40'),(338,93,97,1,1,'0',1,197,300,'2018-11-12 12:00:40','2018-11-12 12:00:40'),(339,93,97,1,1,'0',1,57,50,'2018-11-12 12:00:40','2018-11-12 12:00:40'),(340,93,97,1,1,'0',1,86,250,'2018-11-12 12:00:41','2018-11-12 12:00:41'),(341,93,97,1,1,'0',1,112,200,'2018-11-12 12:00:41','2018-11-12 12:00:41'),(342,94,98,1,1,'0',1,27,250,'2018-11-12 12:03:34','2018-11-12 12:03:34'),(343,94,98,1,1,'0',1,3,200,'2018-11-12 12:03:34','2018-11-12 12:03:34'),(344,94,98,1,1,'0',1,8,500,'2018-11-12 12:03:34','2018-11-12 12:03:34'),(345,94,98,1,1,'0',1,10,50,'2018-11-12 12:03:34','2018-11-12 12:03:34'),(346,95,99,1,1,'0',1,43,500,'2018-11-12 12:05:10','2018-11-12 12:05:10'),(347,95,99,1,1,'0',1,45,600,'2018-11-12 12:05:10','2018-11-12 12:05:10'),(348,96,100,1,1,'0',1,43,500,'2018-11-12 12:08:08','2018-11-12 12:08:08'),(349,97,101,1,1,'0',1,36,500,'2018-11-12 12:11:29','2018-11-12 12:11:29'),(350,98,102,1,1,'0',1,27,250,'2018-11-12 12:28:02','2018-11-12 12:28:02'),(351,98,102,1,1,'0',1,177,250,'2018-11-12 12:28:02','2018-11-12 12:28:02'),(352,98,102,1,1,'0',1,196,100,'2018-11-12 12:28:02','2018-11-12 12:28:02'),(353,98,102,1,1,'0',1,16,200,'2018-11-12 12:28:02','2018-11-12 12:28:02'),(354,98,102,1,1,'0',1,112,200,'2018-11-12 12:28:02','2018-11-12 12:28:02'),(355,99,103,1,1,'0',1,27,250,'2018-11-12 12:35:05','2018-11-12 12:35:05'),(356,99,103,1,1,'0',1,20,200,'2018-11-12 12:35:05','2018-11-12 12:35:05'),(357,99,103,1,1,'0',1,57,50,'2018-11-12 12:35:05','2018-11-12 12:35:05'),(358,99,103,1,1,'0',1,9,200,'2018-11-12 12:35:05','2018-11-12 12:35:05'),(359,99,103,1,1,'0',1,177,250,'2018-11-12 12:35:05','2018-11-12 12:35:05'),(360,99,103,1,1,'0',1,196,100,'2018-11-12 12:35:05','2018-11-12 12:35:05'),(361,99,103,1,1,'0',1,16,200,'2018-11-12 12:35:05','2018-11-12 12:35:05'),(362,99,103,1,1,'0',1,86,250,'2018-11-12 12:35:05','2018-11-12 12:35:05'),(363,99,103,1,1,'0',1,66,250,'2018-11-12 12:35:05','2018-11-12 12:35:05'),(364,100,104,1,1,'0',1,63,250,'2018-11-12 12:43:13','2018-11-12 12:43:13'),(365,100,104,1,1,'0',1,62,250,'2018-11-12 12:43:13','2018-11-12 12:43:13'),(366,101,105,1,1,'0',1,86,250,'2018-11-12 13:21:25','2018-11-12 13:21:25'),(367,101,105,1,1,'0',1,196,100,'2018-11-12 13:21:25','2018-11-12 13:21:25'),(368,101,105,1,1,'0',1,33,400,'2018-11-12 13:21:25','2018-11-12 13:21:25'),(369,102,106,1,1,'0',1,27,250,'2018-11-12 13:24:56','2018-11-12 13:24:56'),(370,102,106,1,1,'0',1,196,100,'2018-11-12 13:24:56','2018-11-12 13:24:56'),(371,102,106,1,1,'0',1,16,200,'2018-11-12 13:24:56','2018-11-12 13:24:56'),(372,102,106,1,1,'0',1,20,200,'2018-11-12 13:24:56','2018-11-12 13:24:56'),(373,102,106,1,1,'0',1,33,400,'2018-11-12 13:24:56','2018-11-12 13:24:56'),(374,103,107,1,1,'0',1,199,200,'2018-11-12 14:08:26','2018-11-12 14:08:26'),(375,103,107,1,1,'0',1,186,250,'2018-11-12 14:08:26','2018-11-12 14:08:26'),(376,103,107,1,1,'0',1,200,200,'2018-11-12 14:08:26','2018-11-12 14:08:26'),(377,104,108,1,1,'0',1,27,250,'2018-11-12 14:31:18','2018-11-12 14:31:18'),(378,104,108,1,1,'0',1,57,50,'2018-11-12 14:31:18','2018-11-12 14:31:18'),(379,104,108,1,1,'0',1,196,100,'2018-11-12 14:31:18','2018-11-12 14:31:18'),(380,104,108,1,1,'0',1,16,200,'2018-11-12 14:31:18','2018-11-12 14:31:18'),(381,104,108,1,1,'0',1,26,0,'2018-11-12 14:31:18','2018-11-12 14:31:18'),(382,104,108,1,1,'0',1,43,500,'2018-11-12 14:31:18','2018-11-12 14:31:18'),(383,104,108,1,1,'0',1,33,400,'2018-11-12 14:31:18','2018-11-12 14:31:18'),(384,105,109,1,1,'0',1,27,250,'2018-11-12 14:41:56','2018-11-12 14:41:56'),(385,105,109,1,1,'0',1,196,100,'2018-11-12 14:41:56','2018-11-12 14:41:56'),(386,105,109,1,1,'0',1,23,200,'2018-11-12 14:41:56','2018-11-12 14:41:56'),(387,105,109,1,1,'0',1,16,200,'2018-11-12 14:41:56','2018-11-12 14:41:56'),(388,105,109,1,1,'0',1,177,250,'2018-11-12 14:41:56','2018-11-12 14:41:56'),(389,105,109,1,1,'0',1,141,500,'2018-11-12 14:41:56','2018-11-12 14:41:56'),(390,105,109,1,1,'0',1,187,500,'2018-11-12 14:41:56','2018-11-12 14:41:56'),(391,106,110,1,1,'0',1,27,250,'2018-11-12 15:10:08','2018-11-12 15:10:08'),(392,106,110,1,1,'0',1,57,50,'2018-11-12 15:10:08','2018-11-12 15:10:08'),(393,106,110,1,1,'0',1,196,100,'2018-11-12 15:10:08','2018-11-12 15:10:08'),(394,106,110,1,1,'0',1,16,200,'2018-11-12 15:10:08','2018-11-12 15:10:08'),(395,106,110,1,1,'0',1,186,250,'2018-11-12 15:10:08','2018-11-12 15:10:08'),(396,107,111,1,1,'0',1,196,100,'2018-11-12 16:18:55','2018-11-12 16:18:55'),(397,108,112,1,1,'0',1,196,100,'2018-11-12 16:41:57','2018-11-12 16:41:57'),(398,108,112,1,1,'0',1,16,200,'2018-11-12 16:41:57','2018-11-12 16:41:57'),(399,109,113,1,1,'0',1,27,250,'2018-11-12 17:52:50','2018-11-12 17:52:50'),(400,109,113,1,1,'0',1,196,100,'2018-11-12 17:52:50','2018-11-12 17:52:50'),(401,109,113,1,1,'0',1,16,200,'2018-11-12 17:52:50','2018-11-12 17:52:50'),(402,109,113,1,1,'0',1,57,50,'2018-11-12 17:52:50','2018-11-12 17:52:50'),(403,110,114,1,1,'0',1,27,250,'2018-11-12 17:55:09','2018-11-12 17:55:09'),(404,110,114,1,1,'0',1,196,100,'2018-11-12 17:55:09','2018-11-12 17:55:09'),(405,110,114,1,1,'0',1,16,200,'2018-11-12 17:55:09','2018-11-12 17:55:09'),(406,110,114,1,1,'0',1,23,200,'2018-11-12 17:55:09','2018-11-12 17:55:09'),(407,110,114,1,1,'0',1,141,500,'2018-11-12 17:55:09','2018-11-12 17:55:09'),(408,111,115,1,1,'0',1,16,200,'2018-11-12 18:16:50','2018-11-12 18:16:50'),(409,111,115,1,1,'0',1,43,500,'2018-11-12 18:16:50','2018-11-12 18:16:50'),(410,112,116,1,1,'0',1,27,250,'2018-11-12 18:22:24','2018-11-12 18:22:24'),(411,112,116,1,1,'0',1,196,100,'2018-11-12 18:22:24','2018-11-12 18:22:24'),(412,112,116,1,1,'0',1,16,200,'2018-11-12 18:22:24','2018-11-12 18:22:24'),(413,112,116,1,1,'0',1,23,200,'2018-11-12 18:22:24','2018-11-12 18:22:24'),(414,112,116,1,1,'0',1,141,500,'2018-11-12 18:22:25','2018-11-12 18:22:25'),(415,113,117,1,1,'0',1,57,50,'2018-11-13 09:54:47','2018-11-13 09:54:47'),(416,113,117,1,1,'0',1,163,100,'2018-11-13 09:54:47','2018-11-13 09:54:47'),(417,113,117,1,1,'0',1,33,400,'2018-11-13 09:54:47','2018-11-13 09:54:47'),(418,114,118,1,1,'0',1,34,500,'2018-11-13 12:01:17','2018-11-13 12:01:17'),(419,114,119,1,1,'0',1,34,500,'2018-11-13 12:03:29','2018-11-13 12:03:29'),(420,115,120,1,1,'0',1,196,100,'2018-11-13 12:05:26','2018-11-13 12:05:26'),(421,116,121,1,1,'0',1,10,50,'2018-11-13 13:02:30','2018-11-13 13:02:30'),(422,116,121,1,1,'0',1,28,100,'2018-11-13 13:02:30','2018-11-13 13:02:30'),(423,116,121,1,1,'0',1,186,250,'2018-11-13 13:02:30','2018-11-13 13:02:30'),(424,116,121,1,1,'0',1,36,500,'2018-11-13 13:02:30','2018-11-13 13:02:30'),(425,117,122,1,1,'0',1,196,100,'2018-11-13 13:04:02','2018-11-13 13:04:02'),(426,118,123,1,1,'0',1,27,250,'2018-11-13 13:06:01','2018-11-13 13:06:01'),(427,119,124,1,1,'0',1,28,100,'2018-11-13 13:51:48','2018-11-13 13:51:48'),(428,119,124,1,1,'0',1,186,250,'2018-11-13 13:51:48','2018-11-13 13:51:48'),(429,122,125,1,1,'0',1,36,500,'2018-11-13 15:42:06','2018-11-13 15:42:06'),(430,122,126,1,1,'0',1,10,50,'2018-11-13 16:08:42','2018-11-13 16:08:42'),(431,124,127,1,1,'0',1,186,250,'2018-11-13 16:20:58','2018-11-13 16:20:58'),(432,124,127,1,1,'0',1,6,200,'2018-11-13 16:20:58','2018-11-13 16:20:58'),(433,124,127,1,1,'0',1,199,200,'2018-11-13 16:20:58','2018-11-13 16:20:58'),(434,124,127,1,1,'0',1,200,200,'2018-11-13 16:20:58','2018-11-13 16:20:58'),(435,125,128,1,1,'0',1,27,250,'2018-11-13 17:31:22','2018-11-13 17:31:22'),(436,125,128,1,1,'0',1,196,100,'2018-11-13 17:31:22','2018-11-13 17:31:22'),(437,125,128,1,1,'0',1,16,200,'2018-11-13 17:31:22','2018-11-13 17:31:22'),(438,125,128,1,1,'0',1,177,250,'2018-11-13 17:31:23','2018-11-13 17:31:23'),(439,125,128,1,1,'0',1,57,50,'2018-11-13 17:31:23','2018-11-13 17:31:23'),(440,125,128,1,1,'0',1,6,200,'2018-11-13 17:31:23','2018-11-13 17:31:23'),(441,126,129,1,1,'0',1,196,100,'2018-11-13 17:39:36','2018-11-13 17:39:36'),(442,126,129,1,1,'0',1,16,200,'2018-11-13 17:39:36','2018-11-13 17:39:36'),(443,126,129,1,1,'0',1,177,250,'2018-11-13 17:39:36','2018-11-13 17:39:36'),(444,126,129,1,1,'0',1,57,50,'2018-11-13 17:39:36','2018-11-13 17:39:36'),(445,126,129,1,1,'0',1,28,100,'2018-11-13 17:39:36','2018-11-13 17:39:36'),(446,127,130,1,1,'0',1,27,250,'2018-11-13 18:15:21','2018-11-13 18:15:21'),(447,127,130,1,1,'0',1,177,250,'2018-11-13 18:15:21','2018-11-13 18:15:21'),(448,127,130,1,1,'0',1,16,200,'2018-11-13 18:15:21','2018-11-13 18:15:21'),(449,127,130,1,1,'0',1,57,50,'2018-11-13 18:15:21','2018-11-13 18:15:21'),(450,127,130,1,1,'0',1,86,250,'2018-11-13 18:15:21','2018-11-13 18:15:21'),(451,128,131,1,1,'0',1,28,100,'2018-11-13 18:57:59','2018-11-13 18:57:59'),(452,128,131,1,1,'0',1,141,500,'2018-11-13 18:57:59','2018-11-13 18:57:59'),(453,128,131,1,1,'0',1,16,200,'2018-11-13 18:57:59','2018-11-13 18:57:59'),(454,129,132,1,1,'0',1,27,250,'2018-11-13 19:52:49','2018-11-13 19:52:49'),(455,129,132,1,1,'0',1,23,200,'2018-11-13 19:52:49','2018-11-13 19:52:49'),(456,129,132,1,1,'0',1,26,200,'2018-11-13 19:52:49','2018-11-13 19:52:49'),(457,129,132,1,1,'0',1,186,250,'2018-11-13 19:52:49','2018-11-13 19:52:49'),(458,129,132,1,1,'0',1,43,500,'2018-11-13 19:52:49','2018-11-13 19:52:49'),(459,129,132,1,1,'0',1,141,500,'2018-11-13 19:52:49','2018-11-13 19:52:49'),(460,129,132,1,1,'0',1,33,400,'2018-11-13 19:52:49','2018-11-13 19:52:49'),(461,131,133,1,1,'0',1,33,400,'2018-11-13 21:07:51','2018-11-13 21:07:51'),(462,132,134,1,1,'0',1,195,100,'2018-11-14 10:43:33','2018-11-14 10:43:33'),(463,132,134,1,1,'0',1,13,100,'2018-11-14 10:43:34','2018-11-14 10:43:34'),(464,132,134,1,1,'0',1,111,500,'2018-11-14 10:43:34','2018-11-14 10:43:34'),(465,132,134,1,1,'0',1,177,250,'2018-11-14 10:43:34','2018-11-14 10:43:34'),(466,133,135,1,1,'0',1,10,50,'2018-11-14 10:49:37','2018-11-14 10:49:37'),(467,133,135,1,1,'0',1,186,250,'2018-11-14 10:49:37','2018-11-14 10:49:37'),(468,133,135,1,1,'0',1,6,200,'2018-11-14 10:49:37','2018-11-14 10:49:37'),(469,133,135,1,1,'0',1,199,200,'2018-11-14 10:49:37','2018-11-14 10:49:37'),(470,133,135,1,1,'0',1,200,200,'2018-11-14 10:49:37','2018-11-14 10:49:37'),(471,134,136,1,1,'0',1,28,100,'2018-11-14 10:55:24','2018-11-14 10:55:24'),(472,135,137,1,1,'0',1,86,250,'2018-11-14 11:08:48','2018-11-14 11:08:48'),(473,136,138,1,1,'0',1,196,100,'2018-11-14 11:29:27','2018-11-14 11:29:27'),(474,136,138,1,1,'0',1,16,200,'2018-11-14 11:29:27','2018-11-14 11:29:27'),(475,136,138,1,1,'0',1,57,50,'2018-11-14 11:29:27','2018-11-14 11:29:27'),(476,136,138,1,1,'0',1,43,500,'2018-11-14 11:29:27','2018-11-14 11:29:27'),(477,136,138,1,1,'0',1,33,400,'2018-11-14 11:29:27','2018-11-14 11:29:27'),(478,137,139,1,1,'0',1,111,500,'2018-11-14 11:38:55','2018-11-14 11:38:55'),(479,87,140,1,1,'0',1,196,100,'2018-11-14 11:59:25','2018-11-14 11:59:25'),(480,139,141,1,1,'0',1,57,50,'2018-11-14 12:03:46','2018-11-14 12:03:46'),(481,139,141,1,1,'0',1,196,100,'2018-11-14 12:03:46','2018-11-14 12:03:46'),(482,139,141,1,1,'0',1,16,200,'2018-11-14 12:03:46','2018-11-14 12:03:46'),(483,139,141,1,1,'0',1,33,400,'2018-11-14 12:03:46','2018-11-14 12:03:46'),(484,140,142,1,1,'0',1,10,50,'2018-11-14 12:22:33','2018-11-14 12:22:33'),(485,141,143,1,1,'0',1,10,50,'2018-11-14 12:26:40','2018-11-14 12:26:40'),(486,142,144,1,1,'0',1,196,100,'2018-11-14 12:47:46','2018-11-14 12:47:46'),(487,142,144,1,1,'0',1,16,200,'2018-11-14 12:47:46','2018-11-14 12:47:46'),(488,142,144,1,1,'0',1,57,50,'2018-11-14 12:47:46','2018-11-14 12:47:46'),(489,142,144,1,1,'0',1,177,250,'2018-11-14 12:47:46','2018-11-14 12:47:46'),(490,142,144,1,1,'0',1,86,250,'2018-11-14 12:47:46','2018-11-14 12:47:46'),(491,143,145,1,1,'0',1,186,250,'2018-11-14 12:57:26','2018-11-14 12:57:26'),(492,143,145,1,1,'0',1,6,200,'2018-11-14 12:57:26','2018-11-14 12:57:26'),(493,143,145,1,1,'0',1,199,200,'2018-11-14 12:57:26','2018-11-14 12:57:26'),(494,143,145,1,1,'0',1,10,50,'2018-11-14 12:57:26','2018-11-14 12:57:26'),(495,145,146,1,1,'0',1,27,250,'2018-11-14 13:14:57','2018-11-14 13:14:57'),(496,145,146,1,1,'0',1,177,250,'2018-11-14 13:14:57','2018-11-14 13:14:57'),(497,145,146,1,1,'0',1,86,250,'2018-11-14 13:14:57','2018-11-14 13:14:57'),(498,145,146,1,1,'0',1,196,100,'2018-11-14 13:14:57','2018-11-14 13:14:57'),(499,145,146,1,1,'0',1,16,200,'2018-11-14 13:14:57','2018-11-14 13:14:57'),(500,145,146,1,1,'0',1,57,50,'2018-11-14 13:14:57','2018-11-14 13:14:57'),(501,145,146,1,1,'0',1,197,300,'2018-11-14 13:14:57','2018-11-14 13:14:57'),(502,145,146,1,1,'0',1,7,150,'2018-11-14 13:14:57','2018-11-14 13:14:57'),(503,146,147,1,1,'0',1,36,500,'2018-11-14 13:23:57','2018-11-14 13:23:57'),(504,147,148,1,1,'0',1,27,250,'2018-11-14 13:30:49','2018-11-14 13:30:49'),(505,147,148,1,1,'0',1,23,200,'2018-11-14 13:30:49','2018-11-14 13:30:49'),(506,147,148,1,1,'0',1,16,200,'2018-11-14 13:30:49','2018-11-14 13:30:49'),(507,147,148,1,1,'0',1,102,0,'2018-11-14 13:30:49','2018-11-14 13:30:49'),(508,148,149,1,1,'0',1,196,100,'2018-11-14 13:53:32','2018-11-14 13:53:32'),(509,148,149,1,1,'0',1,16,200,'2018-11-14 13:53:32','2018-11-14 13:53:32'),(510,148,149,1,1,'0',1,89,300,'2018-11-14 13:53:32','2018-11-14 13:53:32'),(511,149,150,1,1,'0',1,196,100,'2018-11-14 14:04:23','2018-11-14 14:04:23'),(512,149,150,1,1,'0',1,177,250,'2018-11-14 14:04:23','2018-11-14 14:04:23'),(513,149,150,1,1,'0',1,16,200,'2018-11-14 14:04:23','2018-11-14 14:04:23'),(514,149,150,1,1,'0',1,9,200,'2018-11-14 14:04:23','2018-11-14 14:04:23'),(515,149,150,1,1,'0',1,57,50,'2018-11-14 14:04:23','2018-11-14 14:04:23'),(516,150,151,1,1,'0',1,27,250,'2018-11-14 14:19:52','2018-11-14 14:19:52'),(517,150,151,1,1,'0',1,57,50,'2018-11-14 14:19:52','2018-11-14 14:19:52'),(518,150,151,1,1,'0',1,196,100,'2018-11-14 14:19:52','2018-11-14 14:19:52'),(519,150,151,1,1,'0',1,16,200,'2018-11-14 14:19:52','2018-11-14 14:19:52'),(520,150,151,1,1,'0',1,23,200,'2018-11-14 14:19:52','2018-11-14 14:19:52'),(521,150,151,1,1,'0',1,177,250,'2018-11-14 14:19:52','2018-11-14 14:19:52'),(522,150,151,1,1,'0',1,141,500,'2018-11-14 14:19:52','2018-11-14 14:19:52'),(523,150,151,1,1,'0',1,17,0,'2018-11-14 14:19:53','2018-11-14 14:19:53'),(524,150,151,1,1,'0',1,142,250,'2018-11-14 14:19:53','2018-11-14 14:19:53'),(525,150,151,1,1,'0',1,26,200,'2018-11-14 14:19:53','2018-11-14 14:19:53'),(526,150,151,1,1,'0',1,43,500,'2018-11-14 14:19:53','2018-11-14 14:19:53'),(527,150,151,1,1,'0',1,33,400,'2018-11-14 14:19:53','2018-11-14 14:19:53'),(528,150,151,1,1,'0',1,86,250,'2018-11-14 14:19:53','2018-11-14 14:19:53'),(529,150,151,1,1,'0',1,202,500,'2018-11-14 14:19:53','2018-11-14 14:19:53'),(530,152,152,1,1,'0',1,43,500,'2018-11-14 14:22:13','2018-11-14 14:22:13'),(531,153,153,1,1,'0',1,62,250,'2018-11-14 14:32:54','2018-11-14 14:32:54'),(532,153,153,1,1,'0',1,196,100,'2018-11-14 14:32:54','2018-11-14 14:32:54'),(533,153,153,1,1,'0',1,16,200,'2018-11-14 14:32:54','2018-11-14 14:32:54'),(534,154,154,1,1,'0',1,33,400,'2018-11-14 14:34:53','2018-11-14 14:34:53'),(535,155,155,1,1,'0',1,27,250,'2018-11-14 15:15:06','2018-11-14 15:15:06'),(536,155,155,1,1,'0',1,197,300,'2018-11-14 15:15:06','2018-11-14 15:15:06'),(537,0,156,1,1,'0',1,27,250,'2018-11-14 17:15:16','2018-11-14 17:15:16'),(538,0,156,1,1,'0',1,57,50,'2018-11-14 17:15:16','2018-11-14 17:15:16'),(539,0,156,1,1,'0',1,196,100,'2018-11-14 17:15:16','2018-11-14 17:15:16'),(540,0,156,1,1,'0',1,16,200,'2018-11-14 17:15:16','2018-11-14 17:15:16'),(541,0,156,1,1,'0',1,43,500,'2018-11-14 17:15:16','2018-11-14 17:15:16'),(542,0,156,1,1,'0',1,141,500,'2018-11-14 17:15:16','2018-11-14 17:15:16'),(543,0,156,1,1,'0',1,177,250,'2018-11-14 17:15:16','2018-11-14 17:15:16'),(544,0,156,1,1,'0',1,62,250,'2018-11-14 17:15:17','2018-11-14 17:15:17'),(545,0,175,1,1,'0',1,27,250,'2018-11-14 17:27:08','2018-11-14 17:27:08'),(546,0,175,1,1,'0',1,20,200,'2018-11-14 17:27:08','2018-11-14 17:27:08'),(547,0,175,1,1,'0',1,33,400,'2018-11-14 17:27:08','2018-11-14 17:27:08'),(548,0,180,1,1,'0',1,27,250,'2018-11-14 17:43:53','2018-11-14 17:43:53'),(549,0,180,1,1,'0',1,20,200,'2018-11-14 17:43:53','2018-11-14 17:43:53'),(550,0,180,1,1,'0',1,33,400,'2018-11-14 17:43:53','2018-11-14 17:43:53'),(551,160,193,1,1,'gg',1,28,100,'2018-11-14 18:28:10','2018-11-14 18:28:10'),(552,161,194,1,1,'0',1,28,100,'2018-11-14 18:29:13','2018-11-14 18:29:13'),(553,162,195,1,1,'0',1,27,250,'2018-11-14 18:32:44','2018-11-14 18:32:44'),(554,162,195,1,1,'0',1,20,200,'2018-11-14 18:32:44','2018-11-14 18:32:44'),(555,162,195,1,1,'0',1,33,400,'2018-11-14 18:32:44','2018-11-14 18:32:44'),(556,163,196,1,1,'0',1,27,250,'2018-11-14 18:46:54','2018-11-14 18:46:54'),(557,163,196,1,1,'0',1,57,50,'2018-11-14 18:46:54','2018-11-14 18:46:54'),(558,163,196,1,1,'0',1,196,100,'2018-11-14 18:46:54','2018-11-14 18:46:54'),(559,163,196,1,1,'0',1,16,200,'2018-11-14 18:46:54','2018-11-14 18:46:54'),(560,163,196,1,1,'0',1,20,200,'2018-11-14 18:46:54','2018-11-14 18:46:54'),(561,163,196,1,1,'0',1,9,200,'2018-11-14 18:46:54','2018-11-14 18:46:54'),(562,164,197,1,1,'0',1,27,250,'2018-11-14 18:57:25','2018-11-14 18:57:25'),(563,164,197,1,1,'0',1,57,50,'2018-11-14 18:57:25','2018-11-14 18:57:25'),(564,164,197,1,1,'0',1,196,100,'2018-11-14 18:57:25','2018-11-14 18:57:25'),(565,164,197,1,1,'0',1,16,200,'2018-11-14 18:57:25','2018-11-14 18:57:25'),(566,164,197,1,1,'0',1,43,500,'2018-11-14 18:57:25','2018-11-14 18:57:25'),(567,164,197,1,1,'0',1,141,500,'2018-11-14 18:57:25','2018-11-14 18:57:25'),(568,164,197,1,1,'0',1,177,250,'2018-11-14 18:57:25','2018-11-14 18:57:25'),(569,164,197,1,1,'0',1,62,250,'2018-11-14 18:57:25','2018-11-14 18:57:25'),(570,166,198,1,1,'Dr.Shohag (Moishade)',1,3,0,'2018-11-16 02:59:55','2018-11-16 02:59:55'),(571,166,198,1,1,'Dr.Shohag (Moishade)',1,4,0,'2018-11-16 02:59:55','2018-11-16 02:59:55'),(572,166,198,1,1,'Dr.Shohag (Moishade)',1,5,0,'2018-11-16 02:59:55','2018-11-16 02:59:55'),(573,167,199,1,1,'Dr.Shohag (Moishade)',1,5,0,'2018-11-16 14:23:07','2018-11-16 14:23:07'),(574,167,199,1,1,'Dr.Shohag (Moishade)',1,111,500,'2018-11-16 14:23:07','2018-11-16 14:23:07'),(575,167,199,1,1,'Dr.Shohag (Moishade)',1,9,200,'2018-11-16 14:23:07','2018-11-16 14:23:07'),(576,168,200,1,1,'Saiful (Dolaituli)',1,3,0,'2018-11-16 15:04:06','2018-11-16 15:04:06'),(577,168,200,1,1,'Saiful (Dolaituli)',1,4,0,'2018-11-16 15:04:06','2018-11-16 15:04:06'),(578,168,200,1,1,'Saiful (Dolaituli)',1,111,500,'2018-11-16 15:04:06','2018-11-16 15:04:06'),(579,168,200,1,1,'Saiful (Dolaituli)',1,12,100,'2018-11-16 15:04:06','2018-11-16 15:04:06'),(580,169,201,1,1,'Saiful (Dolaituli)',1,3,0,'2018-11-17 02:28:08','2018-11-17 02:28:08'),(581,169,201,1,1,'Saiful (Dolaituli)',1,4,0,'2018-11-17 02:28:08','2018-11-17 02:28:08'),(582,169,201,1,1,'Saiful (Dolaituli)',1,9,200,'2018-11-17 02:28:08','2018-11-17 02:28:08');

/*Table structure for table `doctor` */

DROP TABLE IF EXISTS `doctor`;

CREATE TABLE `doctor` (
  `doctor_id` int(150) NOT NULL AUTO_INCREMENT,
  `doctor_title` varchar(250) DEFAULT NULL,
  `doctor_education` varchar(250) DEFAULT NULL,
  `doctor_degree` text,
  `profile_img` varchar(200) DEFAULT NULL,
  `created_at` datetime DEFAULT NULL,
  `add_by` int(150) DEFAULT NULL,
  `doctor_type` int(150) DEFAULT NULL COMMENT '1= MBBS,2=Quack,3=BDS',
  `consult_fee` double(10,2) DEFAULT NULL COMMENT 'this fee for chamber charge',
  `emergency_fee` double(10,2) DEFAULT NULL COMMENT 'this fee for emergency call for patient at any tym',
  `icu_duty_fee` double(10,2) DEFAULT NULL COMMENT 'fee for icu duty',
  `board_duty_fee` double(10,2) DEFAULT NULL COMMENT 'fee for board meeting duty fee',
  `hospital_id` int(150) DEFAULT NULL,
  `doc_mobile_no` varchar(250) DEFAULT NULL,
  PRIMARY KEY (`doctor_id`)
) ENGINE=InnoDB AUTO_INCREMENT=66 DEFAULT CHARSET=latin1;

/*Data for the table `doctor` */

insert  into `doctor`(`doctor_id`,`doctor_title`,`doctor_education`,`doctor_degree`,`profile_img`,`created_at`,`add_by`,`doctor_type`,`consult_fee`,`emergency_fee`,`icu_duty_fee`,`board_duty_fee`,`hospital_id`,`doc_mobile_no`) values (3,'gg',NULL,'ggg',NULL,NULL,9,2,NULL,NULL,NULL,NULL,5,'67976967'),(4,'self',NULL,'',NULL,NULL,5,1,NULL,NULL,NULL,NULL,5,''),(6,'Dr.Md.Younus Khan',NULL,'MBBS.FCPS(Medicine)PGT(Endrocrynology)',NULL,NULL,5,1,NULL,NULL,NULL,NULL,5,'01673-414961'),(7,'Dr.Md.Younus Khan',NULL,'MBBS.FCPS(Medicine)PGT(Endrocrynology)',NULL,NULL,9,1,NULL,NULL,NULL,NULL,5,'01673-414961'),(8,'Dr,Md.Shafiul Alam Pavel',NULL,'MBB,(AFMC),CMU (USG)',NULL,NULL,9,1,NULL,NULL,NULL,NULL,5,'01732095188'),(9,'Dr.Mrs.Nishe',NULL,'MBBS,(USG)',NULL,NULL,9,1,NULL,NULL,NULL,NULL,5,'01732002398'),(10,'Dr,Tabenda Akter',NULL,'MBBS,FCPS (USG),Gaine.',NULL,NULL,9,1,NULL,NULL,NULL,NULL,5,'01716285016'),(11,'Dr.Shohag (Moishade)',NULL,'self',NULL,NULL,9,2,NULL,NULL,NULL,NULL,5,'01820003238'),(12,'Saiful (Dolaituli)',NULL,'self',NULL,NULL,9,2,NULL,NULL,NULL,NULL,5,'01829909908'),(13,'Dr.Mukil  (Chor Voirobi)',NULL,'self',NULL,NULL,9,2,NULL,NULL,NULL,NULL,5,'01818571472'),(14,'Dr.Vijoy (Binggulia)',NULL,'self',NULL,NULL,9,2,NULL,NULL,NULL,NULL,5,'0188416328'),(15,'Dr.Abu Bakor',NULL,'self',NULL,NULL,9,2,NULL,NULL,NULL,NULL,5,'01720906824'),(16,'Dr.vobotush (Chaba tuli)',NULL,'self',NULL,NULL,9,2,NULL,NULL,NULL,NULL,5,'01811267698'),(17,'Dr.Hanif (Noyany Luxmipur)',NULL,'',NULL,NULL,9,2,NULL,NULL,NULL,NULL,5,''),(18,'Dr.somir (Nacha Aring)',NULL,'self',NULL,NULL,9,2,NULL,NULL,NULL,NULL,5,'01813094047'),(19,'Dr. Juton Chokro (molla bariy)',NULL,'self',NULL,NULL,9,2,NULL,NULL,NULL,NULL,5,'01819070865'),(20,'Dr. goutom (khalpar)',NULL,'self',NULL,NULL,9,2,NULL,NULL,NULL,NULL,5,'01727046371'),(21,'Dr. Fokrul (korbondo)',NULL,'self',NULL,NULL,9,2,NULL,NULL,NULL,NULL,5,'01811740580'),(22,'Dr. Chondon  chokrobotti (Boyaliya)',NULL,'self',NULL,NULL,9,2,NULL,NULL,NULL,NULL,5,'01816529055'),(23,'Dr.jafor (des farma)',NULL,'self',NULL,NULL,9,2,NULL,NULL,NULL,NULL,5,'01819419113'),(24,'Dr.Johir (Poscim chandra bajar )',NULL,'self',NULL,NULL,9,2,NULL,NULL,NULL,NULL,5,'01834323935'),(25,'Dr. rubel (vengguliya )',NULL,'self',NULL,NULL,9,2,NULL,NULL,NULL,NULL,5,'01821215835'),(26,'Dr.Samol chokrobotti (Digolde)',NULL,'self',NULL,NULL,9,2,NULL,NULL,NULL,NULL,5,'01815690888'),(27,'Dr. Komol ( srepur )',NULL,'self',NULL,NULL,9,2,NULL,NULL,NULL,NULL,5,'01822966310'),(28,'Dr. Sumon ( srepur )',NULL,'self',NULL,NULL,9,2,NULL,NULL,NULL,NULL,5,'01728590854'),(29,'Dr. Joton (Lautuli )',NULL,'self',NULL,NULL,9,2,NULL,NULL,NULL,NULL,5,'01860288157'),(30,'Dr. Ikbal (dinggavangga )',NULL,'self',NULL,NULL,9,2,NULL,NULL,NULL,NULL,5,'01811190042'),(31,'Dr. Giasudden ( jonota/ baliya )',NULL,'self',NULL,NULL,9,2,NULL,NULL,NULL,NULL,5,'01681994862'),(32,'Dr. Ronojit ( Dholaytule )',NULL,'self',NULL,NULL,9,2,NULL,NULL,NULL,NULL,5,'01716928560'),(33,'Dr. Abul hosen (Mausakhali )',NULL,'self',NULL,NULL,9,2,NULL,NULL,NULL,NULL,5,'01831847472'),(34,'Dr. Sojib ( Rajar Gao )',NULL,'self',NULL,NULL,9,2,NULL,NULL,NULL,NULL,5,'01836472001'),(35,'Dr. Aziz ( Raypur )',NULL,'self',NULL,NULL,9,2,NULL,NULL,NULL,NULL,5,'01642795284'),(36,'Dr. Kaoser (Gabtoli )',NULL,'self',NULL,NULL,9,2,NULL,NULL,NULL,NULL,5,'01792414960'),(37,'Dr. Monir ( moniher )',NULL,'self',NULL,NULL,9,2,NULL,NULL,NULL,NULL,5,'01837443394'),(38,'Dr. Akter ( Gulisa )',NULL,'self',NULL,NULL,9,2,NULL,NULL,NULL,NULL,5,'01815429031'),(39,'Dr. Sumon (chormesa)',NULL,'self',NULL,NULL,9,2,NULL,NULL,NULL,NULL,5,'01829717253'),(40,'Dr. Sobuj (Rajar gao )',NULL,'self',NULL,NULL,9,2,NULL,NULL,NULL,NULL,5,'01812243957'),(41,'Dr. Naser (motkhola )',NULL,'self',NULL,NULL,9,2,NULL,NULL,NULL,NULL,5,'01782495933'),(42,'Dr. Mijan (kotrabad )',NULL,'self',NULL,NULL,9,2,NULL,NULL,NULL,NULL,5,'01818784045'),(43,'Dr. Fojlu (Bangla bajar)',NULL,'self',NULL,NULL,9,2,NULL,NULL,NULL,NULL,5,'01818627631'),(44,'Dr. sohodeb (choto sundor )',NULL,'self',NULL,NULL,9,2,NULL,NULL,NULL,NULL,5,'01815453693'),(45,'Dr. Fokrul ( saheb bajar)',NULL,'self',NULL,NULL,9,2,NULL,NULL,NULL,NULL,5,'01728843009'),(46,'Dr. Billal ( Kamrangga bajar )',NULL,'self',NULL,NULL,9,2,NULL,NULL,NULL,NULL,5,'01734888464'),(47,'Dr. Sayful (noyerhut)',NULL,'self',NULL,NULL,9,2,NULL,NULL,NULL,NULL,5,'01724276622'),(48,'Dr. nesar (Telermor )',NULL,'self',NULL,NULL,9,2,NULL,NULL,NULL,NULL,5,'01718528636'),(49,'Dr. Monir (kaoneya )',NULL,'self',NULL,NULL,9,2,NULL,NULL,NULL,NULL,5,'01732751566'),(50,'Dr. ramessor (Rajar gao)',NULL,'self',NULL,NULL,9,2,NULL,NULL,NULL,NULL,5,'01726248803'),(51,'Dr. sayed vai( cayerman gat)',NULL,'self',NULL,NULL,9,2,NULL,NULL,NULL,NULL,5,'01913615773'),(52,'Dr. Mithun (dalir gat)',NULL,'self',NULL,NULL,9,2,NULL,NULL,NULL,NULL,5,'01817101112'),(53,'Dr. mohinuddin (anondo bajar)',NULL,'self',NULL,NULL,9,2,NULL,NULL,NULL,NULL,5,'01871645447'),(54,'Dr. Eyasin ( jonota bajar )',NULL,'self',NULL,NULL,9,2,NULL,NULL,NULL,NULL,5,'01817517218'),(55,'Dr. titu (pingra bajar )',NULL,'self',NULL,NULL,9,2,NULL,NULL,NULL,NULL,5,'01828381925'),(56,'Dr. Mahabub (Hapaneya )',NULL,'self',NULL,NULL,9,2,NULL,NULL,NULL,NULL,5,'01848064385'),(57,'Dr. Sopon (Narayonpur)',NULL,'self',NULL,NULL,9,2,NULL,NULL,NULL,NULL,5,'01713609896'),(58,'Dr.Lotif (Baliya)',NULL,'self',NULL,NULL,9,2,NULL,NULL,NULL,NULL,5,'01916800354'),(59,'Dr. Sahajalal (Korbondo)',NULL,'self',NULL,NULL,9,2,NULL,NULL,NULL,NULL,5,'01819481582'),(60,'Dr. Masumbilla (Algi )',NULL,'self',NULL,NULL,9,2,NULL,NULL,NULL,NULL,5,'01735763438'),(61,'Dr. Aman ullah (Bangla bajar)',NULL,'self',NULL,NULL,9,2,NULL,NULL,NULL,NULL,5,'01727222689'),(62,'Dr. Johorlal (Tarabuneya)',NULL,'self',NULL,NULL,9,2,NULL,NULL,NULL,NULL,5,'01851495298'),(63,'Dr. Johorlal  ',NULL,'self',NULL,NULL,9,2,NULL,NULL,NULL,NULL,5,'01640203444'),(64,'Dr. Sumon (norsinghopur )',NULL,'self',NULL,NULL,9,2,NULL,NULL,NULL,NULL,5,'01725394364'),(65,NULL,NULL,NULL,NULL,NULL,NULL,NULL,NULL,NULL,NULL,NULL,5,NULL);

/*Table structure for table `due_collection` */

DROP TABLE IF EXISTS `due_collection`;

CREATE TABLE `due_collection` (
  `opd_due_collection` int(150) NOT NULL AUTO_INCREMENT,
  `order_id` varchar(150) DEFAULT NULL,
  `patient_id` varchar(250) DEFAULT NULL,
  `discount_due` double(10,2) DEFAULT NULL,
  `grand_due` double(10,2) DEFAULT NULL,
  `paid_due` double(10,2) DEFAULT NULL,
  `discount_ref` varchar(250) DEFAULT NULL,
  `old_due` double(10,2) DEFAULT NULL,
  `due_paid_date` datetime DEFAULT NULL,
  PRIMARY KEY (`opd_due_collection`)
) ENGINE=InnoDB AUTO_INCREMENT=963 DEFAULT CHARSET=latin1;

/*Data for the table `due_collection` */

insert  into `due_collection`(`opd_due_collection`,`order_id`,`patient_id`,`discount_due`,`grand_due`,`paid_due`,`discount_ref`,`old_due`,`due_paid_date`) values (1,'1','2',50.00,500.00,NULL,'Rahman Sir',550.00,NULL),(2,NULL,NULL,NULL,NULL,NULL,NULL,NULL,NULL),(3,NULL,NULL,NULL,NULL,NULL,NULL,NULL,NULL),(4,NULL,NULL,NULL,NULL,NULL,NULL,NULL,NULL),(5,NULL,NULL,NULL,NULL,NULL,NULL,NULL,NULL),(6,NULL,NULL,NULL,NULL,NULL,NULL,NULL,NULL),(7,NULL,NULL,NULL,NULL,NULL,NULL,NULL,NULL),(8,NULL,NULL,NULL,NULL,NULL,NULL,NULL,NULL),(9,NULL,NULL,NULL,NULL,NULL,NULL,NULL,NULL),(10,NULL,NULL,NULL,NULL,NULL,NULL,NULL,NULL),(11,NULL,NULL,NULL,NULL,NULL,NULL,NULL,NULL),(12,NULL,NULL,NULL,NULL,NULL,NULL,NULL,NULL),(13,NULL,NULL,NULL,NULL,NULL,NULL,NULL,NULL),(14,NULL,NULL,NULL,NULL,NULL,NULL,NULL,NULL),(15,NULL,NULL,NULL,NULL,NULL,NULL,NULL,NULL),(16,NULL,NULL,NULL,NULL,NULL,NULL,NULL,NULL),(17,NULL,NULL,NULL,NULL,NULL,NULL,NULL,NULL),(18,NULL,NULL,NULL,NULL,NULL,NULL,NULL,NULL),(19,NULL,NULL,NULL,NULL,NULL,NULL,NULL,NULL),(20,NULL,NULL,NULL,NULL,NULL,NULL,NULL,NULL),(21,'26','22',0.00,0.00,NULL,'',3000.00,NULL),(22,NULL,NULL,NULL,NULL,NULL,NULL,NULL,NULL),(23,NULL,NULL,NULL,NULL,NULL,NULL,NULL,NULL),(24,NULL,NULL,NULL,NULL,NULL,NULL,NULL,NULL),(25,NULL,NULL,NULL,NULL,NULL,NULL,NULL,NULL),(26,NULL,NULL,NULL,NULL,NULL,NULL,NULL,NULL),(27,NULL,NULL,NULL,NULL,NULL,NULL,NULL,NULL),(28,NULL,NULL,NULL,NULL,NULL,NULL,NULL,NULL),(29,NULL,NULL,NULL,NULL,NULL,NULL,NULL,NULL),(30,NULL,NULL,NULL,NULL,NULL,NULL,NULL,NULL),(31,NULL,NULL,NULL,NULL,NULL,NULL,NULL,NULL),(32,NULL,NULL,NULL,NULL,NULL,NULL,NULL,NULL),(33,NULL,NULL,NULL,NULL,NULL,NULL,NULL,NULL),(34,NULL,NULL,NULL,NULL,NULL,NULL,NULL,NULL),(35,NULL,NULL,NULL,NULL,NULL,NULL,NULL,NULL),(36,NULL,NULL,NULL,NULL,NULL,NULL,NULL,NULL),(37,NULL,NULL,NULL,NULL,NULL,NULL,NULL,NULL),(38,NULL,NULL,NULL,NULL,NULL,NULL,NULL,NULL),(39,NULL,NULL,NULL,NULL,NULL,NULL,NULL,NULL),(40,NULL,NULL,NULL,NULL,NULL,NULL,NULL,NULL),(41,NULL,NULL,NULL,NULL,NULL,NULL,NULL,NULL),(42,NULL,NULL,NULL,NULL,NULL,NULL,NULL,NULL),(43,NULL,NULL,NULL,NULL,NULL,NULL,NULL,NULL),(44,NULL,NULL,NULL,NULL,NULL,NULL,NULL,NULL),(45,NULL,NULL,NULL,NULL,NULL,NULL,NULL,NULL),(46,'30','26',400.00,3000.00,NULL,'',3400.00,NULL),(47,NULL,NULL,NULL,NULL,NULL,NULL,NULL,NULL),(48,NULL,NULL,NULL,NULL,NULL,NULL,NULL,NULL),(49,NULL,NULL,NULL,NULL,NULL,NULL,NULL,NULL),(50,NULL,NULL,NULL,NULL,NULL,NULL,NULL,NULL),(51,NULL,NULL,NULL,NULL,NULL,NULL,NULL,NULL),(52,NULL,NULL,NULL,NULL,NULL,NULL,NULL,NULL),(53,NULL,NULL,NULL,NULL,NULL,NULL,NULL,NULL),(54,NULL,NULL,NULL,NULL,NULL,NULL,NULL,NULL),(55,NULL,NULL,NULL,NULL,NULL,NULL,NULL,NULL),(56,NULL,NULL,NULL,NULL,NULL,NULL,NULL,NULL),(57,NULL,NULL,NULL,NULL,NULL,NULL,NULL,NULL),(58,NULL,NULL,NULL,NULL,NULL,NULL,NULL,NULL),(59,NULL,NULL,NULL,NULL,NULL,NULL,NULL,NULL),(60,NULL,NULL,NULL,NULL,NULL,NULL,NULL,NULL),(61,NULL,NULL,NULL,NULL,NULL,NULL,NULL,NULL),(62,NULL,NULL,NULL,NULL,NULL,NULL,NULL,NULL),(63,NULL,NULL,NULL,NULL,NULL,NULL,NULL,NULL),(64,NULL,NULL,NULL,NULL,NULL,NULL,NULL,NULL),(65,NULL,NULL,NULL,NULL,NULL,NULL,NULL,NULL),(66,NULL,NULL,NULL,NULL,NULL,NULL,NULL,NULL),(67,NULL,NULL,NULL,NULL,NULL,NULL,NULL,NULL),(68,NULL,NULL,NULL,NULL,NULL,NULL,NULL,NULL),(69,NULL,NULL,NULL,NULL,NULL,NULL,NULL,NULL),(70,NULL,NULL,NULL,NULL,NULL,NULL,NULL,NULL),(71,NULL,NULL,NULL,NULL,NULL,NULL,NULL,NULL),(72,NULL,NULL,NULL,NULL,NULL,NULL,NULL,NULL),(73,NULL,NULL,NULL,NULL,NULL,NULL,NULL,NULL),(74,NULL,NULL,NULL,NULL,NULL,NULL,NULL,NULL),(75,NULL,NULL,NULL,NULL,NULL,NULL,NULL,NULL),(76,'28','24',0.00,0.00,NULL,'',2000.00,NULL),(77,NULL,NULL,NULL,NULL,NULL,NULL,NULL,NULL),(78,NULL,NULL,NULL,NULL,NULL,NULL,NULL,NULL),(79,NULL,NULL,NULL,NULL,NULL,NULL,NULL,NULL),(80,NULL,NULL,NULL,NULL,NULL,NULL,NULL,NULL),(81,NULL,NULL,NULL,NULL,NULL,NULL,NULL,NULL),(82,NULL,NULL,NULL,NULL,NULL,NULL,NULL,NULL),(83,NULL,NULL,NULL,NULL,NULL,NULL,NULL,NULL),(84,NULL,NULL,NULL,NULL,NULL,NULL,NULL,NULL),(85,NULL,NULL,NULL,NULL,NULL,NULL,NULL,NULL),(86,NULL,NULL,NULL,NULL,NULL,NULL,NULL,NULL),(87,NULL,NULL,NULL,NULL,NULL,NULL,NULL,NULL),(88,NULL,NULL,NULL,NULL,NULL,NULL,NULL,NULL),(89,NULL,NULL,NULL,NULL,NULL,NULL,NULL,NULL),(90,NULL,NULL,NULL,NULL,NULL,NULL,NULL,NULL),(91,NULL,NULL,NULL,NULL,NULL,NULL,NULL,NULL),(92,NULL,NULL,NULL,NULL,NULL,NULL,NULL,NULL),(93,NULL,NULL,NULL,NULL,NULL,NULL,NULL,NULL),(94,NULL,NULL,NULL,NULL,NULL,NULL,NULL,NULL),(95,NULL,NULL,NULL,NULL,NULL,NULL,NULL,NULL),(96,NULL,NULL,NULL,NULL,NULL,NULL,NULL,NULL),(97,NULL,NULL,NULL,NULL,NULL,NULL,NULL,NULL),(98,NULL,NULL,NULL,NULL,NULL,NULL,NULL,NULL),(99,NULL,NULL,NULL,NULL,NULL,NULL,NULL,NULL),(100,NULL,NULL,NULL,NULL,NULL,NULL,NULL,NULL),(101,NULL,NULL,NULL,NULL,NULL,NULL,NULL,NULL),(102,NULL,NULL,NULL,NULL,NULL,NULL,NULL,NULL),(103,NULL,NULL,NULL,NULL,NULL,NULL,NULL,NULL),(104,NULL,NULL,NULL,NULL,NULL,NULL,NULL,NULL),(105,NULL,NULL,NULL,NULL,NULL,NULL,NULL,NULL),(106,NULL,NULL,NULL,NULL,NULL,NULL,NULL,NULL),(107,NULL,NULL,NULL,NULL,NULL,NULL,NULL,NULL),(108,NULL,NULL,NULL,NULL,NULL,NULL,NULL,NULL),(109,NULL,NULL,NULL,NULL,NULL,NULL,NULL,NULL),(110,NULL,NULL,NULL,NULL,NULL,NULL,NULL,NULL),(111,NULL,NULL,NULL,NULL,NULL,NULL,NULL,NULL),(112,NULL,NULL,NULL,NULL,NULL,NULL,NULL,NULL),(113,NULL,NULL,NULL,NULL,NULL,NULL,NULL,NULL),(114,NULL,NULL,NULL,NULL,NULL,NULL,NULL,NULL),(115,NULL,NULL,NULL,NULL,NULL,NULL,NULL,NULL),(116,NULL,NULL,NULL,NULL,NULL,NULL,NULL,NULL),(117,NULL,NULL,NULL,NULL,NULL,NULL,NULL,NULL),(118,NULL,NULL,NULL,NULL,NULL,NULL,NULL,NULL),(119,NULL,NULL,NULL,NULL,NULL,NULL,NULL,NULL),(120,NULL,NULL,NULL,NULL,NULL,NULL,NULL,NULL),(121,NULL,NULL,NULL,NULL,NULL,NULL,NULL,NULL),(122,NULL,NULL,NULL,NULL,NULL,NULL,NULL,NULL),(123,NULL,NULL,NULL,NULL,NULL,NULL,NULL,NULL),(124,NULL,NULL,NULL,NULL,NULL,NULL,NULL,NULL),(125,NULL,NULL,NULL,NULL,NULL,NULL,NULL,NULL),(126,NULL,NULL,NULL,NULL,NULL,NULL,NULL,NULL),(127,'30','26',400.00,0.00,NULL,'',400.00,NULL),(128,NULL,NULL,NULL,NULL,NULL,NULL,NULL,NULL),(129,NULL,NULL,NULL,NULL,NULL,NULL,NULL,NULL),(130,NULL,NULL,NULL,NULL,NULL,NULL,NULL,NULL),(131,NULL,NULL,NULL,NULL,NULL,NULL,NULL,NULL),(132,NULL,NULL,NULL,NULL,NULL,NULL,NULL,NULL),(133,NULL,NULL,NULL,NULL,NULL,NULL,NULL,NULL),(134,NULL,NULL,NULL,NULL,NULL,NULL,NULL,NULL),(135,NULL,NULL,NULL,NULL,NULL,NULL,NULL,NULL),(136,NULL,NULL,NULL,NULL,NULL,NULL,NULL,NULL),(137,NULL,NULL,NULL,NULL,NULL,NULL,NULL,NULL),(138,NULL,NULL,NULL,NULL,NULL,NULL,NULL,NULL),(139,NULL,NULL,NULL,NULL,NULL,NULL,NULL,NULL),(140,NULL,NULL,NULL,NULL,NULL,NULL,NULL,NULL),(141,NULL,NULL,NULL,NULL,NULL,NULL,NULL,NULL),(142,'30','26',0.00,400.00,NULL,'',400.00,NULL),(143,NULL,NULL,NULL,NULL,NULL,NULL,NULL,NULL),(144,NULL,NULL,NULL,NULL,NULL,NULL,NULL,NULL),(145,NULL,NULL,NULL,NULL,NULL,NULL,NULL,NULL),(146,NULL,NULL,NULL,NULL,NULL,NULL,NULL,NULL),(147,NULL,NULL,NULL,NULL,NULL,NULL,NULL,NULL),(148,NULL,NULL,NULL,NULL,NULL,NULL,NULL,NULL),(149,NULL,NULL,NULL,NULL,NULL,NULL,NULL,NULL),(150,NULL,NULL,NULL,NULL,NULL,NULL,NULL,NULL),(151,NULL,NULL,NULL,NULL,NULL,NULL,NULL,NULL),(152,NULL,NULL,NULL,NULL,NULL,NULL,NULL,NULL),(153,NULL,NULL,NULL,NULL,NULL,NULL,NULL,NULL),(154,NULL,NULL,NULL,NULL,NULL,NULL,NULL,NULL),(155,NULL,NULL,NULL,NULL,NULL,NULL,NULL,NULL),(156,NULL,NULL,NULL,NULL,NULL,NULL,NULL,NULL),(157,NULL,NULL,NULL,NULL,NULL,NULL,NULL,NULL),(158,NULL,NULL,NULL,NULL,NULL,NULL,NULL,NULL),(159,NULL,NULL,NULL,NULL,NULL,NULL,NULL,NULL),(160,NULL,NULL,NULL,NULL,NULL,NULL,NULL,NULL),(161,NULL,NULL,NULL,NULL,NULL,NULL,NULL,NULL),(162,NULL,NULL,NULL,NULL,NULL,NULL,NULL,NULL),(163,NULL,NULL,NULL,NULL,NULL,NULL,NULL,NULL),(164,NULL,NULL,NULL,NULL,NULL,NULL,NULL,NULL),(165,NULL,NULL,NULL,NULL,NULL,NULL,NULL,NULL),(166,NULL,NULL,NULL,NULL,NULL,NULL,NULL,NULL),(167,NULL,NULL,NULL,NULL,NULL,NULL,NULL,NULL),(168,NULL,NULL,NULL,NULL,NULL,NULL,NULL,NULL),(169,NULL,NULL,NULL,NULL,NULL,NULL,NULL,NULL),(170,'30','26',400.00,400.00,NULL,'',400.00,NULL),(171,NULL,NULL,NULL,NULL,NULL,NULL,NULL,NULL),(172,NULL,NULL,NULL,NULL,NULL,NULL,NULL,NULL),(173,NULL,NULL,NULL,NULL,NULL,NULL,NULL,NULL),(174,NULL,NULL,NULL,NULL,NULL,NULL,NULL,NULL),(175,NULL,NULL,NULL,NULL,NULL,NULL,NULL,NULL),(176,NULL,NULL,NULL,NULL,NULL,NULL,NULL,NULL),(177,NULL,NULL,NULL,NULL,NULL,NULL,NULL,NULL),(178,NULL,NULL,NULL,NULL,NULL,NULL,NULL,NULL),(179,NULL,NULL,NULL,NULL,NULL,NULL,NULL,NULL),(180,NULL,NULL,NULL,NULL,NULL,NULL,NULL,NULL),(181,NULL,NULL,NULL,NULL,NULL,NULL,NULL,NULL),(182,NULL,NULL,NULL,NULL,NULL,NULL,NULL,NULL),(183,NULL,NULL,NULL,NULL,NULL,NULL,NULL,NULL),(184,NULL,NULL,NULL,NULL,NULL,NULL,NULL,NULL),(185,NULL,NULL,NULL,NULL,NULL,NULL,NULL,NULL),(186,'30','26',400.00,0.00,NULL,'',400.00,NULL),(187,NULL,NULL,NULL,NULL,NULL,NULL,NULL,NULL),(188,NULL,NULL,NULL,NULL,NULL,NULL,NULL,NULL),(189,NULL,NULL,NULL,NULL,NULL,NULL,NULL,NULL),(190,NULL,NULL,NULL,NULL,NULL,NULL,NULL,NULL),(191,NULL,NULL,NULL,NULL,NULL,NULL,NULL,NULL),(192,NULL,NULL,NULL,NULL,NULL,NULL,NULL,NULL),(193,NULL,NULL,NULL,NULL,NULL,NULL,NULL,NULL),(194,NULL,NULL,NULL,NULL,NULL,NULL,NULL,NULL),(195,NULL,NULL,NULL,NULL,NULL,NULL,NULL,NULL),(196,NULL,NULL,NULL,NULL,NULL,NULL,NULL,NULL),(197,NULL,NULL,NULL,NULL,NULL,NULL,NULL,NULL),(198,NULL,NULL,NULL,NULL,NULL,NULL,NULL,NULL),(199,NULL,NULL,NULL,NULL,NULL,NULL,NULL,NULL),(200,NULL,NULL,NULL,NULL,NULL,NULL,NULL,NULL),(201,NULL,NULL,NULL,NULL,NULL,NULL,NULL,NULL),(202,'25','9',0.00,0.00,NULL,'',1000.00,NULL),(203,NULL,NULL,NULL,NULL,NULL,NULL,NULL,NULL),(204,NULL,NULL,NULL,NULL,NULL,NULL,NULL,NULL),(205,NULL,NULL,NULL,NULL,NULL,NULL,NULL,NULL),(206,NULL,NULL,NULL,NULL,NULL,NULL,NULL,NULL),(207,NULL,NULL,NULL,NULL,NULL,NULL,NULL,NULL),(208,NULL,NULL,NULL,NULL,NULL,NULL,NULL,NULL),(209,NULL,NULL,NULL,NULL,NULL,NULL,NULL,NULL),(210,NULL,NULL,NULL,NULL,NULL,NULL,NULL,NULL),(211,NULL,NULL,NULL,NULL,NULL,NULL,NULL,NULL),(212,NULL,NULL,NULL,NULL,NULL,NULL,NULL,NULL),(213,NULL,NULL,NULL,NULL,NULL,NULL,NULL,NULL),(214,NULL,NULL,NULL,NULL,NULL,NULL,NULL,NULL),(215,NULL,NULL,NULL,NULL,NULL,NULL,NULL,NULL),(216,'57','53',500.00,700.00,NULL,'',1200.00,NULL),(217,NULL,NULL,NULL,NULL,NULL,NULL,NULL,NULL),(218,NULL,NULL,NULL,NULL,NULL,NULL,NULL,NULL),(219,NULL,NULL,NULL,NULL,NULL,NULL,NULL,NULL),(220,NULL,NULL,NULL,NULL,NULL,NULL,NULL,NULL),(221,NULL,NULL,NULL,NULL,NULL,NULL,NULL,NULL),(222,NULL,NULL,NULL,NULL,NULL,NULL,NULL,NULL),(223,NULL,NULL,NULL,NULL,NULL,NULL,NULL,NULL),(224,NULL,NULL,NULL,NULL,NULL,NULL,NULL,NULL),(225,NULL,NULL,NULL,NULL,NULL,NULL,NULL,NULL),(226,NULL,NULL,NULL,NULL,NULL,NULL,NULL,NULL),(227,NULL,NULL,NULL,NULL,NULL,NULL,NULL,NULL),(228,NULL,NULL,NULL,NULL,NULL,NULL,NULL,NULL),(229,NULL,NULL,NULL,NULL,NULL,NULL,NULL,NULL),(230,NULL,NULL,NULL,NULL,NULL,NULL,NULL,NULL),(231,NULL,NULL,NULL,NULL,NULL,NULL,NULL,NULL),(232,NULL,NULL,NULL,NULL,NULL,NULL,NULL,NULL),(233,NULL,NULL,NULL,NULL,NULL,NULL,NULL,NULL),(234,NULL,NULL,NULL,NULL,NULL,NULL,NULL,NULL),(235,NULL,NULL,NULL,NULL,NULL,NULL,NULL,NULL),(236,NULL,NULL,NULL,NULL,NULL,NULL,NULL,NULL),(237,NULL,NULL,NULL,NULL,NULL,NULL,NULL,NULL),(238,NULL,NULL,NULL,NULL,NULL,NULL,NULL,NULL),(239,NULL,NULL,NULL,NULL,NULL,NULL,NULL,NULL),(240,NULL,NULL,NULL,NULL,NULL,NULL,NULL,NULL),(241,NULL,NULL,NULL,NULL,NULL,NULL,NULL,NULL),(242,NULL,NULL,NULL,NULL,NULL,NULL,NULL,NULL),(243,NULL,NULL,NULL,NULL,NULL,NULL,NULL,NULL),(244,NULL,NULL,NULL,NULL,NULL,NULL,NULL,NULL),(245,NULL,NULL,NULL,NULL,NULL,NULL,NULL,NULL),(246,NULL,NULL,NULL,NULL,NULL,NULL,NULL,NULL),(247,NULL,NULL,NULL,NULL,NULL,NULL,NULL,NULL),(248,NULL,NULL,NULL,NULL,NULL,NULL,NULL,NULL),(249,NULL,NULL,NULL,NULL,NULL,NULL,NULL,NULL),(250,'88','84',500.00,1100.00,NULL,'',1600.00,NULL),(251,NULL,NULL,NULL,NULL,NULL,NULL,NULL,NULL),(252,NULL,NULL,NULL,NULL,NULL,NULL,NULL,NULL),(253,NULL,NULL,NULL,NULL,NULL,NULL,NULL,NULL),(254,NULL,NULL,NULL,NULL,NULL,NULL,NULL,NULL),(255,NULL,NULL,NULL,NULL,NULL,NULL,NULL,NULL),(256,NULL,NULL,NULL,NULL,NULL,NULL,NULL,NULL),(257,NULL,NULL,NULL,NULL,NULL,NULL,NULL,NULL),(258,NULL,NULL,NULL,NULL,NULL,NULL,NULL,NULL),(259,NULL,NULL,NULL,NULL,NULL,NULL,NULL,NULL),(260,NULL,NULL,NULL,NULL,NULL,NULL,NULL,NULL),(261,NULL,NULL,NULL,NULL,NULL,NULL,NULL,NULL),(262,NULL,NULL,NULL,NULL,NULL,NULL,NULL,NULL),(263,NULL,NULL,NULL,NULL,NULL,NULL,NULL,NULL),(264,NULL,NULL,NULL,NULL,NULL,NULL,NULL,NULL),(265,NULL,NULL,NULL,NULL,NULL,NULL,NULL,NULL),(266,NULL,NULL,NULL,NULL,NULL,NULL,NULL,NULL),(267,NULL,NULL,NULL,NULL,NULL,NULL,NULL,NULL),(268,NULL,NULL,NULL,NULL,NULL,NULL,NULL,NULL),(269,NULL,NULL,NULL,NULL,NULL,NULL,NULL,NULL),(270,NULL,NULL,NULL,NULL,NULL,NULL,NULL,NULL),(271,NULL,NULL,NULL,NULL,NULL,NULL,NULL,NULL),(272,NULL,NULL,NULL,NULL,NULL,NULL,NULL,NULL),(273,NULL,NULL,NULL,NULL,NULL,NULL,NULL,NULL),(274,NULL,NULL,NULL,NULL,NULL,NULL,NULL,NULL),(275,NULL,NULL,NULL,NULL,NULL,NULL,NULL,NULL),(276,NULL,NULL,NULL,NULL,NULL,NULL,NULL,NULL),(277,NULL,NULL,NULL,NULL,NULL,NULL,NULL,NULL),(278,NULL,NULL,NULL,NULL,NULL,NULL,NULL,NULL),(279,'88','84',500.00,0.00,NULL,'',500.00,NULL),(280,NULL,NULL,NULL,NULL,NULL,NULL,NULL,NULL),(281,NULL,NULL,NULL,NULL,NULL,NULL,NULL,NULL),(282,NULL,NULL,NULL,NULL,NULL,NULL,NULL,NULL),(283,NULL,NULL,NULL,NULL,NULL,NULL,NULL,NULL),(284,NULL,NULL,NULL,NULL,NULL,NULL,NULL,NULL),(285,NULL,NULL,NULL,NULL,NULL,NULL,NULL,NULL),(286,NULL,NULL,NULL,NULL,NULL,NULL,NULL,NULL),(287,NULL,NULL,NULL,NULL,NULL,NULL,NULL,NULL),(288,NULL,NULL,NULL,NULL,NULL,NULL,NULL,NULL),(289,NULL,NULL,NULL,NULL,NULL,NULL,NULL,NULL),(290,NULL,NULL,NULL,NULL,NULL,NULL,NULL,NULL),(291,NULL,NULL,NULL,NULL,NULL,NULL,NULL,NULL),(292,NULL,NULL,NULL,NULL,NULL,NULL,NULL,NULL),(293,NULL,NULL,NULL,NULL,NULL,NULL,NULL,NULL),(294,NULL,NULL,NULL,NULL,NULL,NULL,NULL,NULL),(295,NULL,NULL,NULL,NULL,NULL,NULL,NULL,NULL),(296,NULL,NULL,NULL,NULL,NULL,NULL,NULL,NULL),(297,NULL,NULL,NULL,NULL,NULL,NULL,NULL,NULL),(298,NULL,NULL,NULL,NULL,NULL,NULL,NULL,NULL),(299,NULL,NULL,NULL,NULL,NULL,NULL,NULL,NULL),(300,NULL,NULL,NULL,NULL,NULL,NULL,NULL,NULL),(301,NULL,NULL,NULL,NULL,NULL,NULL,NULL,NULL),(302,NULL,NULL,NULL,NULL,NULL,NULL,NULL,NULL),(303,NULL,NULL,NULL,NULL,NULL,NULL,NULL,NULL),(304,NULL,NULL,NULL,NULL,NULL,NULL,NULL,NULL),(305,NULL,NULL,NULL,NULL,NULL,NULL,NULL,NULL),(306,NULL,NULL,NULL,NULL,NULL,NULL,NULL,NULL),(307,NULL,NULL,NULL,NULL,NULL,NULL,NULL,NULL),(308,NULL,NULL,NULL,NULL,NULL,NULL,NULL,NULL),(309,NULL,NULL,NULL,NULL,NULL,NULL,NULL,NULL),(310,NULL,NULL,NULL,NULL,NULL,NULL,NULL,NULL),(311,NULL,NULL,NULL,NULL,NULL,NULL,NULL,NULL),(312,NULL,NULL,NULL,NULL,NULL,NULL,NULL,NULL),(313,NULL,NULL,NULL,NULL,NULL,NULL,NULL,NULL),(314,NULL,NULL,NULL,NULL,NULL,NULL,NULL,NULL),(315,NULL,NULL,NULL,NULL,NULL,NULL,NULL,NULL),(316,NULL,NULL,NULL,NULL,NULL,NULL,NULL,NULL),(317,NULL,NULL,NULL,NULL,NULL,NULL,NULL,NULL),(318,NULL,NULL,NULL,NULL,NULL,NULL,NULL,NULL),(319,NULL,NULL,NULL,NULL,NULL,NULL,NULL,NULL),(320,NULL,NULL,NULL,NULL,NULL,NULL,NULL,NULL),(321,NULL,NULL,NULL,NULL,NULL,NULL,NULL,NULL),(322,NULL,NULL,NULL,NULL,NULL,NULL,NULL,NULL),(323,NULL,NULL,NULL,NULL,NULL,NULL,NULL,NULL),(324,NULL,NULL,NULL,NULL,NULL,NULL,NULL,NULL),(325,NULL,NULL,NULL,NULL,NULL,NULL,NULL,NULL),(326,NULL,NULL,NULL,NULL,NULL,NULL,NULL,NULL),(327,NULL,NULL,NULL,NULL,NULL,NULL,NULL,NULL),(328,NULL,NULL,NULL,NULL,NULL,NULL,NULL,NULL),(329,NULL,NULL,NULL,NULL,NULL,NULL,NULL,NULL),(330,NULL,NULL,NULL,NULL,NULL,NULL,NULL,NULL),(331,NULL,NULL,NULL,NULL,NULL,NULL,NULL,NULL),(332,NULL,NULL,NULL,NULL,NULL,NULL,NULL,NULL),(333,NULL,NULL,NULL,NULL,NULL,NULL,NULL,NULL),(334,'88','84',0.00,500.00,NULL,'',500.00,NULL),(335,NULL,NULL,NULL,NULL,NULL,NULL,NULL,NULL),(336,NULL,NULL,NULL,NULL,NULL,NULL,NULL,NULL),(337,NULL,NULL,NULL,NULL,NULL,NULL,NULL,NULL),(338,NULL,NULL,NULL,NULL,NULL,NULL,NULL,NULL),(339,NULL,NULL,NULL,NULL,NULL,NULL,NULL,NULL),(340,NULL,NULL,NULL,NULL,NULL,NULL,NULL,NULL),(341,NULL,NULL,NULL,NULL,NULL,NULL,NULL,NULL),(342,NULL,NULL,NULL,NULL,NULL,NULL,NULL,NULL),(343,NULL,NULL,NULL,NULL,NULL,NULL,NULL,NULL),(344,NULL,NULL,NULL,NULL,NULL,NULL,NULL,NULL),(345,NULL,NULL,NULL,NULL,NULL,NULL,NULL,NULL),(346,NULL,NULL,NULL,NULL,NULL,NULL,NULL,NULL),(347,NULL,NULL,NULL,NULL,NULL,NULL,NULL,NULL),(348,NULL,NULL,NULL,NULL,NULL,NULL,NULL,NULL),(349,NULL,NULL,NULL,NULL,NULL,NULL,NULL,NULL),(350,'94','89',100.00,300.00,NULL,'',400.00,NULL),(351,NULL,NULL,NULL,NULL,NULL,NULL,NULL,NULL),(352,NULL,NULL,NULL,NULL,NULL,NULL,NULL,NULL),(353,NULL,NULL,NULL,NULL,NULL,NULL,NULL,NULL),(354,NULL,NULL,NULL,NULL,NULL,NULL,NULL,NULL),(355,NULL,NULL,NULL,NULL,NULL,NULL,NULL,NULL),(356,NULL,NULL,NULL,NULL,NULL,NULL,NULL,NULL),(357,NULL,NULL,NULL,NULL,NULL,NULL,NULL,NULL),(358,NULL,NULL,NULL,NULL,NULL,NULL,NULL,NULL),(359,NULL,NULL,NULL,NULL,NULL,NULL,NULL,NULL),(360,NULL,NULL,NULL,NULL,NULL,NULL,NULL,NULL),(361,NULL,NULL,NULL,NULL,NULL,NULL,NULL,NULL),(362,NULL,NULL,NULL,NULL,NULL,NULL,NULL,NULL),(363,NULL,NULL,NULL,NULL,NULL,NULL,NULL,NULL),(364,NULL,NULL,NULL,NULL,NULL,NULL,NULL,NULL),(365,NULL,NULL,NULL,NULL,NULL,NULL,NULL,NULL),(366,NULL,NULL,NULL,NULL,NULL,NULL,NULL,NULL),(367,NULL,NULL,NULL,NULL,NULL,NULL,NULL,NULL),(368,'94','89',0.00,100.00,NULL,'',100.00,NULL),(369,NULL,NULL,NULL,NULL,NULL,NULL,NULL,NULL),(370,NULL,NULL,NULL,NULL,NULL,NULL,NULL,NULL),(371,NULL,NULL,NULL,NULL,NULL,NULL,NULL,NULL),(372,NULL,NULL,NULL,NULL,NULL,NULL,NULL,NULL),(373,NULL,NULL,NULL,NULL,NULL,NULL,NULL,NULL),(374,NULL,NULL,NULL,NULL,NULL,NULL,NULL,NULL),(375,NULL,NULL,NULL,NULL,NULL,NULL,NULL,NULL),(376,NULL,NULL,NULL,NULL,NULL,NULL,NULL,NULL),(377,NULL,NULL,NULL,NULL,NULL,NULL,NULL,NULL),(378,NULL,NULL,NULL,NULL,NULL,NULL,NULL,NULL),(379,NULL,NULL,NULL,NULL,NULL,NULL,NULL,NULL),(380,'104','100',500.00,700.00,NULL,'',1200.00,NULL),(381,NULL,NULL,NULL,NULL,NULL,NULL,NULL,NULL),(382,NULL,NULL,NULL,NULL,NULL,NULL,NULL,NULL),(383,NULL,NULL,NULL,NULL,NULL,NULL,NULL,NULL),(384,NULL,NULL,NULL,NULL,NULL,NULL,NULL,NULL),(385,NULL,NULL,NULL,NULL,NULL,NULL,NULL,NULL),(386,NULL,NULL,NULL,NULL,NULL,NULL,NULL,NULL),(387,NULL,NULL,NULL,NULL,NULL,NULL,NULL,NULL),(388,NULL,NULL,NULL,NULL,NULL,NULL,NULL,NULL),(389,NULL,NULL,NULL,NULL,NULL,NULL,NULL,NULL),(390,NULL,NULL,NULL,NULL,NULL,NULL,NULL,NULL),(391,NULL,NULL,NULL,NULL,NULL,NULL,NULL,NULL),(392,NULL,NULL,NULL,NULL,NULL,NULL,NULL,NULL),(393,NULL,NULL,NULL,NULL,NULL,NULL,NULL,NULL),(394,NULL,NULL,NULL,NULL,NULL,NULL,NULL,NULL),(395,NULL,NULL,NULL,NULL,NULL,NULL,NULL,NULL),(396,NULL,NULL,NULL,NULL,NULL,NULL,NULL,NULL),(397,NULL,NULL,NULL,NULL,NULL,NULL,NULL,NULL),(398,NULL,NULL,NULL,NULL,NULL,NULL,NULL,NULL),(399,NULL,NULL,NULL,NULL,NULL,NULL,NULL,NULL),(400,NULL,NULL,NULL,NULL,NULL,NULL,NULL,NULL),(401,NULL,NULL,NULL,NULL,NULL,NULL,NULL,NULL),(402,NULL,NULL,NULL,NULL,NULL,NULL,NULL,NULL),(403,NULL,NULL,NULL,NULL,NULL,NULL,NULL,NULL),(404,NULL,NULL,NULL,NULL,NULL,NULL,NULL,NULL),(405,NULL,NULL,NULL,NULL,NULL,NULL,NULL,NULL),(406,NULL,NULL,NULL,NULL,NULL,NULL,NULL,NULL),(407,NULL,NULL,NULL,NULL,NULL,NULL,NULL,NULL),(408,NULL,NULL,NULL,NULL,NULL,NULL,NULL,NULL),(409,NULL,NULL,NULL,NULL,NULL,NULL,NULL,NULL),(410,NULL,NULL,NULL,NULL,NULL,NULL,NULL,NULL),(411,NULL,NULL,NULL,NULL,NULL,NULL,NULL,NULL),(412,NULL,NULL,NULL,NULL,NULL,NULL,NULL,NULL),(413,NULL,NULL,NULL,NULL,NULL,NULL,NULL,NULL),(414,NULL,NULL,NULL,NULL,NULL,NULL,NULL,NULL),(415,NULL,NULL,NULL,NULL,NULL,NULL,NULL,NULL),(416,NULL,NULL,NULL,NULL,NULL,NULL,NULL,NULL),(417,NULL,NULL,NULL,NULL,NULL,NULL,NULL,NULL),(418,NULL,NULL,NULL,NULL,NULL,NULL,NULL,NULL),(419,NULL,NULL,NULL,NULL,NULL,NULL,NULL,NULL),(420,NULL,NULL,NULL,NULL,NULL,NULL,NULL,NULL),(421,NULL,NULL,NULL,NULL,NULL,NULL,NULL,NULL),(422,NULL,NULL,NULL,NULL,NULL,NULL,NULL,NULL),(423,NULL,NULL,NULL,NULL,NULL,NULL,NULL,NULL),(424,NULL,NULL,NULL,NULL,NULL,NULL,NULL,NULL),(425,NULL,NULL,NULL,NULL,NULL,NULL,NULL,NULL),(426,NULL,NULL,NULL,NULL,NULL,NULL,NULL,NULL),(427,NULL,NULL,NULL,NULL,NULL,NULL,NULL,NULL),(428,NULL,NULL,NULL,NULL,NULL,NULL,NULL,NULL),(429,NULL,NULL,NULL,NULL,NULL,NULL,NULL,NULL),(430,NULL,NULL,NULL,NULL,NULL,NULL,NULL,NULL),(431,NULL,NULL,NULL,NULL,NULL,NULL,NULL,NULL),(432,NULL,NULL,NULL,NULL,NULL,NULL,NULL,NULL),(433,NULL,NULL,NULL,NULL,NULL,NULL,NULL,NULL),(434,NULL,NULL,NULL,NULL,NULL,NULL,NULL,NULL),(435,NULL,NULL,NULL,NULL,NULL,NULL,NULL,NULL),(436,NULL,NULL,NULL,NULL,NULL,NULL,NULL,NULL),(437,NULL,NULL,NULL,NULL,NULL,NULL,NULL,NULL),(438,NULL,NULL,NULL,NULL,NULL,NULL,NULL,NULL),(439,NULL,NULL,NULL,NULL,NULL,NULL,NULL,NULL),(440,NULL,NULL,NULL,NULL,NULL,NULL,NULL,NULL),(441,NULL,NULL,NULL,NULL,NULL,NULL,NULL,NULL),(442,NULL,NULL,NULL,NULL,NULL,NULL,NULL,NULL),(443,NULL,NULL,NULL,NULL,NULL,NULL,NULL,NULL),(444,NULL,NULL,NULL,NULL,NULL,NULL,NULL,NULL),(445,NULL,NULL,NULL,NULL,NULL,NULL,NULL,NULL),(446,NULL,NULL,NULL,NULL,NULL,NULL,NULL,NULL),(447,NULL,NULL,NULL,NULL,NULL,NULL,NULL,NULL),(448,NULL,NULL,NULL,NULL,NULL,NULL,NULL,NULL),(449,NULL,NULL,NULL,NULL,NULL,NULL,NULL,NULL),(450,NULL,NULL,NULL,NULL,NULL,NULL,NULL,NULL),(451,NULL,NULL,NULL,NULL,NULL,NULL,NULL,NULL),(452,NULL,NULL,NULL,NULL,NULL,NULL,NULL,NULL),(453,NULL,NULL,NULL,NULL,NULL,NULL,NULL,NULL),(454,NULL,NULL,NULL,NULL,NULL,NULL,NULL,NULL),(455,NULL,NULL,NULL,NULL,NULL,NULL,NULL,NULL),(456,NULL,NULL,NULL,NULL,NULL,NULL,NULL,NULL),(457,NULL,NULL,NULL,NULL,NULL,NULL,NULL,NULL),(458,NULL,NULL,NULL,NULL,NULL,NULL,NULL,NULL),(459,'103','99',0.00,0.00,NULL,'',2000.00,NULL),(460,NULL,NULL,NULL,NULL,NULL,NULL,NULL,NULL),(461,NULL,NULL,NULL,NULL,NULL,NULL,NULL,NULL),(462,NULL,NULL,NULL,NULL,NULL,NULL,NULL,NULL),(463,NULL,NULL,NULL,NULL,NULL,NULL,NULL,NULL),(464,NULL,NULL,NULL,NULL,NULL,NULL,NULL,NULL),(465,NULL,NULL,NULL,NULL,NULL,NULL,NULL,NULL),(466,NULL,NULL,NULL,NULL,NULL,NULL,NULL,NULL),(467,NULL,NULL,NULL,NULL,NULL,NULL,NULL,NULL),(468,NULL,NULL,NULL,NULL,NULL,NULL,NULL,NULL),(469,NULL,NULL,NULL,NULL,NULL,NULL,NULL,NULL),(470,NULL,NULL,NULL,NULL,NULL,NULL,NULL,NULL),(471,NULL,NULL,NULL,NULL,NULL,NULL,NULL,NULL),(472,NULL,NULL,NULL,NULL,NULL,NULL,NULL,NULL),(473,NULL,NULL,NULL,NULL,NULL,NULL,NULL,NULL),(474,NULL,NULL,NULL,NULL,NULL,NULL,NULL,NULL),(475,NULL,NULL,NULL,NULL,NULL,NULL,NULL,NULL),(476,NULL,NULL,NULL,NULL,NULL,NULL,NULL,NULL),(477,NULL,NULL,NULL,NULL,NULL,NULL,NULL,NULL),(478,'109','105',0.00,0.00,NULL,'',2000.00,NULL),(479,NULL,NULL,NULL,NULL,NULL,NULL,NULL,NULL),(480,NULL,NULL,NULL,NULL,NULL,NULL,NULL,NULL),(481,NULL,NULL,NULL,NULL,NULL,NULL,NULL,NULL),(482,NULL,NULL,NULL,NULL,NULL,NULL,NULL,NULL),(483,NULL,NULL,NULL,NULL,NULL,NULL,NULL,NULL),(484,NULL,NULL,NULL,NULL,NULL,NULL,NULL,NULL),(485,NULL,NULL,NULL,NULL,NULL,NULL,NULL,NULL),(486,NULL,NULL,NULL,NULL,NULL,NULL,NULL,NULL),(487,NULL,NULL,NULL,NULL,NULL,NULL,NULL,NULL),(488,NULL,NULL,NULL,NULL,NULL,NULL,NULL,NULL),(489,NULL,NULL,NULL,NULL,NULL,NULL,NULL,NULL),(490,NULL,NULL,NULL,NULL,NULL,NULL,NULL,NULL),(491,NULL,NULL,NULL,NULL,NULL,NULL,NULL,NULL),(492,NULL,NULL,NULL,NULL,NULL,NULL,NULL,NULL),(493,NULL,NULL,NULL,NULL,NULL,NULL,NULL,NULL),(494,NULL,NULL,NULL,NULL,NULL,NULL,NULL,NULL),(495,NULL,NULL,NULL,NULL,NULL,NULL,NULL,NULL),(496,NULL,NULL,NULL,NULL,NULL,NULL,NULL,NULL),(497,NULL,NULL,NULL,NULL,NULL,NULL,NULL,NULL),(498,NULL,NULL,NULL,NULL,NULL,NULL,NULL,NULL),(499,NULL,NULL,NULL,NULL,NULL,NULL,NULL,NULL),(500,'114','110',1300.00,1200.00,NULL,'',2500.00,NULL),(501,NULL,NULL,NULL,NULL,NULL,NULL,NULL,NULL),(502,NULL,NULL,NULL,NULL,NULL,NULL,NULL,NULL),(503,NULL,NULL,NULL,NULL,NULL,NULL,NULL,NULL),(504,NULL,NULL,NULL,NULL,NULL,NULL,NULL,NULL),(505,NULL,NULL,NULL,NULL,NULL,NULL,NULL,NULL),(506,NULL,NULL,NULL,NULL,NULL,NULL,NULL,NULL),(507,NULL,NULL,NULL,NULL,NULL,NULL,NULL,NULL),(508,NULL,NULL,NULL,NULL,NULL,NULL,NULL,NULL),(509,NULL,NULL,NULL,NULL,NULL,NULL,NULL,NULL),(510,NULL,NULL,NULL,NULL,NULL,NULL,NULL,NULL),(511,NULL,NULL,NULL,NULL,NULL,NULL,NULL,NULL),(512,NULL,NULL,NULL,NULL,NULL,NULL,NULL,NULL),(513,NULL,NULL,NULL,NULL,NULL,NULL,NULL,NULL),(514,NULL,NULL,NULL,NULL,NULL,NULL,NULL,NULL),(515,NULL,NULL,NULL,NULL,NULL,NULL,NULL,NULL),(516,NULL,NULL,NULL,NULL,NULL,NULL,NULL,NULL),(517,NULL,NULL,NULL,NULL,NULL,NULL,NULL,NULL),(518,NULL,NULL,NULL,NULL,NULL,NULL,NULL,NULL),(519,NULL,NULL,NULL,NULL,NULL,NULL,NULL,NULL),(520,NULL,NULL,NULL,NULL,NULL,NULL,NULL,NULL),(521,NULL,NULL,NULL,NULL,NULL,NULL,NULL,NULL),(522,NULL,NULL,NULL,NULL,NULL,NULL,NULL,NULL),(523,NULL,NULL,NULL,NULL,NULL,NULL,NULL,NULL),(524,NULL,NULL,NULL,NULL,NULL,NULL,NULL,NULL),(525,NULL,NULL,NULL,NULL,NULL,NULL,NULL,NULL),(526,NULL,NULL,NULL,NULL,NULL,NULL,NULL,NULL),(527,NULL,NULL,NULL,NULL,NULL,NULL,NULL,NULL),(528,NULL,NULL,NULL,NULL,NULL,NULL,NULL,NULL),(529,NULL,NULL,NULL,NULL,NULL,NULL,NULL,NULL),(530,NULL,NULL,NULL,NULL,NULL,NULL,NULL,NULL),(531,NULL,NULL,NULL,NULL,NULL,NULL,NULL,NULL),(532,NULL,NULL,NULL,NULL,NULL,NULL,NULL,NULL),(533,NULL,NULL,NULL,NULL,NULL,NULL,NULL,NULL),(534,NULL,NULL,NULL,NULL,NULL,NULL,NULL,NULL),(535,NULL,NULL,NULL,NULL,NULL,NULL,NULL,NULL),(536,NULL,NULL,NULL,NULL,NULL,NULL,NULL,NULL),(537,NULL,NULL,NULL,NULL,NULL,NULL,NULL,NULL),(538,NULL,NULL,NULL,NULL,NULL,NULL,NULL,NULL),(539,NULL,NULL,NULL,NULL,NULL,NULL,NULL,NULL),(540,NULL,NULL,NULL,NULL,NULL,NULL,NULL,NULL),(541,NULL,NULL,NULL,NULL,NULL,NULL,NULL,NULL),(542,NULL,NULL,NULL,NULL,NULL,NULL,NULL,NULL),(543,NULL,NULL,NULL,NULL,NULL,NULL,NULL,NULL),(544,NULL,NULL,NULL,NULL,NULL,NULL,NULL,NULL),(545,NULL,NULL,NULL,NULL,NULL,NULL,NULL,NULL),(546,NULL,NULL,NULL,NULL,NULL,NULL,NULL,NULL),(547,NULL,NULL,NULL,NULL,NULL,NULL,NULL,NULL),(548,NULL,NULL,NULL,NULL,NULL,NULL,NULL,NULL),(549,NULL,NULL,NULL,NULL,NULL,NULL,NULL,NULL),(550,NULL,NULL,NULL,NULL,NULL,NULL,NULL,NULL),(551,NULL,NULL,NULL,NULL,NULL,NULL,NULL,NULL),(552,NULL,NULL,NULL,NULL,NULL,NULL,NULL,NULL),(553,NULL,NULL,NULL,NULL,NULL,NULL,NULL,NULL),(554,NULL,NULL,NULL,NULL,NULL,NULL,NULL,NULL),(555,NULL,NULL,NULL,NULL,NULL,NULL,NULL,NULL),(556,NULL,NULL,NULL,NULL,NULL,NULL,NULL,NULL),(557,NULL,NULL,NULL,NULL,NULL,NULL,NULL,NULL),(558,NULL,NULL,NULL,NULL,NULL,NULL,NULL,NULL),(559,NULL,NULL,NULL,NULL,NULL,NULL,NULL,NULL),(560,NULL,NULL,NULL,NULL,NULL,NULL,NULL,NULL),(561,NULL,NULL,NULL,NULL,NULL,NULL,NULL,NULL),(562,NULL,NULL,NULL,NULL,NULL,NULL,NULL,NULL),(563,NULL,NULL,NULL,NULL,NULL,NULL,NULL,NULL),(564,NULL,NULL,NULL,NULL,NULL,NULL,NULL,NULL),(565,NULL,NULL,NULL,NULL,NULL,NULL,NULL,NULL),(566,NULL,NULL,NULL,NULL,NULL,NULL,NULL,NULL),(567,NULL,NULL,NULL,NULL,NULL,NULL,NULL,NULL),(568,NULL,NULL,NULL,NULL,NULL,NULL,NULL,NULL),(569,NULL,NULL,NULL,NULL,NULL,NULL,NULL,NULL),(570,NULL,NULL,NULL,NULL,NULL,NULL,NULL,NULL),(571,NULL,NULL,NULL,NULL,NULL,NULL,NULL,NULL),(572,NULL,NULL,NULL,NULL,NULL,NULL,NULL,NULL),(573,NULL,NULL,NULL,NULL,NULL,NULL,NULL,NULL),(574,NULL,NULL,NULL,NULL,NULL,NULL,NULL,NULL),(575,NULL,NULL,NULL,NULL,NULL,NULL,NULL,NULL),(576,NULL,NULL,NULL,NULL,NULL,NULL,NULL,NULL),(577,NULL,NULL,NULL,NULL,NULL,NULL,NULL,NULL),(578,NULL,NULL,NULL,NULL,NULL,NULL,NULL,NULL),(579,NULL,NULL,NULL,NULL,NULL,NULL,NULL,NULL),(580,NULL,NULL,NULL,NULL,NULL,NULL,NULL,NULL),(581,NULL,NULL,NULL,NULL,NULL,NULL,NULL,NULL),(582,NULL,NULL,NULL,NULL,NULL,NULL,NULL,NULL),(583,NULL,NULL,NULL,NULL,NULL,NULL,NULL,NULL),(584,NULL,NULL,NULL,NULL,NULL,NULL,NULL,NULL),(585,NULL,NULL,NULL,NULL,NULL,NULL,NULL,NULL),(586,NULL,NULL,NULL,NULL,NULL,NULL,NULL,NULL),(587,NULL,NULL,NULL,NULL,NULL,NULL,NULL,NULL),(588,NULL,NULL,NULL,NULL,NULL,NULL,NULL,NULL),(589,NULL,NULL,NULL,NULL,NULL,NULL,NULL,NULL),(590,NULL,NULL,NULL,NULL,NULL,NULL,NULL,NULL),(591,NULL,NULL,NULL,NULL,NULL,NULL,NULL,NULL),(592,NULL,NULL,NULL,NULL,NULL,NULL,NULL,NULL),(593,NULL,NULL,NULL,NULL,NULL,NULL,NULL,NULL),(594,NULL,NULL,NULL,NULL,NULL,NULL,NULL,NULL),(595,NULL,NULL,NULL,NULL,NULL,NULL,NULL,NULL),(596,NULL,NULL,NULL,NULL,NULL,NULL,NULL,NULL),(597,NULL,NULL,NULL,NULL,NULL,NULL,NULL,NULL),(598,NULL,NULL,NULL,NULL,NULL,NULL,NULL,NULL),(599,NULL,NULL,NULL,NULL,NULL,NULL,NULL,NULL),(600,NULL,NULL,NULL,NULL,NULL,NULL,NULL,NULL),(601,NULL,NULL,NULL,NULL,NULL,NULL,NULL,NULL),(602,NULL,NULL,NULL,NULL,NULL,NULL,NULL,NULL),(603,NULL,NULL,NULL,NULL,NULL,NULL,NULL,NULL),(604,NULL,NULL,NULL,NULL,NULL,NULL,NULL,NULL),(605,NULL,NULL,NULL,NULL,NULL,NULL,NULL,NULL),(606,NULL,NULL,NULL,NULL,NULL,NULL,NULL,NULL),(607,NULL,NULL,NULL,NULL,NULL,NULL,NULL,NULL),(608,NULL,NULL,NULL,NULL,NULL,NULL,NULL,NULL),(609,NULL,NULL,NULL,NULL,NULL,NULL,NULL,NULL),(610,NULL,NULL,NULL,NULL,NULL,NULL,NULL,NULL),(611,NULL,NULL,NULL,NULL,NULL,NULL,NULL,NULL),(612,NULL,NULL,NULL,NULL,NULL,NULL,NULL,NULL),(613,NULL,NULL,NULL,NULL,NULL,NULL,NULL,NULL),(614,NULL,NULL,NULL,NULL,NULL,NULL,NULL,NULL),(615,NULL,NULL,NULL,NULL,NULL,NULL,NULL,NULL),(616,NULL,NULL,NULL,NULL,NULL,NULL,NULL,NULL),(617,NULL,NULL,NULL,NULL,NULL,NULL,NULL,NULL),(618,NULL,NULL,NULL,NULL,NULL,NULL,NULL,NULL),(619,NULL,NULL,NULL,NULL,NULL,NULL,NULL,NULL),(620,NULL,NULL,NULL,NULL,NULL,NULL,NULL,NULL),(621,NULL,NULL,NULL,NULL,NULL,NULL,NULL,NULL),(622,NULL,NULL,NULL,NULL,NULL,NULL,NULL,NULL),(623,NULL,NULL,NULL,NULL,NULL,NULL,NULL,NULL),(624,NULL,NULL,NULL,NULL,NULL,NULL,NULL,NULL),(625,NULL,NULL,NULL,NULL,NULL,NULL,NULL,NULL),(626,NULL,NULL,NULL,NULL,NULL,NULL,NULL,NULL),(627,NULL,NULL,NULL,NULL,NULL,NULL,NULL,NULL),(628,NULL,NULL,NULL,NULL,NULL,NULL,NULL,NULL),(629,NULL,NULL,NULL,NULL,NULL,NULL,NULL,NULL),(630,NULL,NULL,NULL,NULL,NULL,NULL,NULL,NULL),(631,NULL,NULL,NULL,NULL,NULL,NULL,NULL,NULL),(632,NULL,NULL,NULL,NULL,NULL,NULL,NULL,NULL),(633,NULL,NULL,NULL,NULL,NULL,NULL,NULL,NULL),(634,NULL,NULL,NULL,NULL,NULL,NULL,NULL,NULL),(635,NULL,NULL,NULL,NULL,NULL,NULL,NULL,NULL),(636,NULL,NULL,NULL,NULL,NULL,NULL,NULL,NULL),(637,NULL,NULL,NULL,NULL,NULL,NULL,NULL,NULL),(638,NULL,NULL,NULL,NULL,NULL,NULL,NULL,NULL),(639,NULL,NULL,NULL,NULL,NULL,NULL,NULL,NULL),(640,NULL,NULL,NULL,NULL,NULL,NULL,NULL,NULL),(641,NULL,NULL,NULL,NULL,NULL,NULL,NULL,NULL),(642,NULL,NULL,NULL,NULL,NULL,NULL,NULL,NULL),(643,NULL,NULL,NULL,NULL,NULL,NULL,NULL,NULL),(644,NULL,NULL,NULL,NULL,NULL,NULL,NULL,NULL),(645,NULL,NULL,NULL,NULL,NULL,NULL,NULL,NULL),(646,NULL,NULL,NULL,NULL,NULL,NULL,NULL,NULL),(647,NULL,NULL,NULL,NULL,NULL,NULL,NULL,NULL),(648,NULL,NULL,NULL,NULL,NULL,NULL,NULL,NULL),(649,NULL,NULL,NULL,NULL,NULL,NULL,NULL,NULL),(650,NULL,NULL,NULL,NULL,NULL,NULL,NULL,NULL),(651,NULL,NULL,NULL,NULL,NULL,NULL,NULL,NULL),(652,NULL,NULL,NULL,NULL,NULL,NULL,NULL,NULL),(653,NULL,NULL,NULL,NULL,NULL,NULL,NULL,NULL),(654,NULL,NULL,NULL,NULL,NULL,NULL,NULL,NULL),(655,NULL,NULL,NULL,NULL,NULL,NULL,NULL,NULL),(656,NULL,NULL,NULL,NULL,NULL,NULL,NULL,NULL),(657,NULL,NULL,NULL,NULL,NULL,NULL,NULL,NULL),(658,NULL,NULL,NULL,NULL,NULL,NULL,NULL,NULL),(659,NULL,NULL,NULL,NULL,NULL,NULL,NULL,NULL),(660,NULL,NULL,NULL,NULL,NULL,NULL,NULL,NULL),(661,NULL,NULL,NULL,NULL,NULL,NULL,NULL,NULL),(662,NULL,NULL,NULL,NULL,NULL,NULL,NULL,NULL),(663,NULL,NULL,NULL,NULL,NULL,NULL,NULL,NULL),(664,NULL,NULL,NULL,NULL,NULL,NULL,NULL,NULL),(665,NULL,NULL,NULL,NULL,NULL,NULL,NULL,NULL),(666,NULL,NULL,NULL,NULL,NULL,NULL,NULL,NULL),(667,NULL,NULL,NULL,NULL,NULL,NULL,NULL,NULL),(668,NULL,NULL,NULL,NULL,NULL,NULL,NULL,NULL),(669,NULL,NULL,NULL,NULL,NULL,NULL,NULL,NULL),(670,NULL,NULL,NULL,NULL,NULL,NULL,NULL,NULL),(671,NULL,NULL,NULL,NULL,NULL,NULL,NULL,NULL),(672,NULL,NULL,NULL,NULL,NULL,NULL,NULL,NULL),(673,NULL,NULL,NULL,NULL,NULL,NULL,NULL,NULL),(674,NULL,NULL,NULL,NULL,NULL,NULL,NULL,NULL),(675,NULL,NULL,NULL,NULL,NULL,NULL,NULL,NULL),(676,NULL,NULL,NULL,NULL,NULL,NULL,NULL,NULL),(677,NULL,NULL,NULL,NULL,NULL,NULL,NULL,NULL),(678,NULL,NULL,NULL,NULL,NULL,NULL,NULL,NULL),(679,NULL,NULL,NULL,NULL,NULL,NULL,NULL,NULL),(680,NULL,NULL,NULL,NULL,NULL,NULL,NULL,NULL),(681,NULL,NULL,NULL,NULL,NULL,NULL,NULL,NULL),(682,NULL,NULL,NULL,NULL,NULL,NULL,NULL,NULL),(683,NULL,NULL,NULL,NULL,NULL,NULL,NULL,NULL),(684,NULL,NULL,NULL,NULL,NULL,NULL,NULL,NULL),(685,NULL,NULL,NULL,NULL,NULL,NULL,NULL,NULL),(686,NULL,NULL,NULL,NULL,NULL,NULL,NULL,NULL),(687,NULL,NULL,NULL,NULL,NULL,NULL,NULL,NULL),(688,NULL,NULL,NULL,NULL,NULL,NULL,NULL,NULL),(689,NULL,NULL,NULL,NULL,NULL,NULL,NULL,NULL),(690,NULL,NULL,NULL,NULL,NULL,NULL,NULL,NULL),(691,NULL,NULL,NULL,NULL,NULL,NULL,NULL,NULL),(692,NULL,NULL,NULL,NULL,NULL,NULL,NULL,NULL),(693,NULL,NULL,NULL,NULL,NULL,NULL,NULL,NULL),(694,NULL,NULL,NULL,NULL,NULL,NULL,NULL,NULL),(695,NULL,NULL,NULL,NULL,NULL,NULL,NULL,NULL),(696,NULL,NULL,NULL,NULL,NULL,NULL,NULL,NULL),(697,NULL,NULL,NULL,NULL,NULL,NULL,NULL,NULL),(698,NULL,NULL,NULL,NULL,NULL,NULL,NULL,NULL),(699,NULL,NULL,NULL,NULL,NULL,NULL,NULL,NULL),(700,NULL,NULL,NULL,NULL,NULL,NULL,NULL,NULL),(701,NULL,NULL,NULL,NULL,NULL,NULL,NULL,NULL),(702,NULL,NULL,NULL,NULL,NULL,NULL,NULL,NULL),(703,NULL,NULL,NULL,NULL,NULL,NULL,NULL,NULL),(704,NULL,NULL,NULL,NULL,NULL,NULL,NULL,NULL),(705,NULL,NULL,NULL,NULL,NULL,NULL,NULL,NULL),(706,NULL,NULL,NULL,NULL,NULL,NULL,NULL,NULL),(707,NULL,NULL,NULL,NULL,NULL,NULL,NULL,NULL),(708,NULL,NULL,NULL,NULL,NULL,NULL,NULL,NULL),(709,NULL,NULL,NULL,NULL,NULL,NULL,NULL,NULL),(710,NULL,NULL,NULL,NULL,NULL,NULL,NULL,NULL),(711,NULL,NULL,NULL,NULL,NULL,NULL,NULL,NULL),(712,NULL,NULL,NULL,NULL,NULL,NULL,NULL,NULL),(713,NULL,NULL,NULL,NULL,NULL,NULL,NULL,NULL),(714,NULL,NULL,NULL,NULL,NULL,NULL,NULL,NULL),(715,NULL,NULL,NULL,NULL,NULL,NULL,NULL,NULL),(716,NULL,NULL,NULL,NULL,NULL,NULL,NULL,NULL),(717,NULL,NULL,NULL,NULL,NULL,NULL,NULL,NULL),(718,NULL,NULL,NULL,NULL,NULL,NULL,NULL,NULL),(719,NULL,NULL,NULL,NULL,NULL,NULL,NULL,NULL),(720,NULL,NULL,NULL,NULL,NULL,NULL,NULL,NULL),(721,NULL,NULL,NULL,NULL,NULL,NULL,NULL,NULL),(722,NULL,NULL,NULL,NULL,NULL,NULL,NULL,NULL),(723,NULL,NULL,NULL,NULL,NULL,NULL,NULL,NULL),(724,NULL,NULL,NULL,NULL,NULL,NULL,NULL,NULL),(725,NULL,NULL,NULL,NULL,NULL,NULL,NULL,NULL),(726,NULL,NULL,NULL,NULL,NULL,NULL,NULL,NULL),(727,NULL,NULL,NULL,NULL,NULL,NULL,NULL,NULL),(728,NULL,NULL,NULL,NULL,NULL,NULL,NULL,NULL),(729,NULL,NULL,NULL,NULL,NULL,NULL,NULL,NULL),(730,NULL,NULL,NULL,NULL,NULL,NULL,NULL,NULL),(731,NULL,NULL,NULL,NULL,NULL,NULL,NULL,NULL),(732,NULL,NULL,NULL,NULL,NULL,NULL,NULL,NULL),(733,NULL,NULL,NULL,NULL,NULL,NULL,NULL,NULL),(734,NULL,NULL,NULL,NULL,NULL,NULL,NULL,NULL),(735,NULL,NULL,NULL,NULL,NULL,NULL,NULL,NULL),(736,NULL,NULL,NULL,NULL,NULL,NULL,NULL,NULL),(737,NULL,NULL,NULL,NULL,NULL,NULL,NULL,NULL),(738,NULL,NULL,NULL,NULL,NULL,NULL,NULL,NULL),(739,NULL,NULL,NULL,NULL,NULL,NULL,NULL,NULL),(740,NULL,NULL,NULL,NULL,NULL,NULL,NULL,NULL),(741,NULL,NULL,NULL,NULL,NULL,NULL,NULL,NULL),(742,NULL,NULL,NULL,NULL,NULL,NULL,NULL,NULL),(743,NULL,NULL,NULL,NULL,NULL,NULL,NULL,NULL),(744,NULL,NULL,NULL,NULL,NULL,NULL,NULL,NULL),(745,NULL,NULL,NULL,NULL,NULL,NULL,NULL,NULL),(746,NULL,NULL,NULL,NULL,NULL,NULL,NULL,NULL),(747,NULL,NULL,NULL,NULL,NULL,NULL,NULL,NULL),(748,NULL,NULL,NULL,NULL,NULL,NULL,NULL,NULL),(749,NULL,NULL,NULL,NULL,NULL,NULL,NULL,NULL),(750,NULL,NULL,NULL,NULL,NULL,NULL,NULL,NULL),(751,NULL,NULL,NULL,NULL,NULL,NULL,NULL,NULL),(752,NULL,NULL,NULL,NULL,NULL,NULL,NULL,NULL),(753,NULL,NULL,NULL,NULL,NULL,NULL,NULL,NULL),(754,NULL,NULL,NULL,NULL,NULL,NULL,NULL,NULL),(755,NULL,NULL,NULL,NULL,NULL,NULL,NULL,NULL),(756,NULL,NULL,NULL,NULL,NULL,NULL,NULL,NULL),(757,NULL,NULL,NULL,NULL,NULL,NULL,NULL,NULL),(758,NULL,NULL,NULL,NULL,NULL,NULL,NULL,NULL),(759,NULL,NULL,NULL,NULL,NULL,NULL,NULL,NULL),(760,NULL,NULL,NULL,NULL,NULL,NULL,NULL,NULL),(761,NULL,NULL,NULL,NULL,NULL,NULL,NULL,NULL),(762,NULL,NULL,NULL,NULL,NULL,NULL,NULL,NULL),(763,NULL,NULL,NULL,NULL,NULL,NULL,NULL,NULL),(764,NULL,NULL,NULL,NULL,NULL,NULL,NULL,NULL),(765,NULL,NULL,NULL,NULL,NULL,NULL,NULL,NULL),(766,NULL,NULL,NULL,NULL,NULL,NULL,NULL,NULL),(767,NULL,NULL,NULL,NULL,NULL,NULL,NULL,NULL),(768,NULL,NULL,NULL,NULL,NULL,NULL,NULL,NULL),(769,NULL,NULL,NULL,NULL,NULL,NULL,NULL,NULL),(770,NULL,NULL,NULL,NULL,NULL,NULL,NULL,NULL),(771,NULL,NULL,NULL,NULL,NULL,NULL,NULL,NULL),(772,NULL,NULL,NULL,NULL,NULL,NULL,NULL,NULL),(773,NULL,NULL,NULL,NULL,NULL,NULL,NULL,NULL),(774,NULL,NULL,NULL,NULL,NULL,NULL,NULL,NULL),(775,NULL,NULL,NULL,NULL,NULL,NULL,NULL,NULL),(776,NULL,NULL,NULL,NULL,NULL,NULL,NULL,NULL),(777,NULL,NULL,NULL,NULL,NULL,NULL,NULL,NULL),(778,NULL,NULL,NULL,NULL,NULL,NULL,NULL,NULL),(779,NULL,NULL,NULL,NULL,NULL,NULL,NULL,NULL),(780,NULL,NULL,NULL,NULL,NULL,NULL,NULL,NULL),(781,NULL,NULL,NULL,NULL,NULL,NULL,NULL,NULL),(782,NULL,NULL,NULL,NULL,NULL,NULL,NULL,NULL),(783,NULL,NULL,NULL,NULL,NULL,NULL,NULL,NULL),(784,NULL,NULL,NULL,NULL,NULL,NULL,NULL,NULL),(785,NULL,NULL,NULL,NULL,NULL,NULL,NULL,NULL),(786,NULL,NULL,NULL,NULL,NULL,NULL,NULL,NULL),(787,NULL,NULL,NULL,NULL,NULL,NULL,NULL,NULL),(788,NULL,NULL,NULL,NULL,NULL,NULL,NULL,NULL),(789,NULL,NULL,NULL,NULL,NULL,NULL,NULL,NULL),(790,NULL,NULL,NULL,NULL,NULL,NULL,NULL,NULL),(791,NULL,NULL,NULL,NULL,NULL,NULL,NULL,NULL),(792,NULL,NULL,NULL,NULL,NULL,NULL,NULL,NULL),(793,NULL,NULL,NULL,NULL,NULL,NULL,NULL,NULL),(794,NULL,NULL,NULL,NULL,NULL,NULL,NULL,NULL),(795,NULL,NULL,NULL,NULL,NULL,NULL,NULL,NULL),(796,NULL,NULL,NULL,NULL,NULL,NULL,NULL,NULL),(797,NULL,NULL,NULL,NULL,NULL,NULL,NULL,NULL),(798,NULL,NULL,NULL,NULL,NULL,NULL,NULL,NULL),(799,NULL,NULL,NULL,NULL,NULL,NULL,NULL,NULL),(800,NULL,NULL,NULL,NULL,NULL,NULL,NULL,NULL),(801,NULL,NULL,NULL,NULL,NULL,NULL,NULL,NULL),(802,NULL,NULL,NULL,NULL,NULL,NULL,NULL,NULL),(803,NULL,NULL,NULL,NULL,NULL,NULL,NULL,NULL),(804,NULL,NULL,NULL,NULL,NULL,NULL,NULL,NULL),(805,NULL,NULL,NULL,NULL,NULL,NULL,NULL,NULL),(806,NULL,NULL,NULL,NULL,NULL,NULL,NULL,NULL),(807,NULL,NULL,NULL,NULL,NULL,NULL,NULL,NULL),(808,NULL,NULL,NULL,NULL,NULL,NULL,NULL,NULL),(809,NULL,NULL,NULL,NULL,NULL,NULL,NULL,NULL),(810,NULL,NULL,NULL,NULL,NULL,NULL,NULL,NULL),(811,NULL,NULL,NULL,NULL,NULL,NULL,NULL,NULL),(812,NULL,NULL,NULL,NULL,NULL,NULL,NULL,NULL),(813,NULL,NULL,NULL,NULL,NULL,NULL,NULL,NULL),(814,NULL,NULL,NULL,NULL,NULL,NULL,NULL,NULL),(815,NULL,NULL,NULL,NULL,NULL,NULL,NULL,NULL),(816,NULL,NULL,NULL,NULL,NULL,NULL,NULL,NULL),(817,NULL,NULL,NULL,NULL,NULL,NULL,NULL,NULL),(818,NULL,NULL,NULL,NULL,NULL,NULL,NULL,NULL),(819,NULL,NULL,NULL,NULL,NULL,NULL,NULL,NULL),(820,NULL,NULL,NULL,NULL,NULL,NULL,NULL,NULL),(821,NULL,NULL,NULL,NULL,NULL,NULL,NULL,NULL),(822,NULL,NULL,NULL,NULL,NULL,NULL,NULL,NULL),(823,NULL,NULL,NULL,NULL,NULL,NULL,NULL,NULL),(824,NULL,NULL,NULL,NULL,NULL,NULL,NULL,NULL),(825,NULL,NULL,NULL,NULL,NULL,NULL,NULL,NULL),(826,NULL,NULL,NULL,NULL,NULL,NULL,NULL,NULL),(827,NULL,NULL,NULL,NULL,NULL,NULL,NULL,NULL),(828,NULL,NULL,NULL,NULL,NULL,NULL,NULL,NULL),(829,NULL,NULL,NULL,NULL,NULL,NULL,NULL,NULL),(830,NULL,NULL,NULL,NULL,NULL,NULL,NULL,NULL),(831,NULL,NULL,NULL,NULL,NULL,NULL,NULL,NULL),(832,NULL,NULL,NULL,NULL,NULL,NULL,NULL,NULL),(833,NULL,NULL,NULL,NULL,NULL,NULL,NULL,NULL),(834,NULL,NULL,NULL,NULL,NULL,NULL,NULL,NULL),(835,NULL,NULL,NULL,NULL,NULL,NULL,NULL,NULL),(836,NULL,NULL,NULL,NULL,NULL,NULL,NULL,NULL),(837,NULL,NULL,NULL,NULL,NULL,NULL,NULL,NULL),(838,NULL,NULL,NULL,NULL,NULL,NULL,NULL,NULL),(839,NULL,NULL,NULL,NULL,NULL,NULL,NULL,NULL),(840,NULL,NULL,NULL,NULL,NULL,NULL,NULL,NULL),(841,NULL,NULL,NULL,NULL,NULL,NULL,NULL,NULL),(842,NULL,NULL,NULL,NULL,NULL,NULL,NULL,NULL),(843,NULL,NULL,NULL,NULL,NULL,NULL,NULL,NULL),(844,NULL,NULL,NULL,NULL,NULL,NULL,NULL,NULL),(845,NULL,NULL,NULL,NULL,NULL,NULL,NULL,NULL),(846,NULL,NULL,NULL,NULL,NULL,NULL,NULL,NULL),(847,NULL,NULL,NULL,NULL,NULL,NULL,NULL,NULL),(848,NULL,NULL,NULL,NULL,NULL,NULL,NULL,NULL),(849,NULL,NULL,NULL,NULL,NULL,NULL,NULL,NULL),(850,NULL,NULL,NULL,NULL,NULL,NULL,NULL,NULL),(851,NULL,NULL,NULL,NULL,NULL,NULL,NULL,NULL),(852,NULL,NULL,NULL,NULL,NULL,NULL,NULL,NULL),(853,NULL,NULL,NULL,NULL,NULL,NULL,NULL,NULL),(854,NULL,NULL,NULL,NULL,NULL,NULL,NULL,NULL),(855,NULL,NULL,NULL,NULL,NULL,NULL,NULL,NULL),(856,NULL,NULL,NULL,NULL,NULL,NULL,NULL,NULL),(857,NULL,NULL,NULL,NULL,NULL,NULL,NULL,NULL),(858,NULL,NULL,NULL,NULL,NULL,NULL,NULL,NULL),(859,NULL,NULL,NULL,NULL,NULL,NULL,NULL,NULL),(860,NULL,NULL,NULL,NULL,NULL,NULL,NULL,NULL),(861,NULL,NULL,NULL,NULL,NULL,NULL,NULL,NULL),(862,NULL,NULL,NULL,NULL,NULL,NULL,NULL,NULL),(863,NULL,NULL,NULL,NULL,NULL,NULL,NULL,NULL),(864,NULL,NULL,NULL,NULL,NULL,NULL,NULL,NULL),(865,NULL,NULL,NULL,NULL,NULL,NULL,NULL,NULL),(866,NULL,NULL,NULL,NULL,NULL,NULL,NULL,NULL),(867,NULL,NULL,NULL,NULL,NULL,NULL,NULL,NULL),(868,NULL,NULL,NULL,NULL,NULL,NULL,NULL,NULL),(869,NULL,NULL,NULL,NULL,NULL,NULL,NULL,NULL),(870,NULL,NULL,NULL,NULL,NULL,NULL,NULL,NULL),(871,NULL,NULL,NULL,NULL,NULL,NULL,NULL,NULL),(872,NULL,NULL,NULL,NULL,NULL,NULL,NULL,NULL),(873,NULL,NULL,NULL,NULL,NULL,NULL,NULL,NULL),(874,NULL,NULL,NULL,NULL,NULL,NULL,NULL,NULL),(875,NULL,NULL,NULL,NULL,NULL,NULL,NULL,NULL),(876,NULL,NULL,NULL,NULL,NULL,NULL,NULL,NULL),(877,NULL,NULL,NULL,NULL,NULL,NULL,NULL,NULL),(878,NULL,NULL,NULL,NULL,NULL,NULL,NULL,NULL),(879,NULL,NULL,NULL,NULL,NULL,NULL,NULL,NULL),(880,NULL,NULL,NULL,NULL,NULL,NULL,NULL,NULL),(881,NULL,NULL,NULL,NULL,NULL,NULL,NULL,NULL),(882,NULL,NULL,NULL,NULL,NULL,NULL,NULL,NULL),(883,NULL,NULL,NULL,NULL,NULL,NULL,NULL,NULL),(884,NULL,NULL,NULL,NULL,NULL,NULL,NULL,NULL),(885,NULL,NULL,NULL,NULL,NULL,NULL,NULL,NULL),(886,NULL,NULL,NULL,NULL,NULL,NULL,NULL,NULL),(887,NULL,NULL,NULL,NULL,NULL,NULL,NULL,NULL),(888,NULL,NULL,NULL,NULL,NULL,NULL,NULL,NULL),(889,NULL,NULL,NULL,NULL,NULL,NULL,NULL,NULL),(890,NULL,NULL,NULL,NULL,NULL,NULL,NULL,NULL),(891,NULL,NULL,NULL,NULL,NULL,NULL,NULL,NULL),(892,NULL,NULL,NULL,NULL,NULL,NULL,NULL,NULL),(893,NULL,NULL,NULL,NULL,NULL,NULL,NULL,NULL),(894,NULL,NULL,NULL,NULL,NULL,NULL,NULL,NULL),(895,NULL,NULL,NULL,NULL,NULL,NULL,NULL,NULL),(896,NULL,NULL,NULL,NULL,NULL,NULL,NULL,NULL),(897,NULL,NULL,NULL,NULL,NULL,NULL,NULL,NULL),(898,NULL,NULL,NULL,NULL,NULL,NULL,NULL,NULL),(899,NULL,NULL,NULL,NULL,NULL,NULL,NULL,NULL),(900,NULL,NULL,NULL,NULL,NULL,NULL,NULL,NULL),(901,NULL,NULL,NULL,NULL,NULL,NULL,NULL,NULL),(902,NULL,NULL,NULL,NULL,NULL,NULL,NULL,NULL),(903,NULL,NULL,NULL,NULL,NULL,NULL,NULL,NULL),(904,NULL,NULL,NULL,NULL,NULL,NULL,NULL,NULL),(905,NULL,NULL,NULL,NULL,NULL,NULL,NULL,NULL),(906,NULL,NULL,NULL,NULL,NULL,NULL,NULL,NULL),(907,NULL,NULL,NULL,NULL,NULL,NULL,NULL,NULL),(908,NULL,NULL,NULL,NULL,NULL,NULL,NULL,NULL),(909,NULL,NULL,NULL,NULL,NULL,NULL,NULL,NULL),(910,NULL,NULL,NULL,NULL,NULL,NULL,NULL,NULL),(911,NULL,NULL,NULL,NULL,NULL,NULL,NULL,NULL),(912,NULL,NULL,NULL,NULL,NULL,NULL,NULL,NULL),(913,NULL,NULL,NULL,NULL,NULL,NULL,NULL,NULL),(914,NULL,NULL,NULL,NULL,NULL,NULL,NULL,NULL),(915,NULL,NULL,NULL,NULL,NULL,NULL,NULL,NULL),(916,NULL,NULL,NULL,NULL,NULL,NULL,NULL,NULL),(917,NULL,NULL,NULL,NULL,NULL,NULL,NULL,NULL),(918,NULL,NULL,NULL,NULL,NULL,NULL,NULL,NULL),(919,NULL,NULL,NULL,NULL,NULL,NULL,NULL,NULL),(920,NULL,NULL,NULL,NULL,NULL,NULL,NULL,NULL),(921,NULL,NULL,NULL,NULL,NULL,NULL,NULL,NULL),(922,NULL,NULL,NULL,NULL,NULL,NULL,NULL,NULL),(923,NULL,NULL,NULL,NULL,NULL,NULL,NULL,NULL),(924,NULL,NULL,NULL,NULL,NULL,NULL,NULL,NULL),(925,NULL,NULL,NULL,NULL,NULL,NULL,NULL,NULL),(926,NULL,NULL,NULL,NULL,NULL,NULL,NULL,NULL),(927,NULL,NULL,NULL,NULL,NULL,NULL,NULL,NULL),(928,NULL,NULL,NULL,NULL,NULL,NULL,NULL,NULL),(929,NULL,NULL,NULL,NULL,NULL,NULL,NULL,NULL),(930,NULL,NULL,NULL,NULL,NULL,NULL,NULL,NULL),(931,NULL,NULL,NULL,NULL,NULL,NULL,NULL,NULL),(932,NULL,NULL,NULL,NULL,NULL,NULL,NULL,NULL),(933,NULL,NULL,NULL,NULL,NULL,NULL,NULL,NULL),(934,NULL,NULL,NULL,NULL,NULL,NULL,NULL,NULL),(935,NULL,NULL,NULL,NULL,NULL,NULL,NULL,NULL),(936,NULL,NULL,NULL,NULL,NULL,NULL,NULL,NULL),(937,NULL,NULL,NULL,NULL,NULL,NULL,NULL,NULL),(938,NULL,NULL,NULL,NULL,NULL,NULL,NULL,NULL),(939,NULL,NULL,NULL,NULL,NULL,NULL,NULL,NULL),(940,NULL,NULL,NULL,NULL,NULL,NULL,NULL,NULL),(941,NULL,NULL,NULL,NULL,NULL,NULL,NULL,NULL),(942,NULL,NULL,NULL,NULL,NULL,NULL,NULL,NULL),(943,'121','116',0.00,0.00,NULL,'',2000.00,NULL),(944,NULL,NULL,NULL,NULL,NULL,NULL,NULL,NULL),(945,NULL,NULL,NULL,NULL,NULL,NULL,NULL,NULL),(946,NULL,NULL,NULL,NULL,NULL,NULL,NULL,NULL),(947,NULL,NULL,NULL,NULL,NULL,NULL,NULL,NULL),(948,NULL,NULL,NULL,NULL,NULL,NULL,NULL,NULL),(949,NULL,NULL,NULL,NULL,NULL,NULL,NULL,NULL),(950,NULL,NULL,NULL,NULL,NULL,NULL,NULL,NULL),(951,NULL,NULL,NULL,NULL,NULL,NULL,NULL,NULL),(952,NULL,NULL,NULL,NULL,NULL,NULL,NULL,NULL),(953,NULL,NULL,NULL,NULL,NULL,NULL,NULL,NULL),(954,NULL,NULL,NULL,NULL,NULL,NULL,NULL,NULL),(955,NULL,NULL,NULL,NULL,NULL,NULL,NULL,NULL),(956,NULL,NULL,NULL,NULL,NULL,NULL,NULL,NULL),(957,NULL,NULL,NULL,NULL,NULL,NULL,NULL,NULL),(958,NULL,NULL,NULL,NULL,NULL,NULL,NULL,NULL),(959,NULL,NULL,NULL,NULL,NULL,NULL,NULL,NULL),(960,NULL,NULL,NULL,NULL,NULL,NULL,NULL,NULL),(961,NULL,NULL,NULL,NULL,NULL,NULL,NULL,NULL),(962,NULL,NULL,NULL,NULL,NULL,NULL,NULL,NULL);

/*Table structure for table `generic_info` */

DROP TABLE IF EXISTS `generic_info`;

CREATE TABLE `generic_info` (
  `id` int(11) NOT NULL AUTO_INCREMENT,
  `generic_name` varchar(255) COLLATE utf8_unicode_ci DEFAULT NULL,
  `status` int(11) NOT NULL DEFAULT '1',
  `created_at` datetime DEFAULT NULL,
  `updated_at` timestamp NOT NULL DEFAULT CURRENT_TIMESTAMP,
  PRIMARY KEY (`id`)
) ENGINE=InnoDB AUTO_INCREMENT=24 DEFAULT CHARSET=utf8 COLLATE=utf8_unicode_ci;

/*Data for the table `generic_info` */

insert  into `generic_info`(`id`,`generic_name`,`status`,`created_at`,`updated_at`) values (1,'cefixime',1,NULL,'2018-11-07 21:19:14'),(2,'azitrmycine',1,NULL,'2018-11-07 21:19:18'),(3,'fexofenadin',1,NULL,'2018-11-07 21:19:21'),(4,'ceftriaxone',1,NULL,'2018-11-08 10:37:30'),(5,'nalbuphine-hydrochloride inn',1,NULL,'2018-11-08 10:38:50'),(6,'metronidazole',1,NULL,'2018-11-08 10:39:20'),(7,'hydrocortisone',1,NULL,'2018-11-08 10:40:33'),(8,'diclofenac-sodium',1,NULL,'2018-11-08 10:48:49'),(9,'ketorolac tromethamine',1,NULL,'2018-11-08 17:31:11'),(10,'esomeprazol magnesium usp',1,NULL,'2018-11-08 17:32:50'),(11,'tiemoniummethylsulphate',1,NULL,'2018-11-09 09:41:35'),(12,'dexamethasone',1,NULL,'2018-11-09 09:52:42'),(13,'cefuroxime',1,NULL,'2018-11-09 09:54:32'),(14,'oxytocin',1,NULL,'2018-11-09 09:55:31'),(15,'ketorolac tromethamine',1,NULL,'2018-11-09 09:55:48'),(16,'ephedrine-hydrochloride',1,NULL,'2018-11-10 11:10:35'),(17,'ranitidine',1,NULL,'2018-11-10 12:05:13'),(18,'hydrocortisone',1,NULL,'2018-11-10 12:05:41'),(19,'omeprazol',1,NULL,'2018-11-10 12:06:12'),(20,'pantoprazol',1,NULL,'2018-11-10 12:07:01'),(21,'ketamine-hydrochloride',1,NULL,'2018-11-10 12:54:26'),(22,'neostigmine-methylsulfate',1,NULL,'2018-11-10 12:56:15'),(23,'palonosetron',1,NULL,'2018-11-11 15:09:23');

/*Table structure for table `hospital` */

DROP TABLE IF EXISTS `hospital`;

CREATE TABLE `hospital` (
  `hospital_id` int(11) NOT NULL AUTO_INCREMENT,
  `hospital_title` varchar(250) COLLATE utf8_unicode_ci DEFAULT NULL,
  `hospital_logo` varchar(255) COLLATE utf8_unicode_ci DEFAULT NULL,
  `director` varchar(250) COLLATE utf8_unicode_ci DEFAULT NULL,
  `telephone` varchar(250) COLLATE utf8_unicode_ci DEFAULT NULL,
  `email` varchar(250) COLLATE utf8_unicode_ci DEFAULT NULL,
  `address_1` varchar(255) COLLATE utf8_unicode_ci DEFAULT NULL,
  `address_2` varchar(255) COLLATE utf8_unicode_ci DEFAULT NULL,
  `fax` varchar(20) COLLATE utf8_unicode_ci DEFAULT NULL,
  `mobile_no` varchar(20) COLLATE utf8_unicode_ci DEFAULT NULL,
  `area_id` int(11) DEFAULT '0',
  `district_id` int(11) DEFAULT '0',
  `division_id` int(11) DEFAULT '0',
  `branch_id` int(11) DEFAULT '0' COMMENT 'if 0 then main office,then other will come from same table primary id',
  `country_id` int(11) DEFAULT '0',
  `status` int(11) NOT NULL DEFAULT '1',
  `created_at` datetime DEFAULT NULL,
  `updated_at` timestamp NOT NULL DEFAULT CURRENT_TIMESTAMP,
  PRIMARY KEY (`hospital_id`)
) ENGINE=InnoDB AUTO_INCREMENT=6 DEFAULT CHARSET=utf8 COLLATE=utf8_unicode_ci;

/*Data for the table `hospital` */

insert  into `hospital`(`hospital_id`,`hospital_title`,`hospital_logo`,`director`,`telephone`,`email`,`address_1`,`address_2`,`fax`,`mobile_no`,`area_id`,`district_id`,`division_id`,`branch_id`,`country_id`,`status`,`created_at`,`updated_at`) values (1,'Square Hospital','square_jpg_1.jpg','Ramim','031456789','square@gmail.com','124, jamalkhan, ctg','','','01897890678',60,43,2,0,NULL,1,'2018-10-11 12:52:39','2018-10-11 12:52:39'),(2,'Apollo Hospital','apollo_jpg_1.jpg','Jamil','031789076','apollo@gmail.com','234, chawkbazar, dhaka','','','01897890698',165,11,3,0,NULL,1,'2018-10-11 12:53:54','2018-10-11 12:53:54'),(3,'Comfort Hospital','comfort_jpg_3.jpg','Asik','031456787','comfort@gmail.com','456, muradpur, ctg','','','01897890672',73,43,2,0,NULL,1,'2018-10-11 12:56:41','2018-10-11 12:56:41'),(4,'Chevron Hospital','Chevron_jpg_4.jpg','Jiku','031456783','chevron@gmail.com','458, panchlaish, ctg','','','01897890671',64,43,2,0,NULL,1,'2018-10-11 12:57:51','2018-10-11 12:57:51'),(5,'Family Care Hospital','hos_erp_header_PNG_5.PNG','Dr Younus','','','','','','',3,1,3,0,NULL,1,'2018-10-20 21:26:03','2018-10-20 21:26:03');

/*Table structure for table `ipd_patient_info` */

DROP TABLE IF EXISTS `ipd_patient_info`;

CREATE TABLE `ipd_patient_info` (
  `id` int(11) NOT NULL AUTO_INCREMENT,
  `patient_info_id` varchar(255) NOT NULL DEFAULT '0',
  `patient_name` varchar(255) DEFAULT NULL,
  `patient_image` varchar(255) DEFAULT NULL,
  `email` varchar(255) DEFAULT NULL,
  `password` varchar(255) DEFAULT NULL,
  `age` int(11) NOT NULL DEFAULT '0',
  `gender` varchar(255) DEFAULT NULL,
  `height` int(11) NOT NULL DEFAULT '0',
  `weight` int(11) NOT NULL DEFAULT '0',
  `ref_doctor_name` varchar(255) DEFAULT NULL,
  `date_of_birth` date DEFAULT NULL,
  `address` varchar(255) DEFAULT NULL,
  `mobile_no` varchar(255) DEFAULT NULL,
  `blood_group` varchar(255) DEFAULT NULL,
  `cabin_no` int(11) NOT NULL,
  `type` int(11) DEFAULT '1' COMMENT '1=registration 2=cabin trnasfer 3=release 4=operation',
  `total_amount` double NOT NULL DEFAULT '0',
  `paid_amount` double NOT NULL DEFAULT '0',
  `operator_name` varchar(255) DEFAULT NULL,
  `status` int(11) DEFAULT '1',
  `created_at` datetime DEFAULT NULL,
  `updated_at` timestamp NOT NULL DEFAULT CURRENT_TIMESTAMP,
  `ref_doc_name_t` varchar(250) DEFAULT NULL,
  `total_discount` double(10,2) DEFAULT '0.00',
  `total_vat` double(10,2) DEFAULT '0.00',
  `hospital_id` int(150) DEFAULT NULL,
  `gurdian_name` varchar(255) DEFAULT NULL,
  `parents_name` varchar(255) DEFAULT NULL,
  `gurdian_add` text,
  `parents_add` text,
  `gurdian_contact` varchar(255) DEFAULT NULL,
  `parents_contact` varchar(255) DEFAULT NULL,
  `parents_address` varchar(255) DEFAULT NULL,
  PRIMARY KEY (`id`)
) ENGINE=InnoDB AUTO_INCREMENT=2 DEFAULT CHARSET=latin1;

/*Data for the table `ipd_patient_info` */

insert  into `ipd_patient_info`(`id`,`patient_info_id`,`patient_name`,`patient_image`,`email`,`password`,`age`,`gender`,`height`,`weight`,`ref_doctor_name`,`date_of_birth`,`address`,`mobile_no`,`blood_group`,`cabin_no`,`type`,`total_amount`,`paid_amount`,`operator_name`,`status`,`created_at`,`updated_at`,`ref_doc_name_t`,`total_discount`,`total_vat`,`hospital_id`,`gurdian_name`,`parents_name`,`gurdian_add`,`parents_add`,`gurdian_contact`,`parents_contact`,`parents_address`) values (1,'1000_1','Robiul','default_patient.jpg','dinmohammadsheto86@gmail.com','bVlYZE03YXZScnZaZnBhaDJPQml0Zz09',100,'male',0,0,'Dr,Md.Younues Khan MBBS,FCPS,PGT','2018-11-01',NULL,'0183000000','2',1,1,0,0,'care_ipd',1,'2018-11-07 22:53:08','2018-11-07 22:53:08','mr,kamal',0.00,0.00,5,NULL,NULL,NULL,NULL,NULL,NULL,NULL);

/*Table structure for table `ipd_patient_order_info` */

DROP TABLE IF EXISTS `ipd_patient_order_info`;

CREATE TABLE `ipd_patient_order_info` (
  `id` int(11) NOT NULL AUTO_INCREMENT,
  `patient_id` int(11) NOT NULL DEFAULT '0',
  `invoice_order_id` varchar(255) COLLATE utf8_unicode_ci NOT NULL DEFAULT '0',
  `vat` double(10,2) NOT NULL DEFAULT '0.00',
  `total_discount` double(10,2) NOT NULL DEFAULT '0.00',
  `total_amount` double NOT NULL DEFAULT '0',
  `total_paid` double NOT NULL DEFAULT '0',
  `ref_doc_name` varchar(255) COLLATE utf8_unicode_ci DEFAULT NULL,
  `payment_status` varchar(255) COLLATE utf8_unicode_ci NOT NULL DEFAULT 'unpaid',
  `status` int(11) NOT NULL DEFAULT '1',
  `created_at` datetime DEFAULT NULL,
  `updated_at` timestamp NOT NULL DEFAULT CURRENT_TIMESTAMP,
  PRIMARY KEY (`id`)
) ENGINE=InnoDB AUTO_INCREMENT=3 DEFAULT CHARSET=utf8 COLLATE=utf8_unicode_ci;

/*Data for the table `ipd_patient_order_info` */

insert  into `ipd_patient_order_info`(`id`,`patient_id`,`invoice_order_id`,`vat`,`total_discount`,`total_amount`,`total_paid`,`ref_doc_name`,`payment_status`,`status`,`created_at`,`updated_at`) values (1,1,'0',0.00,0.00,0,0,NULL,'unpaid',1,'2018-11-07 22:54:57','2018-11-07 22:54:57'),(2,1,'0',0.00,0.00,0,0,NULL,'unpaid',1,'2018-11-07 23:03:33','2018-11-07 23:03:33');

/*Table structure for table `login` */

DROP TABLE IF EXISTS `login`;

CREATE TABLE `login` (
  `id` bigint(20) NOT NULL AUTO_INCREMENT,
  `username` varchar(250) COLLATE utf8_unicode_ci DEFAULT NULL,
  `email` varchar(255) COLLATE utf8_unicode_ci DEFAULT NULL,
  `mobile_no` varchar(20) COLLATE utf8_unicode_ci DEFAULT NULL,
  `password` varchar(250) COLLATE utf8_unicode_ci DEFAULT NULL,
  `hospital_id` bigint(20) DEFAULT '0' COMMENT 'It comes from hospital_table.For Software Super Admin it will be 0',
  `branch_id` int(11) DEFAULT '0' COMMENT 'Hospital Branch Bujhabe',
  `role` int(2) DEFAULT '0' COMMENT '1=Software Superadmin,2=Software Agent,3=Hospital Admin,4=Hospital Subadmin,5=Hospital IPD,6=Hospital OPD,7=Hospital Pharmacy,',
  `referal_id` bigint(20) DEFAULT NULL,
  `created_at` datetime DEFAULT NULL,
  `updated_at` timestamp NOT NULL DEFAULT CURRENT_TIMESTAMP ON UPDATE CURRENT_TIMESTAMP,
  PRIMARY KEY (`id`)
) ENGINE=InnoDB AUTO_INCREMENT=14 DEFAULT CHARSET=utf8 COLLATE=utf8_unicode_ci;

/*Data for the table `login` */

insert  into `login`(`id`,`username`,`email`,`mobile_no`,`password`,`hospital_id`,`branch_id`,`role`,`referal_id`,`created_at`,`updated_at`) values (1,'sufi','sufi@gmail.com','1673438726','bVlYZE03YXZScnZaZnBhaDJPQml0Zz09',0,0,1,NULL,NULL,'2018-10-11 06:47:39'),(2,'asif_2','asif@gmail.com','01673438921','bVlYZE03YXZScnZaZnBhaDJPQml0Zz09',1,0,3,NULL,'2018-10-11 14:41:11','2018-10-11 08:41:11'),(3,'arafat_3','arafat@gmail.com','01897890674','bVlYZE03YXZScnZaZnBhaDJPQml0Zz09',2,0,3,NULL,'2018-10-11 14:41:55','2018-10-11 08:41:56'),(4,'osman_4','osman@gmail.com','01897890673','bVlYZE03YXZScnZaZnBhaDJPQml0Zz09',3,0,3,NULL,'2018-10-11 14:42:38','2018-10-11 08:42:38'),(5,'care','care_user@gmail.com','01673438978','bVlYZE03YXZScnZaZnBhaDJPQml0Zz09',5,0,3,NULL,'2018-10-20 21:26:58','2018-10-31 16:18:25'),(8,'care_pharmacy','care_user@gmail.com','01673438978','bVlYZE03YXZScnZaZnBhaDJPQml0Zz09',5,0,3,NULL,'2018-10-20 21:26:58','2018-11-05 07:48:54'),(9,'Sumon_sk','care_user@gmail.com','01673438978','NFYweGxUSk9ma1VOT2EyNGZFWEtPQT09',5,0,3,NULL,'2018-10-20 21:26:58','2018-11-06 08:50:01'),(10,'care_ipd','care_user@gmail.com','01673438978','bVlYZE03YXZScnZaZnBhaDJPQml0Zz09',5,0,3,NULL,'2018-10-20 21:26:58','2018-10-31 16:18:25'),(11,'Lab','care_user@gmail.com','01673438978','bVlYZE03YXZScnZaZnBhaDJPQml0Zz09',5,0,3,NULL,'2018-10-20 21:26:58','2018-11-06 14:29:02'),(12,'care_accounts','care_user@gmail.com','01673438978','bVlYZE03YXZScnZaZnBhaDJPQml0Zz09',5,0,3,NULL,'2018-10-20 21:26:58','2018-10-31 16:18:25'),(13,'care_reception','care_user@gmail.com','01673438978','bVlYZE03YXZScnZaZnBhaDJPQml0Zz09',5,0,3,NULL,'2018-10-20 21:26:58','2018-10-31 16:18:25');

/*Table structure for table `login_log` */

DROP TABLE IF EXISTS `login_log`;

CREATE TABLE `login_log` (
  `logid` bigint(20) NOT NULL AUTO_INCREMENT,
  `loginid` bigint(20) NOT NULL DEFAULT '0',
  `loginip` varchar(100) COLLATE utf8_unicode_ci DEFAULT NULL,
  `loginidbrowser` varchar(150) COLLATE utf8_unicode_ci DEFAULT NULL,
  `created_at` datetime NOT NULL,
  `updated_at` timestamp NULL DEFAULT CURRENT_TIMESTAMP,
  PRIMARY KEY (`logid`)
) ENGINE=InnoDB DEFAULT CHARSET=utf8 COLLATE=utf8_unicode_ci;

/*Data for the table `login_log` */

/*Table structure for table `medicine_info` */

DROP TABLE IF EXISTS `medicine_info`;

CREATE TABLE `medicine_info` (
  `id` int(11) NOT NULL AUTO_INCREMENT,
  `medicine_name` varchar(255) COLLATE utf8_unicode_ci DEFAULT NULL,
  `generic_name` varchar(255) COLLATE utf8_unicode_ci DEFAULT NULL,
  `company_name` varchar(255) COLLATE utf8_unicode_ci DEFAULT NULL,
  `price` double NOT NULL DEFAULT '0',
  `created_at` datetime DEFAULT NULL,
  `updated_at` timestamp NOT NULL DEFAULT CURRENT_TIMESTAMP,
  PRIMARY KEY (`id`)
) ENGINE=InnoDB DEFAULT CHARSET=utf8 COLLATE=utf8_unicode_ci;

/*Data for the table `medicine_info` */

/*Table structure for table `multi_result` */

DROP TABLE IF EXISTS `multi_result`;

CREATE TABLE `multi_result` (
  `multi_path_id` int(150) NOT NULL AUTO_INCREMENT,
  `patient_info_id` varchar(150) DEFAULT NULL,
  `itestid` int(150) DEFAULT NULL,
  `mresult` longtext,
  `published_date` datetime DEFAULT NULL,
  PRIMARY KEY (`multi_path_id`)
) ENGINE=InnoDB AUTO_INCREMENT=5 DEFAULT CHARSET=latin1;

/*Data for the table `multi_result` */

insert  into `multi_result`(`multi_path_id`,`patient_info_id`,`itestid`,`mresult`,`published_date`) values (1,'0166',1,'<!DOCTYPE html>\r\n<html>\r\n<head>\r\n	\r\n</head>\r\n<body>\r\n<p> </p>\r\n<p> </p>\r\n<p> </p>\r\n<p> </p>\r\n\r\n<div style=\"width: 80%; margin: 0 auto;\">\r\n<table style=\"margin: 0 auto; width: 100%; margin-bottom: 20px;border-collapse: collapse;font-style: italic;\">\r\n<tbody>\r\n    <tr>\r\n    <td style=\"text-align: left;border: 1px solid #111111; padding: 1px 1px 1px 5px;\"> Print Date & Time : 16-11-2018</td>\r\n    \r\n    <td style=\"text-align: left;border: 1px solid #111111;padding: 1px 1px 1px 5px;\"> ID : 0166</td>\r\n  \r\n  </tr>\r\n    <tr>\r\n    <td style=\"text-align: left;border: 1px solid #111111; padding: 1px 1px 1px 5px;\"> Patient Name : setu das</td>\r\n    \r\n    <td style=\"text-align: left;border: 1px solid #111111;padding: 1px 1px 1px 5px;\"> Age : 25 Years</td>\r\n  \r\n  </tr>\r\n    <tr>\r\n    <td style=\"text-align: left;border: 1px solid #111111; padding: 1px 1px 1px 5px;\" colspan=\"2\"> ARef By Dr. : Dr.Md.Younus Khan</td>\r\n    \r\n    \r\n  \r\n  </tr>\r\n    <tr>\r\n    <td style=\"text-align: left;border: 1px solid #111111; padding: 1px 1px 1px 5px;\"> Speciman: Blood</td>\r\n    \r\n    <td style=\"text-align: left;border: 1px solid #111111;padding: 1px 1px 1px 5px;\"> Sex : \r\nFemale    </td>\r\n  \r\n  </tr>\r\n  </tbody>\r\n\r\n</table>\r\n</div>\r\n<h1 style=\"text-align: center; padding:5px 15px; width:500px;border-bottom:#000 solid 1px;color: green; font-weight: bold; margin: 0 auto;margin-bottom: 30px;\">Serology Report</h1>\r\n\r\n<div style=\"margin: 0 auto;\">\r\n<h3 style=\"text-align: center; font-weight: bold; margin: 0 auto; margin-bottom: 30px;\">Tests are carried out by :</h3>\r\n</div>\r\n<table style=\"margin: 0 auto; width: 80%; margin-bottom: 20px; text-align: center;border-collapse: collapse;\">\r\n<thead>\r\n<tr>\r\n<td style=\"border: 1px solid #111111;padding: 8px;font-weight:bold;\">Test</td>\r\n<td style=\"border: 1px solid #111111;padding: 8px;font-weight:bold;\">Result</td>\r\n<td style=\"border: 1px solid #111111;padding: 8px;font-weight:bold;\">Reference Value</td>\r\n</tr>\r\n</thead>\r\n<tbody>\r\n  \r\n        \r\n	\r\n<table style=\"margin: 0 auto; width: 80%; margin-bottom: 20px; text-align: center;border-collapse: collapse;\">\r\n\r\n<tbody>\r\n<tr>\r\n<td style=\"border: 1px solid #111111;padding: 8px;\">ASO Titre </td>\r\n<td style=\"border: 1px solid #111111;padding: 8px;\">5.5 u/l</td>\r\n<td style=\"border: 1px solid #111111;padding: 8px;\">4.50-11.00 u/l</td>\r\n</tr><tr><td style=\"border: 1px solid #111111;padding: 8px;\">Rimon</td><td style=\"border: 1px solid #111111;padding: 8px;\">7.7</td><td style=\"border: 1px solid #111111;padding: 8px;\">Bangladesh</td></tr>\r\n</tbody>\r\n</table>\r\n        <table style=\"margin: 0 auto; width: 80%; margin-bottom: 20px; text-align: center;border-collapse: collapse;\">\r\n\r\n<tbody>\r\n<tr>\r\n<td style=\"border: 1px solid #111111;padding: 8px;\">TPHA</td>\r\n<td style=\"border: 1px solid #111111;padding: 8px;\">5.5:-</td>\r\n<td style=\"border: 1px solid #111111;padding: 8px;\">4.50-11.00  :-</td>\r\n</tr><tr><td style=\"border: 1px solid #111111;padding: 8px;\">Na </td><td style=\"border: 1px solid #111111;padding: 8px;\">5.5</td><td style=\"border: 1px solid #111111;padding: 8px;\">4.5-111.0</td></tr><tr><td style=\"border: 1px solid #111111;padding: 8px;\">pk</td><td style=\"border: 1px solid #111111;padding: 8px;\">1.32</td><td style=\"border: 1px solid #111111;padding: 8px;\">.22</td></tr><tr><td style=\"border: 1px solid #111111;padding: 8px;\">Jibon</td><td style=\"border: 1px solid #111111;padding: 8px;\">5.5</td><td style=\"border: 1px solid #111111;padding: 8px;\">2.55</td></tr>\r\n</tbody>\r\n</table>\r\n  </tbody>\r\n</table>\r\n<div class=\"main\" style=\"background-color: ; width: 80%; margin: 340px 0px 0px 90px;\">\r\n<div class=\"left\" style=\"display: table-cell; width: 330px; padding: 20px; background-color:;font-size:10px\">Lab in Charge<br>Md.Sufi Ahmed<br>Diploma in Health Technology<br>Family Care Hospital (pvt)</div>\r\n<div class=\"middle\" style=\"display: table-cell; width: 330px; text-align: center; background-color:; padding: 20px;\"></div>\r\n<div class=\"right\" style=\"display: table-cell; width: 330px; padding: 20px; text-align: right; background-color:;font-size:10px\"><br><br><br>Doctor in Charge</div>\r\n</div>\r\n</body>\r\n</html>\r\n\r\n\r\n',NULL),(2,'0167',2,'<!DOCTYPE html>\r\n<html>\r\n<head>\r\n	\r\n</head>\r\n<body>\r\n<p> </p>\r\n<p> </p>\r\n<p> </p>\r\n<p> </p>\r\n\r\n<div style=\"width: 80%; margin: 0 auto;\">\r\n<table style=\"margin: 0 auto; width: 100%; margin-bottom: 20px;border-collapse: collapse;font-style: italic;\">\r\n<tbody>\r\n    <tr>\r\n    <td style=\"text-align: left;border: 1px solid #111111; padding: 1px 1px 1px 5px;\"> Print Date & Time : 16-11-2018</td>\r\n    \r\n    <td style=\"text-align: left;border: 1px solid #111111;padding: 1px 1px 1px 5px;\"> ID : 0167</td>\r\n  \r\n  </tr>\r\n    <tr>\r\n    <td style=\"text-align: left;border: 1px solid #111111; padding: 1px 1px 1px 5px;\"> Patient Name : Mohiddun Jahangir</td>\r\n    \r\n    <td style=\"text-align: left;border: 1px solid #111111;padding: 1px 1px 1px 5px;\"> Age : 25 Years</td>\r\n  \r\n  </tr>\r\n    <tr>\r\n    <td style=\"text-align: left;border: 1px solid #111111; padding: 1px 1px 1px 5px;\" colspan=\"2\"> ARef By Dr. : Dr.Md.Younus Khan</td>\r\n    \r\n    \r\n  \r\n  </tr>\r\n    <tr>\r\n    <td style=\"text-align: left;border: 1px solid #111111; padding: 1px 1px 1px 5px;\"> Speciman: Blood</td>\r\n    \r\n    <td style=\"text-align: left;border: 1px solid #111111;padding: 1px 1px 1px 5px;\"> Sex : \r\nFemale    </td>\r\n  \r\n  </tr>\r\n  </tbody>\r\n\r\n</table>\r\n</div>\r\n<h1 style=\"text-align: center; padding:5px 15px; width:500px;border-bottom:#000 solid 1px;color: green; font-weight: bold; margin: 0 auto;margin-bottom: 30px;\">BIOCHEMISTRY Report</h1>\r\n\r\n<div style=\"margin: 0 auto;\">\r\n<h3 style=\"text-align: center; font-weight: bold; margin: 0 auto; margin-bottom: 30px;\">Tests are carried out by :</h3>\r\n</div>\r\n<table style=\"margin: 0 auto; width: 80%; margin-bottom: 20px; text-align: center;border-collapse: collapse;\">\r\n<thead>\r\n<tr>\r\n<td style=\"border: 1px solid #111111;padding: 8px;font-weight:bold;\">Test</td>\r\n<td style=\"border: 1px solid #111111;padding: 8px;font-weight:bold;\">Result</td>\r\n<td style=\"border: 1px solid #111111;padding: 8px;font-weight:bold;\">Reference Value</td>\r\n</tr>\r\n</thead>\r\n<tbody>\r\n  \r\n        \r\n	\r\n<table style=\"margin: 0 auto; width: 80%; margin-bottom: 20px; text-align: center;border-collapse: collapse;\">\r\n\r\n<tbody>\r\n<tr>\r\n<td style=\"border: 1px solid #111111;padding: 8px;\">S.Lipid Profile (Fasting)</td>\r\n<td style=\"border: 1px solid #111111;padding: 8px;\">5.00</td>\r\n<td style=\"border: 1px solid #111111;padding: 8px;\">4.50-11.00 </td>\r\n</tr><tr><td style=\"border: 1px solid #111111;padding: 8px;\">Na</td><td style=\"border: 1px solid #111111;padding: 8px;\">7.5</td><td style=\"border: 1px solid #111111;padding: 8px;\">5.0</td></tr><tr><td style=\"border: 1px solid #111111;padding: 8px;\">Ka</td><td style=\"border: 1px solid #111111;padding: 8px;\">1.5</td><td style=\"border: 1px solid #111111;padding: 8px;\">5.0</td></tr>\r\n</tbody>\r\n</table>\r\n  </tbody>\r\n</table>\r\n<div class=\"main\" style=\"background-color: ; width: 80%; margin: 340px 0px 0px 90px;\">\r\n<div class=\"left\" style=\"display: table-cell; width: 330px; padding: 20px; background-color:;font-size:10px\">Lab in Charge<br>Md.Sufi Ahmed<br>Diploma in Health Technology<br>Family Care Hospital (pvt)</div>\r\n<div class=\"middle\" style=\"display: table-cell; width: 330px; text-align: center; background-color:; padding: 20px;\"></div>\r\n<div class=\"right\" style=\"display: table-cell; width: 330px; padding: 20px; text-align: right; background-color:;font-size:10px\"><br><br><br>Doctor in Charge</div>\r\n</div>\r\n</body>\r\n</html>\r\n\r\n\r\n',NULL),(3,'0168',2,'<!DOCTYPE html>\r\n<html>\r\n<head>\r\n	\r\n</head>\r\n<body>\r\n<p> </p>\r\n<p> </p>\r\n<p> </p>\r\n<p> </p>\r\n\r\n<div style=\"width: 80%; margin: 0 auto;\">\r\n<table style=\"margin: 0 auto; width: 100%; margin-bottom: 20px;border-collapse: collapse;font-style: italic;\">\r\n<tbody>\r\n    <tr>\r\n    <td style=\"text-align: left;border: 1px solid #111111; padding: 1px 1px 1px 5px;\"> Print Date & Time : 16-11-2018</td>\r\n    \r\n    <td style=\"text-align: left;border: 1px solid #111111;padding: 1px 1px 1px 5px;\"> ID : 0168</td>\r\n  \r\n  </tr>\r\n    <tr>\r\n    <td style=\"text-align: left;border: 1px solid #111111; padding: 1px 1px 1px 5px;\"> Patient Name : jibonando Daas</td>\r\n    \r\n    <td style=\"text-align: left;border: 1px solid #111111;padding: 1px 1px 1px 5px;\"> Age : 25 Years</td>\r\n  \r\n  </tr>\r\n    <tr>\r\n    <td style=\"text-align: left;border: 1px solid #111111; padding: 1px 1px 1px 5px;\" colspan=\"2\"> ARef By Dr. : Dr.Md.Younus Khan</td>\r\n    \r\n    \r\n  \r\n  </tr>\r\n    <tr>\r\n    <td style=\"text-align: left;border: 1px solid #111111; padding: 1px 1px 1px 5px;\"> Speciman: Blood</td>\r\n    \r\n    <td style=\"text-align: left;border: 1px solid #111111;padding: 1px 1px 1px 5px;\"> Sex : \r\nFemale    </td>\r\n  \r\n  </tr>\r\n  </tbody>\r\n\r\n</table>\r\n</div>\r\n<h1 style=\"text-align: center; padding:5px 15px; width:500px;border-bottom:#000 solid 1px;color: green; font-weight: bold; margin: 0 auto;margin-bottom: 30px;\">BIOCHEMISTRY Report</h1>\r\n\r\n<div style=\"margin: 0 auto;\">\r\n<h3 style=\"text-align: center; font-weight: bold; margin: 0 auto; margin-bottom: 30px;\">Tests are carried out by :</h3>\r\n</div>\r\n<table style=\"width: 100%; height: 31px;\" border=\"1\">\r\n<tbody>\r\n<tr>\r\n<td style=\"width: 250px;\" align=\"Left\"> Test Title </td>\r\n<td style=\"width: 183px;\" align=\"center\"> Value</td>\r\n<td style=\"width: 264px;\" align=\"center\">Reference Value</td>\r\n\r\n\r\n</tbody>\r\n</table>\r\n</br>\r\n\r\n  \r\n<table style=\"width: 100%; height: 31px;\" border=\"1\">\r\n<tbody>\r\n<tr>\r\n<td style=\"width: 250px;\" align=\"Left\"> S.Lipid Profile (Fasting) </td>\r\n<td style=\"width: 183px;\" align=\"center\">5.0 </td>\r\n<td style=\"width: 264px;\" align=\"center\">60</td>\r\n</tr><tr><td style=\"width: 250px;\" align=\"Left\">sdfsf</td><td style=\"width: 183px;\" align=\"center\">7.5</td><td style=\"width: 264px;\" align=\"center\">5.</td></tr><tr><td style=\"width: 250px;\" align=\"Left\">edfwsvfwe</td><td style=\"width: 183px;\" align=\"center\">fewf</td><td style=\"width: 264px;\" align=\"center\">fefe</td></tr><tr><td style=\"width: 250px;\" align=\"Left\">ascdascsa</td><td style=\"width: 183px;\" align=\"center\">asdasd</td><td style=\"width: 264px;\" align=\"center\">dasdsa</td></tr>\r\n</tbody>\r\n</table>\r\n      <div class=\"main\" style=\"background-color: ; width: 80%; margin: 340px 0px 0px 90px;\">\r\n<div class=\"left\" style=\"display: table-cell; width: 330px; padding: 20px; background-color:;font-size:10px\">Lab in Charge<br>Md.Sufi Ahmed<br>Diploma in Health Technology<br>Family Care Hospital (pvt)</div>\r\n<div class=\"middle\" style=\"display: table-cell; width: 330px; text-align: center; background-color:; padding: 20px;\"></div>\r\n<div class=\"right\" style=\"display: table-cell; width: 330px; padding: 20px; text-align: right; background-color:;font-size:10px\"><br><br><br>Doctor in Charge</div>\r\n</div>\r\n</body>\r\n</html>\r\n\r\n\r\n',NULL),(4,'0169',1,'<!DOCTYPE html>\r\n<html>\r\n<head>\r\n	\r\n</head>\r\n<body>\r\n<p> </p>\r\n<p> </p>\r\n<p> </p>\r\n<p> </p>\r\n\r\n<div style=\"width: 80%; margin: 0 auto;\">\r\n<table style=\"margin: 0 auto; width: 100%; margin-bottom: 20px;border-collapse: collapse;font-style: italic;\">\r\n<tbody>\r\n    <tr>\r\n    <td style=\"text-align: left;border: 1px solid #111111; padding: 1px 1px 1px 5px;\"> Print Date & Time : 17-11-2018</td>\r\n    \r\n    <td style=\"text-align: left;border: 1px solid #111111;padding: 1px 1px 1px 5px;\"> ID : 0169</td>\r\n  \r\n  </tr>\r\n    <tr>\r\n    <td style=\"text-align: left;border: 1px solid #111111; padding: 1px 1px 1px 5px;\"> Patient Name : Rabindra Nath Tagore</td>\r\n    \r\n    <td style=\"text-align: left;border: 1px solid #111111;padding: 1px 1px 1px 5px;\"> Age : 25 Years</td>\r\n  \r\n  </tr>\r\n    <tr>\r\n    <td style=\"text-align: left;border: 1px solid #111111; padding: 1px 1px 1px 5px;\" colspan=\"2\"> ARef By Dr. : Dr.Md.Younus Khan</td>\r\n    \r\n    \r\n  \r\n  </tr>\r\n    <tr>\r\n    <td style=\"text-align: left;border: 1px solid #111111; padding: 1px 1px 1px 5px;\"> Speciman: Blood</td>\r\n    \r\n    <td style=\"text-align: left;border: 1px solid #111111;padding: 1px 1px 1px 5px;\"> Sex : \r\nFemale    </td>\r\n  \r\n  </tr>\r\n  </tbody>\r\n\r\n</table>\r\n</div>\r\n<h1 style=\"text-align: center; padding:5px 15px; width:500px;border-bottom:#000 solid 1px;color: green; font-weight: bold; margin: 0 auto;margin-bottom: 30px;\">Serology Report</h1>\r\n\r\n<div style=\"margin: 0 auto;\">\r\n<h3 style=\"text-align: center; font-weight: bold; margin: 0 auto; margin-bottom: 30px;\">Tests are carried out by :</h3>\r\n</div>\r\n<style>\r\n#patients {\r\n	margin:0 auto;\r\n    font-family: \"Trebuchet MS\", Arial, Helvetica, sans-serif;\r\n    border-collapse: collapse;\r\n    width: 80%;\r\n    font-size: 11px\r\n}\r\n\r\n#patients td, #patients th {\r\n    border: 1px solid #ddd;\r\n    padding: 5px;\r\n}\r\n/*\r\n#patients tr:nth-child(even){background-color: #f2f2f2;}\r\n\r\n#patients tr:hover {background-color: #ddd;}*/\r\n\r\n#patients th {\r\n    padding-top: 6px;\r\n    padding-bottom: 6px;\r\n    text-align: left;\r\n    background-color: none;\r\n    color: #111111;\r\n}\r\n</style>\r\n<table id=\"patients\">\r\n  <tr>\r\n    <th style=\"width:50%\">Test</th>\r\n    <th style=\"width:25%\">Result</th>\r\n    <th style=\"width:25%\">Reference Value</th>\r\n  </tr>\r\n</table>\r\n\r\n  <style>\r\n#patients {\r\n	margin:0 auto;\r\n    font-family: \"Trebuchet MS\", Arial, Helvetica, sans-serif;\r\n    border-collapse: collapse;\r\n    width: 80%;\r\n    font-size: 11px\r\n}\r\n\r\n#patients td, #patients th {\r\n    border: 1px solid #ddd;\r\n    padding: 5px;\r\n}\r\n/*\r\n#patients tr:nth-child(even){background-color: #f2f2f2;}\r\n\r\n#patients tr:hover {background-color: #ddd;}*/\r\n\r\n#patients th {\r\n    padding-top: 6px;\r\n    padding-bottom: 6px;\r\n    text-align: left;\r\n    background-color: none;\r\n    color: #111111;\r\n}\r\n</style>\r\n  <table style=\"margin-top: 20px\" id=\"patients\">\r\n  <tbody><tr>\r\n    <td style=\"width:50%\">ASO Titre </td>\r\n    <td style=\"width:25%\">5. 0 u/l</td>\r\n    <td style=\"width:25%\"> 8.0 u/l</td>\r\n  </tr>\r\n\r\n  </tbody></table>\r\n\r\n    <style>\r\n#patients {\r\n	margin:0 auto;\r\n    font-family: \"Trebuchet MS\", Arial, Helvetica, sans-serif;\r\n    border-collapse: collapse;\r\n    width: 80%;\r\n    font-size: 11px\r\n}\r\n\r\n#patients td, #patients th {\r\n    border: 1px solid #ddd;\r\n    padding: 5px;\r\n}\r\n/*\r\n#patients tr:nth-child(even){background-color: #f2f2f2;}\r\n\r\n#patients tr:hover {background-color: #ddd;}*/\r\n\r\n#patients th {\r\n    padding-top: 6px;\r\n    padding-bottom: 6px;\r\n    text-align: left;\r\n    background-color: none;\r\n    color: #111111;\r\n}\r\n</style>\r\n  <table style=\"margin-top: 20px\" id=\"patients\">\r\n  <tbody><tr>\r\n    <td style=\"width:50%\">RA/RF Titre </td>\r\n    <td style=\"width:25%\">55</td>\r\n    <td style=\"width:25%\">75</td>\r\n  </tr>\r\n\r\n  </tbody></table>\r\n\r\n    <style>\r\n#patients {\r\n	margin:0 auto;\r\n    font-family: \"Trebuchet MS\", Arial, Helvetica, sans-serif;\r\n    border-collapse: collapse;\r\n    width: 80%;\r\n    font-size: 11px\r\n}\r\n\r\n#patients td, #patients th {\r\n    border: 1px solid #ddd;\r\n    padding: 5px;\r\n}\r\n/*\r\n#patients tr:nth-child(even){background-color: #f2f2f2;}\r\n\r\n#patients tr:hover {background-color: #ddd;}*/\r\n\r\n#patients th {\r\n    padding-top: 6px;\r\n    padding-bottom: 6px;\r\n    text-align: left;\r\n    background-color: none;\r\n    color: #111111;\r\n}\r\n</style>\r\n  <table style=\"margin-top: 20px\" id=\"patients\">\r\n  <tbody><tr>\r\n    <td style=\"width:50%\">Widal Test</td>\r\n    <td style=\"width:25%\">wecw</td>\r\n    <td style=\"width:25%\">wcw</td>\r\n  </tr><tr><td style=\"width:50%\">cwecw</td><td style=\"width:25%\">cwc</td><td style=\"width:25%\">wcw</td></tr><tr><td style=\"width:50%\">wcwcwc</td><td style=\"width:25%\">wcw</td><td style=\"width:25%\">wcw</td></tr><tr><td style=\"width:50%\">cedwcw</td><td style=\"width:25%\">cwc</td><td style=\"width:25%\">wcw</td></tr>\r\n\r\n  </tbody></table>\r\n\r\n  <div class=\"main\" style=\"background-color: ; width: 80%; margin: 340px 0px 0px 90px;\">\r\n<div class=\"left\" style=\"display: table-cell; width: 330px; padding: 20px; background-color:;font-size:10px\">Lab in Charge<br>Md.Sufi Ahmed<br>Diploma in Health Technology<br>Family Care Hospital (pvt)</div>\r\n<div class=\"middle\" style=\"display: table-cell; width: 330px; text-align: center; background-color:; padding: 20px;\"></div>\r\n<div class=\"right\" style=\"display: table-cell; width: 330px; padding: 20px; text-align: right; background-color:;font-size:10px\"><br><br><br>Doctor in Charge</div>\r\n</div>\r\n</body>\r\n</html>\r\n\r\n\r\n',NULL);

/*Table structure for table `opd_patient_info` */

DROP TABLE IF EXISTS `opd_patient_info`;

CREATE TABLE `opd_patient_info` (
  `id` int(11) NOT NULL AUTO_INCREMENT,
  `patient_info_id` varchar(255) NOT NULL DEFAULT '0',
  `patient_name` varchar(255) DEFAULT NULL,
  `age` int(11) NOT NULL DEFAULT '0',
  `gender` varchar(255) DEFAULT NULL,
  `height` int(11) NOT NULL DEFAULT '0',
  `weight` int(11) NOT NULL DEFAULT '0',
  `ref_doctor_name` varchar(255) DEFAULT NULL,
  `date_of_birth` date DEFAULT NULL,
  `address` varchar(255) DEFAULT NULL,
  `mobile_no` varchar(255) DEFAULT NULL,
  `blood_group` int(11) NOT NULL DEFAULT '0',
  `operator_name` varchar(255) DEFAULT NULL,
  `total_bill` double NOT NULL DEFAULT '0',
  `total_paid` double NOT NULL DEFAULT '0',
  `status` int(11) DEFAULT '1',
  `created_at` datetime DEFAULT NULL,
  `updated_at` timestamp NOT NULL DEFAULT CURRENT_TIMESTAMP,
  `quack_doc_name` varchar(255) DEFAULT NULL,
  `hospital_id` int(150) DEFAULT NULL,
  `total_discount_p` double(10,2) DEFAULT '0.00',
  `total_vat_p` double(10,2) DEFAULT '0.00',
  `entry_date` date DEFAULT NULL,
  PRIMARY KEY (`id`)
) ENGINE=InnoDB AUTO_INCREMENT=170 DEFAULT CHARSET=latin1;

/*Data for the table `opd_patient_info` */

insert  into `opd_patient_info`(`id`,`patient_info_id`,`patient_name`,`age`,`gender`,`height`,`weight`,`ref_doctor_name`,`date_of_birth`,`address`,`mobile_no`,`blood_group`,`operator_name`,`total_bill`,`total_paid`,`status`,`created_at`,`updated_at`,`quack_doc_name`,`hospital_id`,`total_discount_p`,`total_vat_p`,`entry_date`) values (1,'01','Kholilur Rahman',25,'Male',0,0,'rafiq','2018-11-07','cttg','0199121334',0,'Sumon_sk',1000,0,1,'2018-11-07 17:30:35','2018-11-07 17:30:35','gg',5,0.00,0.00,NULL),(2,'02','jahid hossain',25,'Male',0,0,'rafiq','2018-11-14','xtg','01819830604',1,'Sumon_sk',2350,1550,1,'2018-11-07 17:41:03','2018-11-07 17:41:03','gg',5,0.00,0.00,NULL),(3,'03','Mr,Din Mohammad',32,'Male',0,0,'Dr.Md.Younus Khan','0000-00-00','Chandpur','0965432',0,'care',400,0,1,'2018-11-07 20:06:03','2018-11-07 20:06:03','0',5,0.00,0.00,NULL),(4,'04','Mr,Bablu',25,'Male',0,0,'Dr.Md.Younus Khan','0000-00-00','','98765',0,'care',3900,3900,1,'2018-11-07 20:07:40','2018-11-07 20:07:40','0',5,0.00,0.00,NULL),(5,'05','Mr.Robiul Islam',25,'Male',0,0,'Dr.Md.Younus Khan','0000-00-00','','098765',0,'care',0,0,1,'2018-11-07 20:21:05','2018-11-07 20:21:05','0',5,0.00,0.00,NULL),(6,'06','Mr.Sufi',23,'Male',0,0,'Dr.Md.Younus Khan','0000-00-00','','098765432',0,'care',6000,6000,1,'2018-11-07 20:24:01','2018-11-07 20:24:01','0',5,0.00,0.00,NULL),(7,'07','jamal uddin',30,'Male',0,0,'self','2018-11-13','ctg','01678985263',1,'care',200,0,1,'2018-11-07 21:46:00','2018-11-07 21:46:00','gg',5,0.00,0.00,NULL),(8,'08','Mukta Begum',29,'Female',0,0,'self','0000-00-00','Chandpur','01836869346',0,'Sumon_sk',1200,1200,1,'2018-11-08 10:08:05','2018-11-08 10:08:05','0',5,0.00,0.00,NULL),(9,'09','Md.salim',65,'Male',0,0,'Dr.Md.Younus Khan','0000-00-00','Chandpur','01718503937',0,'Sumon_sk',1400,1400,1,'2018-11-09 09:48:07','2018-11-09 09:48:07','0',5,0.00,0.00,NULL),(10,'010','A.Hamid ',71,'Male',0,0,'Dr.Md.Younus Khan','0000-00-00','Chandpur','01771415963',0,'Sumon_sk',1000,1000,1,'2018-11-09 10:07:23','2018-11-09 10:07:23','0',5,1100.00,0.00,NULL),(11,'011','Raziya',60,'Male',0,0,'Dr.Md.Younus Khan','0000-00-00','Chandpur','01818322150',0,'Sumon_sk',3500,3500,1,'2018-11-09 10:15:14','2018-11-09 10:15:14','0',5,0.00,0.00,NULL),(12,'012','Rahana',60,'Female',0,0,'Dr.Md.Younus Khan','0000-00-00','Chandpur','01727722748',0,'Sumon_sk',3000,3000,1,'2018-11-09 10:26:30','2018-11-09 10:26:30','0',5,6400.00,0.00,NULL),(13,'013','Ummihani',6,'Female',0,0,'Dr.Md.Younus Khan','0000-00-00','Chandpur','01812288051',0,'Sumon_sk',2800,2800,1,'2018-11-09 10:38:10','2018-11-09 10:38:10','0',5,0.00,0.00,NULL),(14,'014','Halima',4,'Female',0,0,'Dr.Md.Younus Khan','0000-00-00','Chandpur','01741919490',0,'Sumon_sk',800,800,1,'2018-11-09 10:42:32','2018-11-09 10:42:32','0',5,1200.00,0.00,NULL),(15,'015','Sabina',30,'Female',0,0,'Dr.Md.Younus Khan','0000-00-00','Chandpur','01703985203',0,'Sumon_sk',700,700,1,'2018-11-09 10:52:03','2018-11-09 10:52:03','0',5,4400.00,0.00,NULL),(16,'016','Sathi',22,'Female',0,0,'Dr,Md.Shafiul Alam Pavel','0000-00-00','Chandpur','01741057469',0,'Sumon_sk',500,0,1,'2018-11-09 10:56:40','2018-11-09 10:56:40','0',5,0.00,0.00,NULL),(17,'017','Hazara',40,'Female',0,0,'Dr.Md.Younus Khan','0000-00-00','Chandpur','01865414122',0,'Sumon_sk',4000,2500,1,'2018-11-09 11:00:51','2018-11-09 11:00:51','0',5,0.00,0.00,NULL),(18,'018','Topuri Begum',75,'Female',0,0,'Dr.Md.Younus Khan','0000-00-00','Chandpur','01917623870',0,'Sumon_sk',1800,1800,1,'2018-11-09 11:09:22','2018-11-09 11:09:22','0',5,0.00,0.00,NULL),(19,'019','Peyara Begum',62,'Female',0,0,'Dr.Md.Younus Khan','0000-00-00','Chandpur','01822162475',0,'Sumon_sk',2900,2900,1,'2018-11-09 11:12:27','2018-11-09 11:12:27','0',5,6800.00,0.00,NULL),(20,'020','Hasan',32,'Male',0,0,'Dr.Md.Younus Khan','0000-00-00','Chandpur','01954784274',0,'Sumon_sk',800,800,1,'2018-11-09 11:32:15','2018-11-09 11:32:15','0',5,3300.00,0.00,NULL),(21,'021','Kulsuma',18,'Female',0,0,'self','0000-00-00','Chadpur','01781971574',0,'Sumon_sk',2400,2400,1,'2018-11-09 11:47:20','2018-11-09 11:47:20','0',5,18000.00,0.00,NULL),(22,'022','Raziya Begum',71,'Female',0,0,'Dr.Md.Younus Khan','0000-00-00','Chandpur','01943990367',0,'Sumon_sk',4300,4300,1,'2018-11-09 12:09:50','2018-11-09 12:09:50','0',5,0.00,0.00,NULL),(23,'023','Aysha',36,'Female',0,0,'Dr.Md.Younus Khan','0000-00-00','Chandpur','001943990367',0,'Sumon_sk',0,0,1,'2018-11-09 12:13:27','2018-11-09 12:13:27','0',5,0.00,0.00,NULL),(24,'024','Johora Begum',40,'Female',0,0,'Dr.Md.Younus Khan','0000-00-00','Chandpur','01925994727',0,'Sumon_sk',3000,3000,1,'2018-11-09 12:25:20','2018-11-09 12:25:20','0',5,0.00,0.00,NULL),(25,'025','Al-Amin',19,'Male',0,0,'Dr.Md.Younus Khan','0000-00-00','Chandpur','01823281938',0,'Sumon_sk',3800,3800,1,'2018-11-09 12:32:48','2018-11-09 12:32:48','0',5,0.00,0.00,NULL),(26,'026','Ekbal',45,'Male',0,0,'self','0000-00-00','Chandpur','01720004873',0,'Sumon_sk',3400,3000,1,'2018-11-09 12:44:38','2018-11-09 12:44:38','0',5,0.00,0.00,NULL),(27,'027','Haseb',13,'Male',0,0,'Dr.Md.Younus Khan','0000-00-00','Chandpur','01718780335',0,'Sumon_sk',1400,1400,1,'2018-11-09 12:53:13','2018-11-09 12:53:13','0',5,35100.00,0.00,NULL),(28,'028','Mhabub Alom',45,'Male',0,0,'self','0000-00-00','chandpur','01876047773',0,'Sumon_sk',100,100,1,'2018-11-09 13:15:37','2018-11-09 13:15:37','0',5,200.00,0.00,NULL),(29,'029','Sahanaj Begom',58,'Female',0,0,'0','0000-00-00','chandpur','',0,'Sumon_sk',1100,1100,1,'2018-11-09 13:18:46','2018-11-09 13:18:46','0',5,27600.00,0.00,NULL),(30,'030','Sahanaj begum',58,'Female',0,0,'0','0000-00-00','chandpur','01956662277',0,'Sumon_sk',700,0,1,'2018-11-09 13:20:17','2018-11-09 13:20:17','0',5,0.00,0.00,NULL),(31,'031','Abul hosen',50,'Male',0,0,'self','0000-00-00','chandpur','01674426507',0,'Sumon_sk',1200,1200,1,'2018-11-09 13:23:55','2018-11-09 13:23:55','0',5,0.00,0.00,NULL),(32,'032','Rayhan',22,'Male',0,0,'Dr.Md.Younus Khan','0000-00-00','chandpur','01863042941',0,'Sumon_sk',2000,2000,1,'2018-11-09 13:28:06','2018-11-09 13:28:06','0',5,6900.00,0.00,NULL),(33,'033','Honufa',60,'Female',0,0,'Dr.Md.Younus Khan','0000-00-00','chandpur','01826416387',0,'Sumon_sk',500,500,1,'2018-11-09 13:33:50','2018-11-09 13:33:50','0',5,0.00,0.00,NULL),(34,'034','Suborna',21,'Female',0,0,'Dr,Tabenda Akter','0000-00-00','chandpur','01790010016',0,'Sumon_sk',1200,1200,1,'2018-11-09 13:56:14','2018-11-09 13:56:14','0',5,0.00,0.00,NULL),(35,'035','Rekha',50,'Female',0,0,'self','0000-00-00','chandpur','01926447447',0,'Sumon_sk',1200,1200,1,'2018-11-09 14:24:02','2018-11-09 14:24:02','0',5,0.00,0.00,NULL),(36,'036','Sabber hosen',21,'Male',0,0,'Dr.Md.Younus Khan','0000-00-00','chandpur','01875491995',0,'Sumon_sk',2100,2100,1,'2018-11-09 14:27:19','2018-11-09 14:27:19','0',5,0.00,0.00,NULL),(37,'037','lutfur rahman',68,'Male',0,0,'Dr.Md.Younus Khan','0000-00-00','chandpur','01871299965',0,'Sumon_sk',550,550,1,'2018-11-09 14:35:58','2018-11-09 14:35:58','0',5,2000.00,0.00,NULL),(38,'038','junaed',5,'Male',0,0,'Dr.Md.Younus Khan','0000-00-00','chandpur','01874260861',0,'Sumon_sk',500,500,1,'2018-11-09 14:39:09','2018-11-09 14:39:09','0',5,0.00,0.00,NULL),(39,'039','mukta',19,'Female',0,0,'Dr.Md.Younus Khan','0000-00-00','chandpur','01816367832',0,'Sumon_sk',900,900,1,'2018-11-09 14:41:14','2018-11-09 14:41:14','0',5,0.00,0.00,NULL),(40,'040','Mosumi',22,'Female',0,0,'self','0000-00-00','chandpur','01831630757',0,'Sumon_sk',500,500,1,'2018-11-09 14:53:06','2018-11-09 14:53:06','0',5,0.00,0.00,NULL),(41,'041','Kulsuma',55,'Female',0,0,'Dr.Md.Younus Khan','0000-00-00','chandpur','01622386398',0,'Sumon_sk',1800,1800,1,'2018-11-09 15:00:36','2018-11-09 15:00:36','0',5,1500.00,0.00,NULL),(42,'042','sattar gaje',58,'Male',0,0,'Dr.Md.Younus Khan','0000-00-00','chandpur','01835093873',0,'Sumon_sk',1000,1000,1,'2018-11-09 15:40:49','2018-11-09 15:40:49','0',5,3900.00,0.00,NULL),(43,'043','Mazeda',55,'Female',0,0,'Dr.Md.Younus Khan','0000-00-00','chandpur','01815299603',0,'Sumon_sk',1200,1200,1,'2018-11-09 16:52:27','2018-11-09 16:52:27','0',5,6400.00,0.00,NULL),(44,'044','Renu Begum',50,'Female',0,0,'Dr.Md.Younus Khan','0000-00-00','Chanpur','01878991220.0',0,'Sumon_sk',0,0,1,'2018-11-10 11:01:23','2018-11-10 11:01:23','0',5,0.00,0.00,NULL),(45,'045','Renu Begum',50,'Female',0,0,'Dr.Md.Younus Khan','0000-00-00','Chanpur','101878991220',0,'Sumon_sk',4100,4100,1,'2018-11-10 11:02:13','2018-11-10 11:02:13','0',5,6000.00,0.00,NULL),(46,'046','Nur Mohammad',75,'Male',0,0,'Dr.Md.Younus Khan','0000-00-00','Chandpur','01838808970',0,'Sumon_sk',2200,2200,1,'2018-11-10 11:17:30','2018-11-10 11:17:30','0',5,0.00,0.00,NULL),(47,'047','Tofurun Nessa',0,'Female',0,0,'Dr.Md.Younus Khan','0000-00-00','Chandpur','01819130974',0,'Sumon_sk',600,600,1,'2018-11-10 11:22:23','2018-11-10 11:22:23','0',5,7200.00,0.00,NULL),(48,'048','Shahanara Begum',56,'Female',0,0,'self','0000-00-00','Chandpur','01919484790',0,'Sumon_sk',1000,1000,1,'2018-11-10 11:25:02','2018-11-10 11:25:02','0',5,0.00,0.00,NULL),(49,'049','Razib,  C-(302)',30,'Male',0,0,'Dr,Md.Shafiul Alam Pavel','0000-00-00','Chandpur','01883561913',0,'Sumon_sk',2200,0,1,'2018-11-10 11:29:04','2018-11-10 11:29:04','0',5,0.00,0.00,NULL),(50,'050','Shamim',30,'Male',0,0,'Dr.Md.Younus Khan','0000-00-00','Chandpur','01855552830',0,'Sumon_sk',1200,1200,1,'2018-11-10 11:37:22','2018-11-10 11:37:22','0',5,0.00,0.00,NULL),(51,'051','Samir',8,'Male',0,0,'Dr,Md.Shafiul Alam Pavel','0000-00-00','Chanpur','01851480263',0,'Sumon_sk',1100,1100,1,'2018-11-10 11:47:15','2018-11-10 11:47:15','0',5,0.00,0.00,NULL),(52,'052','Mafia',60,'Female',0,0,'Dr.Md.Younus Khan','0000-00-00','chandpur','01832893256',0,'Sumon_sk',600,600,1,'2018-11-10 11:55:52','2018-11-10 11:55:52','0',5,4000.00,0.00,NULL),(53,'053','morium akter',25,'Female',0,0,'Dr.Md.Younus Khan','0000-00-00','chandpur','01792339551',0,'Sumon_sk',1200,700,1,'2018-11-10 12:13:19','2018-11-10 12:13:19','0',5,0.00,0.00,NULL),(54,'054','Md. anis',27,'Male',0,0,'Dr.Md.Younus Khan','0000-00-00','chandpur','01811271819',0,'Sumon_sk',3500,3500,1,'2018-11-10 12:20:01','2018-11-10 12:20:01','0',5,0.00,0.00,NULL),(55,'055','Sahadat',30,'Male',0,0,'Dr.Md.Younus Khan','0000-00-00','chandpur','0182224611',0,'Sumon_sk',1500,1500,1,'2018-11-10 12:27:13','2018-11-10 12:27:13','0',5,0.00,0.00,NULL),(56,'056','Boshirullah',18,'Male',0,0,'Dr.Md.Younus Khan','0000-00-00','Chandpur','00000000000',0,'Sumon_sk',0,0,1,'2018-11-10 13:18:35','2018-11-10 13:18:35','0',5,0.00,0.00,NULL),(57,'057','Minu Begum',40,'Female',0,0,'Dr.Md.Younus Khan','0000-00-00','Chandpur','11111111111',0,'Sumon_sk',1700,0,1,'2018-11-10 13:27:20','2018-11-10 13:27:20','0',5,0.00,0.00,NULL),(58,'058','Nur Mohammad',75,'Male',0,0,'Dr.Md.Younus Khan','0000-00-00','Chandpur','22222222222',0,'Sumon_sk',600,600,1,'2018-11-10 13:33:20','2018-11-10 13:33:20','0',5,0.00,0.00,NULL),(59,'059','Salina',45,'Female',0,0,'Dr.Md.Younus Khan','0000-00-00','Chandpur','01839576729',0,'Sumon_sk',2200,2200,1,'2018-11-10 14:24:17','2018-11-10 14:24:17','0',5,7500.00,0.00,NULL),(60,'060','Muthi Begum',18,'Female',0,0,'Dr.Md.Younus Khan','0000-00-00','Chandpur','01799665593',0,'Sumon_sk',1300,1300,1,'2018-11-10 14:29:04','2018-11-10 14:29:04','0',5,0.00,0.00,NULL),(61,'061','Biuty',45,'Female',0,0,'Dr.Md.Younus Khan','0000-00-00','chandpur','01671378811',0,'Sumon_sk',2600,2600,1,'2018-11-10 15:38:33','2018-11-10 15:38:33','0',5,23100.00,0.00,NULL),(62,'062','Mahfuja',47,'Female',0,0,'Dr.Md.Younus Khan','0000-00-00','chandpur','01832570781',0,'Sumon_sk',3500,0,1,'2018-11-10 15:50:16','2018-11-10 15:50:16','0',5,0.00,0.00,NULL),(63,'063','selina',45,'Female',0,0,'Dr.Md.Younus Khan','0000-00-00','chandpur','01860785809',0,'Sumon_sk',150,150,1,'2018-11-10 16:07:08','2018-11-10 16:07:08','0',5,1000.00,0.00,NULL),(64,'064','Tanjina',28,'Female',0,0,'Dr.Md.Younus Khan','0000-00-00','Chandpur','01716443778',0,'Sumon_sk',1700,1700,1,'2018-11-10 16:18:04','2018-11-10 16:18:04','0',5,0.00,0.00,NULL),(65,'065','Rahema Begum',50,'Female',0,0,'Dr.Md.Younus Khan','0000-00-00','Chandpur','01816339651',0,'Sumon_sk',100,100,1,'2018-11-10 16:34:05','2018-11-10 16:34:05','0',5,200.00,0.00,NULL),(66,'066','Sukharanjan',65,'Male',0,0,'Dr.Md.Younus Khan','0000-00-00','Chandpur','01729571534',0,'Sumon_sk',1000,1000,1,'2018-11-10 17:12:56','2018-11-10 17:12:56','0',5,9600.00,0.00,NULL),(67,'067','Azharul Islam',16,'Male',0,0,'Dr.Md.Younus Khan','0000-00-00','Chandpur','01630118895',0,'Sumon_sk',2000,2000,1,'2018-11-10 18:07:52','2018-11-10 18:07:52','0',5,22400.00,0.00,NULL),(68,'068','Shohab ',49,'Male',0,0,'Dr.Md.Younus Khan','0000-00-00','Chandpur','01712889836',0,'Sumon_sk',800,800,1,'2018-11-10 18:11:01','2018-11-10 18:11:01','0',5,8400.00,0.00,NULL),(69,'069','Baby Of',5,'Male',0,0,'self','0000-00-00','Chandpur','33333333333',0,'Sumon_sk',100,0,1,'2018-11-10 19:02:07','2018-11-10 19:02:07','0',5,0.00,0.00,NULL),(70,'070','Habiba',15,'Female',0,0,'self','0000-00-00','Chandpur','01919148767',3,'Sumon_sk',1400,1400,1,'2018-11-10 21:12:17','2018-11-10 21:12:17','0',5,17600.00,0.00,NULL),(71,'071','Mrs.Shahina',46,'Female',0,0,'self','0000-00-00','Chandpur','01620760917',0,'Sumon_sk',1400,0,1,'2018-11-11 10:17:59','2018-11-11 10:17:59','0',5,0.00,0.00,NULL),(72,'072','Sumi',32,'Female',0,0,'Dr.Md.Younus Khan','0000-00-00','Chandpur','01726516974',0,'Sumon_sk',700,700,1,'2018-11-11 10:52:27','2018-11-11 10:52:27','0',5,9800.00,0.00,NULL),(73,'073','Kulsuma',36,'Female',0,0,'self','0000-00-00','Chandpur','01770674134',0,'Sumon_sk',1300,1300,1,'2018-11-11 10:54:57','2018-11-11 10:54:57','0',5,0.00,0.00,NULL),(74,'074','Shamima',40,'Female',0,0,'self','0000-00-00','Chandpur','01912732718',0,'Sumon_sk',1400,0,1,'2018-11-11 11:03:43','2018-11-11 11:03:43','0',5,0.00,0.00,NULL),(75,'075','Kamal Gazi',26,'Male',0,0,'Dr.Md.Younus Khan','0000-00-00','Chandpur','01845191411',0,'Sumon_sk',2500,2500,1,'2018-11-11 11:38:27','2018-11-11 11:38:27','0',5,2600.00,0.00,NULL),(76,'076','Rojina',28,'Female',0,0,'Dr.Md.Younus Khan','0000-00-00','chandpur','01766803306',0,'Sumon_sk',3200,3200,1,'2018-11-11 12:14:16','2018-11-11 12:14:16','0',5,0.00,0.00,NULL),(77,'077','Md.Boshir',22,'Male',0,0,'self','0000-00-00','Chandpur','01621061514',0,'Sumon_sk',1200,1200,1,'2018-11-11 12:40:05','2018-11-11 12:40:05','0',5,0.00,0.00,NULL),(78,'078','Mashud Gazi',30,'Male',0,0,'Dr.Md.Younus Khan','0000-00-00','Chandpur','01834323935',0,'Sumon_sk',3400,3400,1,'2018-11-11 12:42:28','2018-11-11 12:42:28','0',5,0.00,0.00,NULL),(79,'079','Seddiya Khatun',45,'Female',0,0,'Dr.Md.Younus Khan','0000-00-00','Chandpur','01816050265',0,'Sumon_sk',600,600,1,'2018-11-11 13:12:51','2018-11-11 13:12:51','0',5,0.00,0.00,NULL),(80,'080','Oashim ',18,'Male',0,0,'Dr.Md.Younus Khan','0000-00-00','chandpur','01818784045',0,'Sumon_sk',2700,2700,1,'2018-11-11 13:20:32','2018-11-11 13:20:32','0',5,5800.00,0.00,NULL),(81,'081','Aysha',30,'Female',0,0,'Dr.Md.Younus Khan','0000-00-00','Chandpur','01820055744',0,'Sumon_sk',1600,1600,1,'2018-11-11 14:03:48','2018-11-11 14:03:48','0',5,29700.00,0.00,NULL),(82,'082','Md.Boshir',22,'Male',0,0,'Dr.Md.Younus Khan','0000-00-00','Chandpur','019122334545',0,'Sumon_sk',1200,1200,1,'2018-11-11 14:17:56','2018-11-11 14:17:56','0',5,0.00,0.00,NULL),(83,'083','Rozina  (307)',25,'Female',0,0,'Dr.Md.Younus Khan','0000-00-00','chandpur','01815076778',0,'Sumon_sk',1100,1100,1,'2018-11-11 14:27:38','2018-11-11 14:27:38','0',5,0.00,0.00,NULL),(84,'084','Mim',10,'Female',0,0,'Dr.Md.Younus Khan','0000-00-00','Chandpur','01733509020',0,'Sumon_sk',1600,1100,1,'2018-11-11 15:02:49','2018-11-11 15:02:49','Saiful (Dolaituli)',5,0.00,0.00,NULL),(85,'085','Rubel mije',26,'Male',0,0,'self','0000-00-00','chandpur','01811965953',0,'Sumon_sk',1300,1300,1,'2018-11-11 17:54:57','2018-11-11 17:54:57','0',5,0.00,0.00,NULL),(86,'086','sahina Eyasmin',46,'Female',0,0,'self','0000-00-00','chandpur','01857260015',0,'Sumon_sk',200,0,1,'2018-11-11 18:22:28','2018-11-11 18:22:28','0',5,0.00,0.00,NULL),(87,'087','Seddiya Khatun',45,'Female',0,0,'Dr.Md.Younus Khan','0000-00-00','Chandpur','01881138646',0,'Sumon_sk',1000,1000,1,'2018-11-12 10:57:27','2018-11-12 10:57:27','0',5,200.00,0.00,NULL),(88,'088','Rajeya begum',40,'Female',0,0,'Dr.Md.Younus Khan','0000-00-00','Chandpur','01939500979',0,'Sumon_sk',800,800,1,'2018-11-12 11:08:26','2018-11-12 11:08:26','0',5,4800.00,0.00,NULL),(89,'089','Rasel',19,'Male',0,0,'self','0000-00-00','chandpur','01794247090',0,'Sumon_sk',400,300,1,'2018-11-12 11:19:03','2018-11-12 11:19:03','0',5,0.00,0.00,NULL),(90,'090','Muslim Gazi',71,'Male',0,0,'Dr.Md.Younus Khan','0000-00-00','Chandpur','01797262441',0,'Sumon_sk',600,600,1,'2018-11-12 11:29:28','2018-11-12 11:29:28','0',5,0.00,0.00,NULL),(91,'091','Jafor Khan',62,'Male',0,0,'Dr.Md.Younus Khan','0000-00-00','Chandpur','017828',0,'Sumon_sk',0,0,1,'2018-11-12 11:41:31','2018-11-12 11:41:31','0',5,0.00,0.00,NULL),(92,'092','Jafor Khan',62,'Male',0,0,'Dr.Md.Younus Khan','0000-00-00','Chandpur','01784821727',0,'Sumon_sk',2800,2800,1,'2018-11-12 11:42:06','2018-11-12 11:42:06','0',5,0.00,0.00,NULL),(93,'093','Kulsuma',52,'Female',0,0,'Dr.Md.Younus Khan','0000-00-00','Chandpur','01634516211',0,'Sumon_sk',3000,3000,1,'2018-11-12 11:58:36','2018-11-12 11:58:36','0',5,6400.00,0.00,NULL),(94,'094','Sayem',7,'Male',0,0,'Dr.Md.Younus Khan','0000-00-00','Chandpur','01860638807',0,'Sumon_sk',2000,2000,1,'2018-11-12 12:02:31','2018-11-12 12:02:31','0',5,0.00,0.00,NULL),(95,'095','Morzina',27,'Female',0,0,'Dr.Md.Younus Khan','0000-00-00','Chandpur','01721394606',0,'Sumon_sk',1600,1600,1,'2018-11-12 12:04:50','2018-11-12 12:04:50','0',5,13200.00,0.00,NULL),(96,'096','Shohor Vanu',27,'Female',0,0,'Dr.Md.Younus Khan','0000-00-00','Chandpur','01832969037',0,'Sumon_sk',1000,1000,1,'2018-11-12 12:07:47','2018-11-12 12:07:47','0',5,0.00,0.00,NULL),(97,'097','Mrs.Nasima',22,NULL,0,0,'self','0000-00-00','Chandpur','01727904119',0,'Sumon_sk',1200,1000,1,'2018-11-12 12:11:09','2018-11-12 12:11:09','0',5,0.00,0.00,NULL),(98,'098','Josna',46,'Female',0,0,'Dr.Md.Younus Khan','0000-00-00','chandpur','01817517218',0,'Sumon_sk',2000,2000,1,'2018-11-12 12:26:17','2018-11-12 12:26:17','0',5,0.00,0.00,NULL),(99,'099','Johir Mizi',61,'Male',0,0,'Dr.Md.Younus Khan','0000-00-00','Chandpur','01679308141',0,'Sumon_sk',3500,3500,1,'2018-11-12 12:30:28','2018-11-12 12:30:28','0',5,7400.00,0.00,NULL),(100,'0100','Md.Abdul Khalek',29,'Male',0,0,'self','0000-00-00','Chandpur','01824534416',0,'Sumon_sk',1200,700,1,'2018-11-12 12:41:18','2018-11-12 12:41:18','0',5,0.00,0.00,NULL),(101,'0101','Jahanara',55,'Female',0,0,'Dr.Md.Younus Khan','0000-00-00','chandpur','01864699132',0,'Sumon_sk',1600,1600,1,'2018-11-12 13:20:28','2018-11-12 13:20:28','0',5,8000.00,0.00,NULL),(102,'0102','Jesmin',30,'Female',0,0,'Dr.Md.Younus Khan','0000-00-00','chandpur','01867512722',0,'Sumon_sk',1800,1800,1,'2018-11-12 13:23:36','2018-11-12 13:23:36','0',5,24300.00,0.00,NULL),(103,'0103','Jamal Khan',33,NULL,0,0,'self','0000-00-00','','01813187526',0,'Sumon_sk',900,0,1,'2018-11-12 14:07:48','2018-11-12 14:07:48','0',5,0.00,0.00,NULL),(104,'0104','Joshim',26,'Male',0,0,'Dr.Md.Younus Khan','0000-00-00','Chandpur','01854825814',0,'Sumon_sk',3000,3000,1,'2018-11-12 14:27:47','2018-11-12 14:27:47','0',5,13600.00,0.00,NULL),(105,'0105','Monir',51,'Male',0,0,'Dr.Md.Younus Khan','0000-00-00','Chandpur','01713102937',0,'Sumon_sk',4000,4000,1,'2018-11-12 14:40:01','2018-11-12 14:40:01','0',5,0.00,0.00,NULL),(106,'0106','Sohel',33,'Male',0,0,'Dr.Md.Younus Khan','0000-00-00','Chandpur','01812914733',0,'Sumon_sk',1700,1700,1,'2018-11-12 15:08:35','2018-11-12 15:08:35','0',5,0.00,0.00,NULL),(107,'0107','Dhorjo Rani',58,'Female',0,0,'Dr.Md.Younus Khan','0000-00-00','Chandpur','01638041311',0,'Sumon_sk',100,100,1,'2018-11-12 16:18:24','2018-11-12 16:18:24','0',5,200.00,0.00,NULL),(108,'0108','Sharmin',28,'Female',0,0,'Dr.Md.Younus Khan','0000-00-00','Chandpur','01686414944',0,'Sumon_sk',400,400,1,'2018-11-12 16:40:48','2018-11-12 16:40:48','0',5,1200.00,0.00,NULL),(109,'0109','Fojiltun Nesa',70,'Female',0,0,'Dr.Md.Younus Khan','0000-00-00','Chandpur','01815577511',0,'Sumon_sk',900,900,1,'2018-11-12 17:52:23','2018-11-12 17:52:23','0',5,3600.00,0.00,NULL),(110,'0110','Aziza Afrin',25,'Female',0,0,'Dr.Md.Younus Khan','0000-00-00','Chandpur','44444444444',0,'Sumon_sk',2500,1200,1,'2018-11-12 17:54:16','2018-11-12 17:54:16','0',5,0.00,0.00,NULL),(111,'0111','Lile Begom',35,'Female',0,0,'Dr.Md.Younus Khan','0000-00-00','chandpur','01875765042',0,'Sumon_sk',1400,1400,1,'2018-11-12 18:15:57','2018-11-12 18:15:57','0',5,0.00,0.00,NULL),(112,'0112','Farhana rahman',25,'Female',0,0,'Dr.Md.Younus Khan','0000-00-00','chandpur','0195666277',0,'Sumon_sk',2500,0,1,'2018-11-12 18:21:24','2018-11-12 18:21:24','0',5,0.00,0.00,NULL),(113,'0113','Nayem',6,'Male',0,0,'self','0000-00-00','Chandpur','01880371003',0,'Sumon_sk',1200,1200,1,'2018-11-13 09:51:15','2018-11-13 09:51:15','0',5,4500.00,0.00,NULL),(114,'0114','Santa Akter',18,NULL,0,0,'self','0000-00-00','Chandpur','01911155149',0,'Sumon_sk',2200,2200,1,'2018-11-13 12:00:49','2018-11-13 12:00:49','0',5,1200.00,0.00,NULL),(115,'0115','Monir',51,'Male',0,0,'Dr.Md.Younus Khan','0000-00-00','Chandpur','55555555555',0,'Sumon_sk',200,200,1,'2018-11-13 12:05:11','2018-11-13 12:05:11','0',5,0.00,0.00,NULL),(116,'0116','Rabiya',21,'Female',0,0,'self','0000-00-00','Chandpur','01812139365',0,'Sumon_sk',2000,2000,1,'2018-11-13 12:43:44','2018-11-13 12:43:44','0',5,0.00,0.00,NULL),(117,'0117','Parvin',40,'Female',0,0,'Dr.Md.Younus Khan','0000-00-00','Chandpur','01843711802',0,'Sumon_sk',100,100,1,'2018-11-13 13:03:45','2018-11-13 13:03:45','0',5,200.00,0.00,NULL),(118,'0118','Shahin',21,'Male',0,0,'Dr,Md.Shafiul Alam Pavel','0000-00-00','Chandpur','01635635097',0,'Sumon_sk',300,300,1,'2018-11-13 13:05:19','2018-11-13 13:05:19','0',5,1000.00,0.00,NULL),(119,'0119','Mrs,Santa Akter',18,'Female',0,0,'self','0000-00-00','','34567',0,'Sumon_sk',700,0,1,'2018-11-13 13:51:25','2018-11-13 13:51:25','0',5,0.00,0.00,NULL),(120,'0120','arif khan',0,'Male',0,0,'self','2018-11-06','ctg','0199121334',1,'care',0,0,1,'2018-11-13 14:11:37','2018-11-13 14:11:37','gg',5,0.00,0.00,NULL),(121,'0121','amin',0,'Male',0,0,'self','2018-11-02','ctg','0199121334',0,'care',0,0,1,'2018-11-13 14:48:24','2018-11-13 14:48:24','gg',5,0.00,0.00,NULL),(122,'0122','Rashida Begom',26,'Female',0,0,'self','0000-00-00','Chandpur','01736320591',0,'Sumon_sk',1300,1300,1,'2018-11-13 15:32:31','2018-11-13 15:32:31','0',5,0.00,0.00,NULL),(123,'0123','Md.Abdul Kader',45,'Male',0,0,'self','0000-00-00','Chandpur','01736320591',0,'Sumon_sk',0,0,1,'2018-11-13 16:03:56','2018-11-13 16:03:56','0',5,0.00,0.00,NULL),(124,'0124','Abdul Kader',45,'Male',0,0,'self','0000-00-00','Chandpur','66666666666',0,'Sumon_sk',1300,1300,1,'2018-11-13 16:19:47','2018-11-13 16:19:47','0',5,0.00,0.00,NULL),(125,'0125','Shukomol',32,'Male',0,0,'Dr.Md.Younus Khan','0000-00-00','Chandpur','01838797822',0,'Sumon_sk',2000,2000,1,'2018-11-13 17:29:48','2018-11-13 17:29:48','0',5,2100.00,0.00,NULL),(126,'0126','Ripon',38,'Male',0,0,'Dr.Md.Younus Khan','0000-00-00','Chandpur','01645112885',0,'Sumon_sk',1400,1400,1,'2018-11-13 17:37:02','2018-11-13 17:37:02','0',5,0.00,0.00,NULL),(127,'0127','Abdul Lotif',80,'Male',0,0,'Dr.Md.Younus Khan','0000-00-00','Chandpur','01732577858',0,'Sumon_sk',2000,2000,1,'2018-11-13 18:13:10','2018-11-13 18:13:10','0',5,2100.00,0.00,NULL),(128,'0128','Abul Hasam',82,'Male',0,0,'Dr.Md.Younus Khan','0000-00-00','Chandpur','01911356732',0,'Sumon_sk',800,800,1,'2018-11-13 18:57:25','2018-11-13 18:57:25','0',5,12800.00,0.00,NULL),(129,'0129','Ripon',38,'Male',0,0,'Dr.Md.Younus Khan','0000-00-00','Chandpur','01713615579',0,'Sumon_sk',4800,4800,1,'2018-11-13 19:50:17','2018-11-13 19:50:17','0',5,10000.00,0.00,NULL),(130,'0130','Ripon',38,'Male',0,0,'Dr.Md.Younus Khan','0000-00-00','Chandpur','01713615579',0,'Sumon_sk',0,0,1,'2018-11-13 19:51:48','2018-11-13 19:51:48','0',5,0.00,0.00,NULL),(131,'0131','Sabina Arfin Mitu',19,'Female',0,0,'self','0000-00-00','Chandpur','01818335372',0,'Sumon_sk',1200,0,1,'2018-11-13 21:05:56','2018-11-13 21:05:56','0',5,0.00,0.00,NULL),(132,'0132','Shohal',33,'Male',0,0,'Dr.Md.Younus Khan','0000-00-00','Chandpur','11111122222',0,'Sumon_sk',1800,1800,1,'2018-11-14 10:42:50','2018-11-14 10:42:50','0',5,1900.00,0.00,NULL),(133,'0133','Jahanger',35,'Male',0,0,'self','0000-00-00','Chandpur','11111133333',0,'Sumon_sk',1400,0,1,'2018-11-14 10:48:07','2018-11-14 10:48:07','0',5,0.00,0.00,NULL),(134,'0134','Sabina Arfin Mitu',19,'Female',0,0,'self','0000-00-00','Chandpur','3333322222',0,'Sumon_sk',200,0,1,'2018-11-14 10:54:31','2018-11-14 10:54:31','0',5,0.00,0.00,NULL),(135,'0135','Abu Hanif',65,'Male',0,0,'Dr.Md.Younus Khan','0000-00-00','','01715401652',0,'Sumon_sk',400,400,1,'2018-11-14 11:07:59','2018-11-14 11:07:59','0',5,1200.00,0.00,NULL),(136,'0136','Khorseda Begum',62,'Female',0,0,'Dr.Md.Younus Khan','0000-00-00','chandpur','01818628077',0,'Sumon_sk',2900,2900,1,'2018-11-14 11:28:18','2018-11-14 11:28:18','0',5,0.00,0.00,NULL),(137,'0137','Hafijun Nahar',70,'Female',0,0,'Dr.Md.Younus Khan','0000-00-00','chandpur','01855332162',0,'Sumon_sk',1000,1000,1,'2018-11-14 11:38:22','2018-11-14 11:38:22','0',5,0.00,0.00,NULL),(138,'0138','Siddeya Khatun',45,'Female',0,0,'Dr.Md.Younus Khan','0000-00-00','chandpur','01881138646',0,'Sumon_sk',0,0,1,'2018-11-14 11:58:56','2018-11-14 11:58:56','0',5,0.00,0.00,NULL),(139,'0139','Rasel',35,'Male',0,0,'Dr.Md.Younus Khan','0000-00-00','chandpur','01936001077',0,'Sumon_sk',1200,1200,1,'2018-11-14 12:00:35','2018-11-14 12:00:35','0',5,13300.00,0.00,NULL),(140,'0140','Al-Amin',19,'Male',0,0,'self','0000-00-00','Chandpur','1111100000',0,'Sumon_sk',100,0,1,'2018-11-14 12:22:12','2018-11-14 12:22:12','0',5,0.00,0.00,NULL),(141,'0141','Khairul Hasan',45,'Male',0,0,'self','0000-00-00','Chandpur','0174444444',0,'Sumon_sk',100,0,1,'2018-11-14 12:26:32','2018-11-14 12:26:32','0',5,0.00,0.00,NULL),(142,'0142','Shajahan',55,'Male',0,0,'Dr.Md.Younus Khan','0000-00-00','Chandpur','01706172721',0,'Sumon_sk',1600,1600,1,'2018-11-14 12:45:39','2018-11-14 12:45:39','0',5,3600.00,0.00,NULL),(143,'0143','Mahide Hasan',21,'Male',0,0,'self','0000-00-00','','01760712668',0,'Sumon_sk',600,600,1,'2018-11-14 12:49:50','2018-11-14 12:49:50','0',5,7200.00,0.00,NULL),(144,'0144','Maksuda',50,'Female',0,0,'Dr.Md.Younus Khan','0000-00-00','','01933130106',0,'Sumon_sk',0,0,1,'2018-11-14 13:10:39','2018-11-14 13:10:39','0',5,0.00,0.00,NULL),(145,'0145','Maksuda',50,'Male',0,0,'Dr.Md.Younus Khan','0000-00-00','Chandpur','01935130106',0,'Sumon_sk',3200,3200,1,'2018-11-14 13:14:41','2018-11-14 13:14:41','0',5,0.00,0.00,NULL),(146,'0146','Monjuma Begum',18,'Female',0,0,'Dr,Md.Shafiul Alam Pavel','0000-00-00','Chandpur','01916112888',0,'Sumon_sk',1000,1000,1,'2018-11-14 13:23:31','2018-11-14 13:23:31','0',5,2400.00,0.00,NULL),(147,'0147','Salma',0,'Female',0,0,'Dr.Md.Younus Khan','0000-00-00','Chandpur','01863032616',0,'Sumon_sk',1000,1000,1,'2018-11-14 13:29:15','2018-11-14 13:29:15','0',5,14400.00,0.00,NULL),(148,'0148','Hazira Begum',45,'Female',0,0,'Dr.Md.Younus Khan','0000-00-00','Chandpur','01880852889',0,'Sumon_sk',1400,1400,1,'2018-11-14 13:52:34','2018-11-14 13:52:34','0',5,0.00,0.00,NULL),(149,'0149','Nurjahan',50,'Female',0,0,'Dr.Md.Younus Khan','0000-00-00','chandpur','01817517217',0,'Sumon_sk',1500,1500,1,'2018-11-14 14:02:59','2018-11-14 14:02:59','0',5,1600.00,0.00,NULL),(150,'0150','Mizanur Rahman',55,'Male',0,0,'Dr.Md.Younus Khan','0000-00-00','Chandpur','11111222333',0,'Sumon_sk',8800,0,1,'2018-11-14 14:08:21','2018-11-14 14:08:21','0',5,0.00,0.00,NULL),(151,'0151','Mizanur Rahman',55,NULL,0,0,'Dr.Md.Younus Khan','0000-00-00','Chandpur','11111222333',0,'Sumon_sk',0,0,1,'2018-11-14 14:19:20','2018-11-14 14:19:20','0',5,0.00,0.00,NULL),(152,'0152','Samsun Nessa',70,'Female',0,0,'Dr.Md.Younus Khan','0000-00-00','','01852669094',0,'Sumon_sk',500,500,1,'2018-11-14 14:21:52','2018-11-14 14:21:52','0',5,5000.00,0.00,NULL),(153,'0153','Rina',38,'Female',0,0,'Dr.Md.Younus Khan','0000-00-00','','01814822651',0,'Sumon_sk',800,800,1,'2018-11-14 14:32:10','2018-11-14 14:32:10','0',5,4800.00,0.00,NULL),(154,'0154','Asma',16,'Female',0,0,'Dr.Md.Younus Khan','0000-00-00','','01880852779',0,'Sumon_sk',1200,1200,1,'2018-11-14 14:34:39','2018-11-14 14:34:39','0',5,0.00,0.00,NULL),(155,'0155','Sahajahan',55,'Male',0,0,'Dr.Md.Younus Khan','0000-00-00','chandpur','01706172722',0,'Sumon_sk',1600,800,1,'2018-11-14 15:13:39','2018-11-14 15:13:39','0',5,3300.00,8800.00,NULL),(156,'0156','Khursheda',60,'Female',0,0,'Dr.Md.Younus Khan','0000-00-00','Chandpur','01716801311',0,'Sumon_sk',0,0,1,'2018-11-14 17:11:11','2018-11-14 17:11:11','0',5,0.00,0.00,NULL),(157,'0157','Ali-Hossain',20,'Male',0,0,'Dr.Md.Younus Khan','0000-00-00','Chandpur','01944403260',0,'Sumon_sk',0,0,1,'2018-11-14 17:25:43','2018-11-14 17:25:43','0',5,0.00,0.00,NULL),(158,'0158','Ali-Hossain',20,'Male',0,0,'Dr.Md.Younus Khan','0000-00-00','Chandpur','112112223434',0,'Sumon_sk',0,0,1,'2018-11-14 17:43:11','2018-11-14 17:43:11','0',5,0.00,0.00,NULL),(159,'0159','jibon nando dash',25,'Male',0,0,'Dr.Md.Younus Khan','2018-11-16','ctg','01415556555',1,'Sumon_sk',0,0,1,'2018-11-14 18:08:11','2018-11-14 18:08:11','gg',5,0.00,0.00,NULL),(160,'0160','jibon nando dash',25,'Male',0,0,'Dr.Md.Younus Khan','2018-11-16','ctg','01415556555',1,'Sumon_sk',200,0,1,'2018-11-14 18:27:15','2018-11-14 18:27:15','gg',5,0.00,0.00,NULL),(161,'0161','Yeasin',20,'Male',0,0,'Dr.Md.Younus Khan','2018-11-07','ctg','4564634465',3,'Sumon_sk',200,0,1,'2018-11-14 18:29:04','2018-11-14 18:29:04','0',5,0.00,0.00,NULL),(162,'0162','Ali-Hossain',20,'Male',0,0,'Dr.Md.Younus Khan','0000-00-00','Chandpur','11122334455',0,'Sumon_sk',1200,1200,1,'2018-11-14 18:32:01','2018-11-14 18:32:01','0',5,900.00,0.00,NULL),(163,'0163','Akhil Chondro',28,'Male',0,0,'Dr.Md.Younus Khan','0000-00-00','Chandpur','66655544433',0,'Sumon_sk',2000,2000,1,'2018-11-14 18:45:30','2018-11-14 18:45:30','0',5,0.00,0.00,NULL),(164,'0164','Khursheda',0,'Female',0,0,'Dr.Md.Younus Khan','0000-00-00','Chandpur','222444666',0,'Sumon_sk',4000,4000,1,'2018-11-14 18:54:40','2018-11-14 18:54:40','0',5,300.00,0.00,NULL),(165,'0165','setu das',25,'Male',0,0,'Dr.Md.Younus Khan','2018-11-17','ctg','01788555117',1,'care',0,0,1,'2018-11-16 02:59:00','2018-11-16 02:59:00','Dr.Shohag (Moishade)',5,0.00,0.00,NULL),(166,'0166','setu das',25,'Male',0,0,'Dr.Md.Younus Khan','2018-11-17','ctg','01788555117',1,'care',1990,1990,1,'2018-11-16 02:59:39','2018-11-16 02:59:39','Dr.Shohag (Moishade)',5,10.00,0.00,NULL),(167,'0167','Mohiddun Jahangir',25,'Male',0,0,'Dr.Md.Younus Khan','2018-10-29','Dhaka','01678636907',0,'care',1640,1640,1,'2018-11-16 14:20:08','2018-11-16 14:20:08','Dr.Shohag (Moishade)',5,560.00,0.00,NULL),(168,'0168','jibonando Daas',25,'Male',0,0,'Dr.Md.Younus Khan','2018-11-16','Dhaka','01679297949',1,'care',2000,2000,1,'2018-11-16 15:03:31','2018-11-16 15:03:31','Saiful (Dolaituli)',5,400.00,0.00,NULL),(169,'0169','Rabindra Nath Tagore',25,'Male',0,0,'Dr.Md.Younus Khan','2018-11-15','Dhaka','01679297949',1,'care',1500,1500,1,'2018-11-17 02:27:26','2018-11-17 02:27:26','Saiful (Dolaituli)',5,100.00,0.00,NULL);

/*Table structure for table `opd_patient_test_details_info` */

DROP TABLE IF EXISTS `opd_patient_test_details_info`;

CREATE TABLE `opd_patient_test_details_info` (
  `id` int(11) NOT NULL AUTO_INCREMENT,
  `patient_test_order_id` int(11) NOT NULL DEFAULT '0',
  `patient_sub_test_id` int(11) NOT NULL DEFAULT '0',
  `sub_test_price` double DEFAULT '0',
  `discount` double NOT NULL DEFAULT '0',
  `status` int(11) NOT NULL DEFAULT '1',
  `created_at` datetime DEFAULT NULL,
  `updated_at` timestamp NOT NULL DEFAULT CURRENT_TIMESTAMP,
  PRIMARY KEY (`id`)
) ENGINE=InnoDB AUTO_INCREMENT=583 DEFAULT CHARSET=latin1;

/*Data for the table `opd_patient_test_details_info` */

insert  into `opd_patient_test_details_info`(`id`,`patient_test_order_id`,`patient_sub_test_id`,`sub_test_price`,`discount`,`status`,`created_at`,`updated_at`) values (1,1,3,400,0,1,'2018-11-07 17:42:16','2018-11-07 17:42:16'),(2,1,4,400,0,1,'2018-11-07 17:42:16','2018-11-07 17:42:16'),(3,1,5,600,0,1,'2018-11-07 17:42:16','2018-11-07 17:42:16'),(4,1,6,200,0,1,'2018-11-07 17:42:16','2018-11-07 17:42:16'),(5,1,7,450,0,1,'2018-11-07 17:42:16','2018-11-07 17:42:16'),(6,2,3,400,0,1,'2018-11-07 20:06:19','2018-11-07 20:06:19'),(7,3,3,400,0,1,'2018-11-07 20:08:03','2018-11-07 20:08:03'),(8,4,3,0,0,1,'2018-11-07 20:21:58','2018-11-07 20:21:58'),(9,4,4,400,0,1,'2018-11-07 20:21:58','2018-11-07 20:21:58'),(10,4,11,200,0,1,'2018-11-07 20:21:58','2018-11-07 20:21:58'),(11,4,16,400,0,1,'2018-11-07 20:21:58','2018-11-07 20:21:58'),(12,4,41,1200,0,1,'2018-11-07 20:21:58','2018-11-07 20:21:58'),(13,4,44,1200,0,1,'2018-11-07 20:21:58','2018-11-07 20:21:58'),(14,4,28,200,0,1,'2018-11-07 20:21:58','2018-11-07 20:21:58'),(15,5,3,0,0,1,'2018-11-07 20:24:46','2018-11-07 20:24:46'),(16,5,4,400,0,1,'2018-11-07 20:24:46','2018-11-07 20:24:46'),(17,5,11,200,0,1,'2018-11-07 20:24:46','2018-11-07 20:24:46'),(18,5,16,400,0,1,'2018-11-07 20:24:46','2018-11-07 20:24:46'),(19,5,41,1200,0,1,'2018-11-07 20:24:46','2018-11-07 20:24:46'),(20,5,44,1200,0,1,'2018-11-07 20:24:46','2018-11-07 20:24:46'),(21,5,28,200,0,1,'2018-11-07 20:24:46','2018-11-07 20:24:46'),(22,5,111,1200,0,1,'2018-11-07 20:24:46','2018-11-07 20:24:46'),(23,5,141,1200,0,1,'2018-11-07 20:24:46','2018-11-07 20:24:46'),(24,6,4,400,0,1,'2018-11-07 20:25:26','2018-11-07 20:25:26'),(25,6,5,600,0,1,'2018-11-07 20:25:26','2018-11-07 20:25:26'),(26,7,11,200,0,1,'2018-11-07 21:46:10','2018-11-07 21:46:10'),(27,8,3,400,0,1,'2018-11-07 21:52:33','2018-11-07 21:52:33'),(28,8,4,400,0,1,'2018-11-07 21:52:33','2018-11-07 21:52:33'),(29,9,36,1200,0,1,'2018-11-08 10:09:42','2018-11-08 10:09:42'),(30,10,195,200,0,1,'2018-11-09 09:54:01','2018-11-09 09:54:01'),(31,10,13,200,0,1,'2018-11-09 09:54:01','2018-11-09 09:54:01'),(32,11,27,500,0,1,'2018-11-09 10:11:46','2018-11-09 10:11:46'),(33,11,196,200,0,1,'2018-11-09 10:11:46','2018-11-09 10:11:46'),(34,11,16,400,0,1,'2018-11-09 10:11:46','2018-11-09 10:11:46'),(35,12,27,500,0,1,'2018-11-09 10:18:01','2018-11-09 10:18:01'),(36,12,196,200,0,1,'2018-11-09 10:18:01','2018-11-09 10:18:01'),(37,12,16,400,0,1,'2018-11-09 10:18:01','2018-11-09 10:18:01'),(38,12,57,100,0,1,'2018-11-09 10:18:01','2018-11-09 10:18:01'),(39,12,33,1200,0,1,'2018-11-09 10:18:01','2018-11-09 10:18:01'),(40,12,102,500,0,1,'2018-11-09 10:18:01','2018-11-09 10:18:01'),(41,12,177,500,0,1,'2018-11-09 10:18:01','2018-11-09 10:18:01'),(42,12,10,100,0,1,'2018-11-09 10:18:01','2018-11-09 10:18:01'),(43,13,27,500,0,1,'2018-11-09 10:28:53','2018-11-09 10:28:53'),(44,13,196,200,0,1,'2018-11-09 10:28:53','2018-11-09 10:28:53'),(45,13,57,100,0,1,'2018-11-09 10:28:53','2018-11-09 10:28:53'),(46,13,16,400,0,1,'2018-11-09 10:28:53','2018-11-09 10:28:53'),(47,13,43,1200,0,1,'2018-11-09 10:28:53','2018-11-09 10:28:53'),(48,13,89,800,0,1,'2018-11-09 10:28:53','2018-11-09 10:28:53'),(49,14,27,500,0,1,'2018-11-09 10:39:11','2018-11-09 10:39:11'),(50,14,133,1200,0,1,'2018-11-09 10:39:11','2018-11-09 10:39:11'),(51,14,150,1000,0,1,'2018-11-09 10:39:11','2018-11-09 10:39:11'),(52,14,10,100,0,1,'2018-11-09 10:39:11','2018-11-09 10:39:11'),(53,15,141,1000,0,1,'2018-11-09 10:43:22','2018-11-09 10:43:22'),(54,16,196,200,0,1,'2018-11-09 10:50:01','2018-11-09 10:50:01'),(55,16,16,400,0,1,'2018-11-09 10:50:01','2018-11-09 10:50:01'),(56,17,27,500,0,1,'2018-11-09 10:52:58','2018-11-09 10:52:58'),(57,17,9,500,0,1,'2018-11-09 10:52:58','2018-11-09 10:52:58'),(58,17,57,100,0,1,'2018-11-09 10:52:58','2018-11-09 10:52:58'),(59,18,177,500,0,1,'2018-11-09 10:57:00','2018-11-09 10:57:00'),(60,19,27,500,0,1,'2018-11-09 11:03:09','2018-11-09 11:03:09'),(61,19,196,200,0,1,'2018-11-09 11:03:09','2018-11-09 11:03:09'),(62,19,16,400,0,1,'2018-11-09 11:03:09','2018-11-09 11:03:09'),(63,19,186,500,0,1,'2018-11-09 11:03:09','2018-11-09 11:03:09'),(64,19,6,400,0,1,'2018-11-09 11:03:09','2018-11-09 11:03:09'),(65,19,20,400,0,1,'2018-11-09 11:03:09','2018-11-09 11:03:09'),(66,19,33,1200,0,1,'2018-11-09 11:03:09','2018-11-09 11:03:09'),(67,19,112,400,0,1,'2018-11-09 11:03:09','2018-11-09 11:03:09'),(68,20,43,1000,0,1,'2018-11-09 11:09:50','2018-11-09 11:09:50'),(69,20,16,400,0,1,'2018-11-09 11:09:50','2018-11-09 11:09:50'),(70,20,20,400,0,1,'2018-11-09 11:09:50','2018-11-09 11:09:50'),(71,21,177,500,0,1,'2018-11-09 11:13:21','2018-11-09 11:13:21'),(72,21,27,500,0,1,'2018-11-09 11:13:21','2018-11-09 11:13:21'),(73,21,57,100,0,1,'2018-11-09 11:13:21','2018-11-09 11:13:21'),(74,21,9,500,0,1,'2018-11-09 11:13:21','2018-11-09 11:13:21'),(75,21,196,200,0,1,'2018-11-09 11:13:21','2018-11-09 11:13:21'),(76,21,16,400,0,1,'2018-11-09 11:13:21','2018-11-09 11:13:21'),(77,22,27,500,0,1,'2018-11-09 11:18:08','2018-11-09 11:18:08'),(78,22,177,500,0,1,'2018-11-09 11:18:08','2018-11-09 11:18:08'),(79,22,196,200,0,1,'2018-11-09 11:18:08','2018-11-09 11:18:08'),(80,22,16,400,0,1,'2018-11-09 11:18:08','2018-11-09 11:18:08'),(81,22,57,100,0,1,'2018-11-09 11:18:08','2018-11-09 11:18:08'),(82,23,27,500,0,1,'2018-11-09 11:33:02','2018-11-09 11:33:02'),(83,23,196,200,0,1,'2018-11-09 11:33:02','2018-11-09 11:33:03'),(84,23,16,400,0,1,'2018-11-09 11:33:03','2018-11-09 11:33:03'),(85,24,27,500,0,1,'2018-11-09 11:50:28','2018-11-09 11:50:28'),(86,24,10,100,0,1,'2018-11-09 11:50:28','2018-11-09 11:50:28'),(87,24,196,200,0,1,'2018-11-09 11:50:28','2018-11-09 11:50:28'),(88,24,186,500,0,1,'2018-11-09 11:50:28','2018-11-09 11:50:28'),(89,24,6,400,0,1,'2018-11-09 11:50:28','2018-11-09 11:50:28'),(90,24,57,100,0,1,'2018-11-09 11:50:28','2018-11-09 11:50:28'),(91,24,33,1200,0,1,'2018-11-09 11:50:28','2018-11-09 11:50:28'),(92,25,43,1000,0,1,'2018-11-09 12:04:56','2018-11-09 12:04:56'),(93,26,43,1000,0,1,'2018-11-09 12:11:10','2018-11-09 12:11:10'),(94,26,33,1200,0,1,'2018-11-09 12:11:10','2018-11-09 12:11:10'),(95,26,16,400,0,1,'2018-11-09 12:11:10','2018-11-09 12:11:10'),(96,26,112,400,0,1,'2018-11-09 12:11:10','2018-11-09 12:11:10'),(97,27,27,500,0,1,'2018-11-09 12:15:44','2018-11-09 12:15:44'),(98,27,196,200,0,1,'2018-11-09 12:15:45','2018-11-09 12:15:45'),(99,27,86,600,0,1,'2018-11-09 12:15:45','2018-11-09 12:15:45'),(100,28,27,500,0,1,'2018-11-09 12:29:32','2018-11-09 12:29:32'),(101,28,196,200,0,1,'2018-11-09 12:29:32','2018-11-09 12:29:32'),(102,28,16,400,0,1,'2018-11-09 12:29:32','2018-11-09 12:29:32'),(103,28,43,1000,0,1,'2018-11-09 12:29:32','2018-11-09 12:29:32'),(104,28,57,100,0,1,'2018-11-09 12:29:32','2018-11-09 12:29:32'),(105,28,89,800,0,1,'2018-11-09 12:29:32','2018-11-09 12:29:32'),(106,29,27,500,0,1,'2018-11-09 12:42:03','2018-11-09 12:42:03'),(107,29,58,200,0,1,'2018-11-09 12:42:03','2018-11-09 12:42:03'),(108,29,196,200,0,1,'2018-11-09 12:42:03','2018-11-09 12:42:03'),(109,29,197,600,0,1,'2018-11-09 12:42:03','2018-11-09 12:42:03'),(110,29,23,400,0,1,'2018-11-09 12:42:03','2018-11-09 12:42:03'),(111,29,16,400,0,1,'2018-11-09 12:42:03','2018-11-09 12:42:03'),(112,29,20,400,0,1,'2018-11-09 12:42:03','2018-11-09 12:42:03'),(113,29,186,500,0,1,'2018-11-09 12:42:03','2018-11-09 12:42:03'),(114,29,86,600,0,1,'2018-11-09 12:42:03','2018-11-09 12:42:03'),(115,30,33,1200,0,1,'2018-11-09 12:45:38','2018-11-09 12:45:38'),(116,30,27,500,0,1,'2018-11-09 12:45:38','2018-11-09 12:45:38'),(117,30,196,200,0,1,'2018-11-09 12:45:38','2018-11-09 12:45:38'),(118,30,16,400,0,1,'2018-11-09 12:45:38','2018-11-09 12:45:38'),(119,30,177,500,0,1,'2018-11-09 12:45:38','2018-11-09 12:45:38'),(120,30,86,600,0,1,'2018-11-09 12:45:38','2018-11-09 12:45:38'),(121,31,27,500,0,1,'2018-11-09 12:56:28','2018-11-09 12:56:28'),(122,31,8,1000,0,1,'2018-11-09 12:56:28','2018-11-09 12:56:28'),(123,31,6,400,0,1,'2018-11-09 12:56:28','2018-11-09 12:56:28'),(124,31,23,400,0,1,'2018-11-09 12:56:28','2018-11-09 12:56:28'),(125,31,16,400,0,1,'2018-11-09 12:56:28','2018-11-09 12:56:28'),(126,32,196,200,0,1,'2018-11-09 13:16:29','2018-11-09 13:16:29'),(127,33,84,500,0,1,'2018-11-09 13:21:07','2018-11-09 13:21:07'),(128,33,196,200,0,1,'2018-11-09 13:21:07','2018-11-09 13:21:07'),(129,34,33,1200,0,1,'2018-11-09 13:24:30','2018-11-09 13:24:30'),(130,35,177,500,0,1,'2018-11-09 13:29:52','2018-11-09 13:29:52'),(131,35,85,600,0,1,'2018-11-09 13:29:52','2018-11-09 13:29:52'),(132,35,89,800,0,1,'2018-11-09 13:29:52','2018-11-09 13:29:52'),(133,35,16,400,0,1,'2018-11-09 13:29:52','2018-11-09 13:29:52'),(134,36,27,500,0,1,'2018-11-09 13:34:20','2018-11-09 13:34:20'),(135,37,33,1200,0,1,'2018-11-09 13:56:40','2018-11-09 13:56:40'),(136,38,33,1200,0,1,'2018-11-09 14:24:43','2018-11-09 14:24:43'),(137,39,27,500,0,1,'2018-11-09 14:30:37','2018-11-09 14:30:37'),(138,39,57,100,0,1,'2018-11-09 14:30:37','2018-11-09 14:30:37'),(139,39,186,500,0,1,'2018-11-09 14:30:37','2018-11-09 14:30:37'),(140,39,20,400,0,1,'2018-11-09 14:30:37','2018-11-09 14:30:37'),(141,39,196,200,0,1,'2018-11-09 14:30:38','2018-11-09 14:30:38'),(142,39,16,400,0,1,'2018-11-09 14:30:38','2018-11-09 14:30:38'),(143,40,85,600,0,1,'2018-11-09 14:37:25','2018-11-09 14:37:25'),(144,40,196,200,0,1,'2018-11-09 14:37:25','2018-11-09 14:37:25'),(145,41,186,500,0,1,'2018-11-09 14:39:43','2018-11-09 14:39:43'),(146,42,186,500,0,1,'2018-11-09 14:41:47','2018-11-09 14:41:47'),(147,42,23,400,0,1,'2018-11-09 14:41:47','2018-11-09 14:41:47'),(148,43,177,500,0,1,'2018-11-09 14:53:42','2018-11-09 14:53:42'),(149,44,27,500,0,1,'2018-11-09 15:02:20','2018-11-09 15:02:20'),(150,44,57,100,0,1,'2018-11-09 15:02:20','2018-11-09 15:02:21'),(151,44,196,200,0,1,'2018-11-09 15:02:21','2018-11-09 15:02:21'),(152,44,16,400,0,1,'2018-11-09 15:02:21','2018-11-09 15:02:21'),(153,44,69,600,0,1,'2018-11-09 15:02:21','2018-11-09 15:02:21'),(154,45,196,200,0,1,'2018-11-09 15:42:28','2018-11-09 15:42:28'),(155,45,177,500,0,1,'2018-11-09 15:42:28','2018-11-09 15:42:28'),(156,45,86,600,0,1,'2018-11-09 15:42:28','2018-11-09 15:42:28'),(157,46,27,500,0,1,'2018-11-09 16:53:39','2018-11-09 16:53:39'),(158,46,196,200,0,1,'2018-11-09 16:53:39','2018-11-09 16:53:39'),(159,46,16,400,0,1,'2018-11-09 16:53:39','2018-11-09 16:53:39'),(160,46,177,500,0,1,'2018-11-09 16:53:39','2018-11-09 16:53:39'),(161,47,9,500,0,1,'2018-11-09 17:06:56','2018-11-09 17:06:56'),(162,48,27,500,0,1,'2018-11-10 11:02:57','2018-11-10 11:02:57'),(163,48,33,1200,0,1,'2018-11-10 11:02:57','2018-11-10 11:02:57'),(164,49,196,200,0,1,'2018-11-10 11:06:13','2018-11-10 11:06:13'),(165,49,177,500,0,1,'2018-11-10 11:06:13','2018-11-10 11:06:13'),(166,49,16,400,0,1,'2018-11-10 11:06:13','2018-11-10 11:06:13'),(167,49,57,100,0,1,'2018-11-10 11:06:13','2018-11-10 11:06:13'),(168,49,43,1000,0,1,'2018-11-10 11:06:13','2018-11-10 11:06:13'),(169,49,89,800,0,1,'2018-11-10 11:06:13','2018-11-10 11:06:13'),(170,50,27,500,0,1,'2018-11-10 11:19:27','2018-11-10 11:19:27'),(171,50,196,200,0,1,'2018-11-10 11:19:27','2018-11-10 11:19:27'),(172,50,16,400,0,1,'2018-11-10 11:19:27','2018-11-10 11:19:27'),(173,50,177,500,0,1,'2018-11-10 11:19:27','2018-11-10 11:19:27'),(174,50,86,600,0,1,'2018-11-10 11:19:28','2018-11-10 11:19:28'),(175,51,196,200,0,1,'2018-11-10 11:22:49','2018-11-10 11:22:49'),(176,51,141,1000,0,1,'2018-11-10 11:22:49','2018-11-10 11:22:49'),(177,52,111,1000,0,1,'2018-11-10 11:25:16','2018-11-10 11:25:16'),(178,53,27,500,0,1,'2018-11-10 11:29:59','2018-11-10 11:29:59'),(179,53,196,200,0,1,'2018-11-10 11:29:59','2018-11-10 11:29:59'),(180,53,16,400,0,1,'2018-11-10 11:29:59','2018-11-10 11:29:59'),(181,53,177,500,0,1,'2018-11-10 11:29:59','2018-11-10 11:29:59'),(182,53,86,600,0,1,'2018-11-10 11:29:59','2018-11-10 11:29:59'),(183,54,43,1000,0,1,'2018-11-10 11:38:07','2018-11-10 11:38:07'),(184,54,196,200,0,1,'2018-11-10 11:38:07','2018-11-10 11:38:07'),(185,55,118,400,0,1,'2018-11-10 11:48:02','2018-11-10 11:48:02'),(186,55,10,100,0,1,'2018-11-10 11:48:02','2018-11-10 11:48:02'),(187,55,86,600,0,1,'2018-11-10 11:48:02','2018-11-10 11:48:02'),(188,56,43,1000,0,1,'2018-11-10 11:56:26','2018-11-10 11:56:26'),(189,57,36,1200,0,1,'2018-11-10 12:13:51','2018-11-10 12:13:51'),(190,58,27,500,0,1,'2018-11-10 12:22:10','2018-11-10 12:22:10'),(191,58,57,100,0,1,'2018-11-10 12:22:10','2018-11-10 12:22:10'),(192,58,196,200,0,1,'2018-11-10 12:22:10','2018-11-10 12:22:10'),(193,58,177,500,0,1,'2018-11-10 12:22:10','2018-11-10 12:22:10'),(194,58,16,400,0,1,'2018-11-10 12:22:10','2018-11-10 12:22:10'),(195,58,43,1000,0,1,'2018-11-10 12:22:10','2018-11-10 12:22:10'),(196,58,89,800,0,1,'2018-11-10 12:22:10','2018-11-10 12:22:10'),(197,59,27,500,0,1,'2018-11-10 12:29:02','2018-11-10 12:29:02'),(198,59,196,200,0,1,'2018-11-10 12:29:02','2018-11-10 12:29:02'),(199,59,16,400,0,1,'2018-11-10 12:29:02','2018-11-10 12:29:02'),(200,59,23,400,0,1,'2018-11-10 12:29:02','2018-11-10 12:29:02'),(201,60,27,500,0,1,'2018-11-10 13:26:12','2018-11-10 13:26:12'),(202,60,196,200,0,1,'2018-11-10 13:26:12','2018-11-10 13:26:12'),(203,60,16,400,0,1,'2018-11-10 13:26:12','2018-11-10 13:26:12'),(204,60,57,100,0,1,'2018-11-10 13:26:12','2018-11-10 13:26:12'),(205,60,177,500,0,1,'2018-11-10 13:26:12','2018-11-10 13:26:12'),(206,60,86,600,0,1,'2018-11-10 13:26:12','2018-11-10 13:26:12'),(207,61,196,200,0,1,'2018-11-10 13:28:23','2018-11-10 13:28:23'),(208,61,16,400,0,1,'2018-11-10 13:28:23','2018-11-10 13:28:23'),(209,61,177,500,0,1,'2018-11-10 13:28:23','2018-11-10 13:28:23'),(210,61,86,600,0,1,'2018-11-10 13:28:23','2018-11-10 13:28:23'),(211,62,197,600,0,1,'2018-11-10 13:33:35','2018-11-10 13:33:35'),(212,63,196,200,0,1,'2018-11-10 14:25:29','2018-11-10 14:25:29'),(213,63,57,100,0,1,'2018-11-10 14:25:29','2018-11-10 14:25:29'),(214,63,43,1000,0,1,'2018-11-10 14:25:30','2018-11-10 14:25:30'),(215,63,33,1200,0,1,'2018-11-10 14:25:30','2018-11-10 14:25:30'),(216,64,33,1200,0,1,'2018-11-10 14:30:04','2018-11-10 14:30:04'),(217,64,57,100,0,1,'2018-11-10 14:30:04','2018-11-10 14:30:04'),(218,65,27,500,0,1,'2018-11-10 15:40:45','2018-11-10 15:40:45'),(219,65,57,100,0,1,'2018-11-10 15:40:46','2018-11-10 15:40:46'),(220,65,43,1000,0,1,'2018-11-10 15:40:46','2018-11-10 15:40:46'),(221,65,196,200,0,1,'2018-11-10 15:40:46','2018-11-10 15:40:46'),(222,65,16,400,0,1,'2018-11-10 15:40:46','2018-11-10 15:40:46'),(223,65,177,500,0,1,'2018-11-10 15:40:46','2018-11-10 15:40:46'),(224,65,86,600,0,1,'2018-11-10 15:40:46','2018-11-10 15:40:46'),(225,66,27,500,0,1,'2018-11-10 15:52:29','2018-11-10 15:52:29'),(226,66,196,200,0,1,'2018-11-10 15:52:29','2018-11-10 15:52:29'),(227,66,23,400,0,1,'2018-11-10 15:52:29','2018-11-10 15:52:29'),(228,66,16,400,0,1,'2018-11-10 15:52:29','2018-11-10 15:52:29'),(229,66,8,1000,0,1,'2018-11-10 15:52:29','2018-11-10 15:52:29'),(230,66,43,1000,0,1,'2018-11-10 15:52:29','2018-11-10 15:52:29'),(231,67,16,400,0,1,'2018-11-10 16:07:44','2018-11-10 16:07:44'),(232,68,43,1000,0,1,'2018-11-10 16:19:19','2018-11-10 16:19:19'),(233,68,196,200,0,1,'2018-11-10 16:19:19','2018-11-10 16:19:19'),(234,68,186,500,0,1,'2018-11-10 16:19:20','2018-11-10 16:19:20'),(235,69,196,200,0,1,'2018-11-10 16:34:22','2018-11-10 16:34:22'),(236,70,86,600,0,1,'2018-11-10 17:14:32','2018-11-10 17:14:32'),(237,70,23,400,0,1,'2018-11-10 17:14:32','2018-11-10 17:14:32'),(238,70,196,200,0,1,'2018-11-10 17:14:32','2018-11-10 17:14:32'),(239,70,20,400,0,1,'2018-11-10 17:14:32','2018-11-10 17:14:32'),(240,71,27,500,0,1,'2018-11-10 18:09:47','2018-11-10 18:09:47'),(241,71,196,200,0,1,'2018-11-10 18:09:47','2018-11-10 18:09:47'),(242,71,16,400,0,1,'2018-11-10 18:09:47','2018-11-10 18:09:47'),(243,71,33,1200,0,1,'2018-11-10 18:09:47','2018-11-10 18:09:47'),(244,71,154,500,0,1,'2018-11-10 18:09:47','2018-11-10 18:09:47'),(245,72,89,800,0,1,'2018-11-10 18:12:04','2018-11-10 18:12:04'),(246,72,196,200,0,1,'2018-11-10 18:12:04','2018-11-10 18:12:04'),(247,72,16,400,0,1,'2018-11-10 18:12:04','2018-11-10 18:12:04'),(248,73,10,100,0,1,'2018-11-10 19:02:16','2018-11-10 19:02:16'),(249,74,27,500,0,1,'2018-11-10 21:13:33','2018-11-10 21:13:33'),(250,74,108,600,0,1,'2018-11-10 21:13:34','2018-11-10 21:13:34'),(251,74,8,1000,0,1,'2018-11-10 21:13:34','2018-11-10 21:13:34'),(252,74,57,100,0,1,'2018-11-10 21:13:34','2018-11-10 21:13:34'),(253,75,10,100,0,1,'2018-11-11 10:23:24','2018-11-11 10:23:24'),(254,75,186,500,0,1,'2018-11-11 10:23:24','2018-11-11 10:23:24'),(255,75,6,400,0,1,'2018-11-11 10:23:24','2018-11-11 10:23:24'),(256,75,16,400,0,1,'2018-11-11 10:23:24','2018-11-11 10:23:24'),(257,76,195,200,0,1,'2018-11-11 10:53:31','2018-11-11 10:53:31'),(258,76,13,200,0,1,'2018-11-11 10:53:31','2018-11-11 10:53:31'),(259,76,43,1000,0,1,'2018-11-11 10:53:31','2018-11-11 10:53:31'),(260,77,28,200,0,1,'2018-11-11 10:56:42','2018-11-11 10:56:42'),(261,77,186,500,0,1,'2018-11-11 10:56:42','2018-11-11 10:56:42'),(262,77,10,100,0,1,'2018-11-11 10:56:42','2018-11-11 10:56:42'),(263,78,10,100,0,1,'2018-11-11 11:04:34','2018-11-11 11:04:34'),(264,78,186,500,0,1,'2018-11-11 11:04:34','2018-11-11 11:04:34'),(265,78,6,400,0,1,'2018-11-11 11:04:34','2018-11-11 11:04:34'),(266,78,199,200,0,1,'2018-11-11 11:04:34','2018-11-11 11:04:34'),(267,78,200,200,0,1,'2018-11-11 11:04:34','2018-11-11 11:04:34'),(268,79,27,500,0,1,'2018-11-11 11:40:27','2018-11-11 11:40:27'),(269,79,9,500,0,1,'2018-11-11 11:40:27','2018-11-11 11:40:27'),(270,79,196,200,0,1,'2018-11-11 11:40:27','2018-11-11 11:40:27'),(271,79,16,400,0,1,'2018-11-11 11:40:27','2018-11-11 11:40:27'),(272,79,20,400,0,1,'2018-11-11 11:40:27','2018-11-11 11:40:27'),(273,79,186,500,0,1,'2018-11-11 11:40:27','2018-11-11 11:40:27'),(274,79,57,100,0,1,'2018-11-11 11:40:27','2018-11-11 11:40:27'),(275,80,27,500,0,1,'2018-11-11 12:17:11','2018-11-11 12:17:11'),(276,80,20,400,0,1,'2018-11-11 12:17:11','2018-11-11 12:17:11'),(277,80,57,100,0,1,'2018-11-11 12:17:11','2018-11-11 12:17:11'),(278,80,33,1200,0,1,'2018-11-11 12:17:11','2018-11-11 12:17:11'),(279,80,141,1000,0,1,'2018-11-11 12:17:11','2018-11-11 12:17:11'),(280,81,33,1200,0,1,'2018-11-11 12:40:27','2018-11-11 12:40:27'),(281,82,27,500,0,1,'2018-11-11 12:45:01','2018-11-11 12:45:01'),(282,82,57,100,0,1,'2018-11-11 12:45:01','2018-11-11 12:45:01'),(283,82,196,200,0,1,'2018-11-11 12:45:01','2018-11-11 12:45:01'),(284,82,16,400,0,1,'2018-11-11 12:45:01','2018-11-11 12:45:01'),(285,82,20,400,0,1,'2018-11-11 12:45:01','2018-11-11 12:45:01'),(286,82,33,1200,0,1,'2018-11-11 12:45:01','2018-11-11 12:45:01'),(287,82,96,600,0,1,'2018-11-11 12:45:01','2018-11-11 12:45:01'),(288,83,196,200,0,1,'2018-11-11 13:13:07','2018-11-11 13:13:07'),(289,83,16,400,0,1,'2018-11-11 13:13:07','2018-11-11 13:13:07'),(290,84,27,500,0,1,'2018-11-11 13:22:13','2018-11-11 13:22:13'),(291,84,57,100,0,1,'2018-11-11 13:22:13','2018-11-11 13:22:13'),(292,84,9,500,0,1,'2018-11-11 13:22:13','2018-11-11 13:22:13'),(293,84,33,1200,0,1,'2018-11-11 13:22:13','2018-11-11 13:22:13'),(294,84,86,600,0,1,'2018-11-11 13:22:13','2018-11-11 13:22:13'),(295,85,27,500,0,1,'2018-11-11 14:05:48','2018-11-11 14:05:48'),(296,85,57,100,0,1,'2018-11-11 14:05:48','2018-11-11 14:05:48'),(297,85,196,200,0,1,'2018-11-11 14:05:48','2018-11-11 14:05:48'),(298,85,16,400,0,1,'2018-11-11 14:05:48','2018-11-11 14:05:48'),(299,85,9,500,0,1,'2018-11-11 14:05:48','2018-11-11 14:05:48'),(300,85,20,400,0,1,'2018-11-11 14:05:48','2018-11-11 14:05:48'),(301,85,86,600,0,1,'2018-11-11 14:05:48','2018-11-11 14:05:48'),(302,86,196,200,0,1,'2018-11-11 14:18:51','2018-11-11 14:18:51'),(303,86,16,400,0,1,'2018-11-11 14:18:51','2018-11-11 14:18:51'),(304,86,23,400,0,1,'2018-11-11 14:18:51','2018-11-11 14:18:51'),(305,86,28,200,0,1,'2018-11-11 14:18:51','2018-11-11 14:18:51'),(306,87,27,500,0,1,'2018-11-11 14:28:05','2018-11-11 14:28:05'),(307,87,16,400,0,1,'2018-11-11 14:28:05','2018-11-11 14:28:05'),(308,87,196,200,0,1,'2018-11-11 14:28:05','2018-11-11 14:28:05'),(309,88,27,500,0,1,'2018-11-11 15:05:18','2018-11-11 15:05:18'),(310,88,20,400,0,1,'2018-11-11 15:05:18','2018-11-11 15:05:18'),(311,88,57,100,0,1,'2018-11-11 15:05:18','2018-11-11 15:05:18'),(312,88,63,600,0,1,'2018-11-11 15:05:18','2018-11-11 15:05:18'),(313,89,186,500,0,1,'2018-11-11 17:57:20','2018-11-11 17:57:20'),(314,89,6,400,0,1,'2018-11-11 17:57:20','2018-11-11 17:57:20'),(315,89,199,200,0,1,'2018-11-11 17:57:20','2018-11-11 17:57:20'),(316,89,200,200,0,1,'2018-11-11 17:57:20','2018-11-11 17:57:20'),(317,90,28,200,0,1,'2018-11-11 18:22:57','2018-11-11 18:22:57'),(318,91,196,200,0,1,'2018-11-12 11:00:03','2018-11-12 11:00:03'),(319,91,70,600,0,1,'2018-11-12 11:00:03','2018-11-12 11:00:03'),(320,91,10,100,0,1,'2018-11-12 11:00:03','2018-11-12 11:00:03'),(321,92,86,600,0,1,'2018-11-12 11:09:32','2018-11-12 11:09:32'),(322,92,196,200,0,1,'2018-11-12 11:09:32','2018-11-12 11:09:32'),(323,92,16,400,0,1,'2018-11-12 11:09:32','2018-11-12 11:09:32'),(324,93,177,500,0,1,'2018-11-12 11:12:52','2018-11-12 11:12:52'),(325,94,199,200,0,1,'2018-11-12 11:19:45','2018-11-12 11:19:45'),(326,94,200,200,0,1,'2018-11-12 11:19:45','2018-11-12 11:19:45'),(327,95,86,600,0,1,'2018-11-12 11:29:41','2018-11-12 11:29:41'),(328,96,177,500,0,1,'2018-11-12 11:43:16','2018-11-12 11:43:16'),(329,96,201,600,0,1,'2018-11-12 11:43:16','2018-11-12 11:43:16'),(330,96,57,100,0,1,'2018-11-12 11:43:16','2018-11-12 11:43:16'),(331,96,43,1000,0,1,'2018-11-12 11:43:16','2018-11-12 11:43:16'),(332,96,196,200,0,1,'2018-11-12 11:43:16','2018-11-12 11:43:16'),(333,96,16,400,0,1,'2018-11-12 11:43:16','2018-11-12 11:43:16'),(334,97,27,500,0,1,'2018-11-12 12:00:41','2018-11-12 12:00:41'),(335,97,196,200,0,1,'2018-11-12 12:00:41','2018-11-12 12:00:41'),(336,97,16,400,0,1,'2018-11-12 12:00:41','2018-11-12 12:00:41'),(337,97,9,400,0,1,'2018-11-12 12:00:41','2018-11-12 12:00:41'),(338,97,197,600,0,1,'2018-11-12 12:00:41','2018-11-12 12:00:41'),(339,97,57,100,0,1,'2018-11-12 12:00:41','2018-11-12 12:00:41'),(340,97,86,600,0,1,'2018-11-12 12:00:41','2018-11-12 12:00:41'),(341,97,112,400,0,1,'2018-11-12 12:00:41','2018-11-12 12:00:41'),(342,98,27,500,0,1,'2018-11-12 12:03:34','2018-11-12 12:03:34'),(343,98,3,400,0,1,'2018-11-12 12:03:34','2018-11-12 12:03:34'),(344,98,8,1000,0,1,'2018-11-12 12:03:34','2018-11-12 12:03:34'),(345,98,10,100,0,1,'2018-11-12 12:03:34','2018-11-12 12:03:34'),(346,99,43,1000,0,1,'2018-11-12 12:05:10','2018-11-12 12:05:10'),(347,99,45,1200,0,1,'2018-11-12 12:05:10','2018-11-12 12:05:10'),(348,100,43,1000,0,1,'2018-11-12 12:08:08','2018-11-12 12:08:08'),(349,101,36,1200,0,1,'2018-11-12 12:11:29','2018-11-12 12:11:29'),(350,102,27,500,0,1,'2018-11-12 12:28:02','2018-11-12 12:28:02'),(351,102,177,500,0,1,'2018-11-12 12:28:02','2018-11-12 12:28:02'),(352,102,196,200,0,1,'2018-11-12 12:28:02','2018-11-12 12:28:02'),(353,102,16,400,0,1,'2018-11-12 12:28:02','2018-11-12 12:28:02'),(354,102,112,400,0,1,'2018-11-12 12:28:02','2018-11-12 12:28:02'),(355,103,27,500,0,1,'2018-11-12 12:35:05','2018-11-12 12:35:05'),(356,103,20,400,0,1,'2018-11-12 12:35:05','2018-11-12 12:35:05'),(357,103,57,100,0,1,'2018-11-12 12:35:05','2018-11-12 12:35:05'),(358,103,9,400,0,1,'2018-11-12 12:35:05','2018-11-12 12:35:05'),(359,103,177,500,0,1,'2018-11-12 12:35:05','2018-11-12 12:35:05'),(360,103,196,200,0,1,'2018-11-12 12:35:05','2018-11-12 12:35:05'),(361,103,16,400,0,1,'2018-11-12 12:35:05','2018-11-12 12:35:05'),(362,103,86,600,0,1,'2018-11-12 12:35:05','2018-11-12 12:35:05'),(363,103,66,600,0,1,'2018-11-12 12:35:05','2018-11-12 12:35:05'),(364,104,63,600,0,1,'2018-11-12 12:43:13','2018-11-12 12:43:13'),(365,104,62,600,0,1,'2018-11-12 12:43:13','2018-11-12 12:43:13'),(366,105,86,600,0,1,'2018-11-12 13:21:25','2018-11-12 13:21:25'),(367,105,196,200,0,1,'2018-11-12 13:21:25','2018-11-12 13:21:25'),(368,105,33,1200,0,1,'2018-11-12 13:21:25','2018-11-12 13:21:25'),(369,106,27,500,0,1,'2018-11-12 13:24:56','2018-11-12 13:24:56'),(370,106,196,200,0,1,'2018-11-12 13:24:56','2018-11-12 13:24:56'),(371,106,16,400,0,1,'2018-11-12 13:24:56','2018-11-12 13:24:56'),(372,106,20,400,0,1,'2018-11-12 13:24:57','2018-11-12 13:24:57'),(373,106,33,1200,0,1,'2018-11-12 13:24:57','2018-11-12 13:24:57'),(374,107,199,200,0,1,'2018-11-12 14:08:26','2018-11-12 14:08:26'),(375,107,186,500,0,1,'2018-11-12 14:08:27','2018-11-12 14:08:27'),(376,107,200,200,0,1,'2018-11-12 14:08:27','2018-11-12 14:08:27'),(377,108,27,500,0,1,'2018-11-12 14:31:19','2018-11-12 14:31:19'),(378,108,57,100,0,1,'2018-11-12 14:31:19','2018-11-12 14:31:19'),(379,108,196,200,0,1,'2018-11-12 14:31:19','2018-11-12 14:31:19'),(380,108,16,400,0,1,'2018-11-12 14:31:19','2018-11-12 14:31:19'),(381,108,26,0,0,1,'2018-11-12 14:31:19','2018-11-12 14:31:19'),(382,108,43,1000,0,1,'2018-11-12 14:31:19','2018-11-12 14:31:19'),(383,108,33,1200,0,1,'2018-11-12 14:31:19','2018-11-12 14:31:19'),(384,109,27,500,0,1,'2018-11-12 14:41:56','2018-11-12 14:41:56'),(385,109,196,200,0,1,'2018-11-12 14:41:56','2018-11-12 14:41:56'),(386,109,23,400,0,1,'2018-11-12 14:41:56','2018-11-12 14:41:56'),(387,109,16,400,0,1,'2018-11-12 14:41:56','2018-11-12 14:41:56'),(388,109,177,500,0,1,'2018-11-12 14:41:56','2018-11-12 14:41:56'),(389,109,141,1000,0,1,'2018-11-12 14:41:56','2018-11-12 14:41:56'),(390,109,187,1000,0,1,'2018-11-12 14:41:56','2018-11-12 14:41:56'),(391,110,27,500,0,1,'2018-11-12 15:10:08','2018-11-12 15:10:08'),(392,110,57,100,0,1,'2018-11-12 15:10:08','2018-11-12 15:10:08'),(393,110,196,200,0,1,'2018-11-12 15:10:08','2018-11-12 15:10:08'),(394,110,16,400,0,1,'2018-11-12 15:10:08','2018-11-12 15:10:08'),(395,110,186,500,0,1,'2018-11-12 15:10:08','2018-11-12 15:10:08'),(396,111,196,200,0,1,'2018-11-12 16:18:55','2018-11-12 16:18:55'),(397,112,196,200,0,1,'2018-11-12 16:41:57','2018-11-12 16:41:57'),(398,112,16,400,0,1,'2018-11-12 16:41:57','2018-11-12 16:41:57'),(399,113,27,500,0,1,'2018-11-12 17:52:50','2018-11-12 17:52:50'),(400,113,196,200,0,1,'2018-11-12 17:52:50','2018-11-12 17:52:50'),(401,113,16,400,0,1,'2018-11-12 17:52:50','2018-11-12 17:52:50'),(402,113,57,100,0,1,'2018-11-12 17:52:50','2018-11-12 17:52:50'),(403,114,27,500,0,1,'2018-11-12 17:55:10','2018-11-12 17:55:10'),(404,114,196,200,0,1,'2018-11-12 17:55:10','2018-11-12 17:55:10'),(405,114,16,400,0,1,'2018-11-12 17:55:10','2018-11-12 17:55:10'),(406,114,23,400,0,1,'2018-11-12 17:55:10','2018-11-12 17:55:10'),(407,114,141,1000,0,1,'2018-11-12 17:55:10','2018-11-12 17:55:10'),(408,115,16,400,0,1,'2018-11-12 18:16:50','2018-11-12 18:16:50'),(409,115,43,1000,0,1,'2018-11-12 18:16:50','2018-11-12 18:16:50'),(410,116,27,500,0,1,'2018-11-12 18:22:25','2018-11-12 18:22:25'),(411,116,196,200,0,1,'2018-11-12 18:22:25','2018-11-12 18:22:25'),(412,116,16,400,0,1,'2018-11-12 18:22:25','2018-11-12 18:22:25'),(413,116,23,400,0,1,'2018-11-12 18:22:25','2018-11-12 18:22:25'),(414,116,141,1000,0,1,'2018-11-12 18:22:25','2018-11-12 18:22:25'),(415,117,57,100,0,1,'2018-11-13 09:54:47','2018-11-13 09:54:47'),(416,117,163,200,0,1,'2018-11-13 09:54:47','2018-11-13 09:54:47'),(417,117,33,1200,0,1,'2018-11-13 09:54:47','2018-11-13 09:54:47'),(418,118,34,1200,0,1,'2018-11-13 12:01:17','2018-11-13 12:01:17'),(419,119,34,1200,0,1,'2018-11-13 12:03:29','2018-11-13 12:03:29'),(420,120,196,200,0,1,'2018-11-13 12:05:26','2018-11-13 12:05:26'),(421,121,10,100,0,1,'2018-11-13 13:02:30','2018-11-13 13:02:30'),(422,121,28,200,0,1,'2018-11-13 13:02:30','2018-11-13 13:02:30'),(423,121,186,500,0,1,'2018-11-13 13:02:30','2018-11-13 13:02:30'),(424,121,36,1200,0,1,'2018-11-13 13:02:30','2018-11-13 13:02:30'),(425,122,196,200,0,1,'2018-11-13 13:04:02','2018-11-13 13:04:02'),(426,123,27,500,0,1,'2018-11-13 13:06:01','2018-11-13 13:06:01'),(427,124,28,200,0,1,'2018-11-13 13:51:48','2018-11-13 13:51:48'),(428,124,186,500,0,1,'2018-11-13 13:51:48','2018-11-13 13:51:48'),(429,125,36,1200,0,1,'2018-11-13 15:42:06','2018-11-13 15:42:06'),(430,126,10,100,0,1,'2018-11-13 16:08:42','2018-11-13 16:08:42'),(431,127,186,500,0,1,'2018-11-13 16:20:58','2018-11-13 16:20:58'),(432,127,6,400,0,1,'2018-11-13 16:20:58','2018-11-13 16:20:58'),(433,127,199,200,0,1,'2018-11-13 16:20:58','2018-11-13 16:20:58'),(434,127,200,200,0,1,'2018-11-13 16:20:58','2018-11-13 16:20:58'),(435,128,27,500,0,1,'2018-11-13 17:31:23','2018-11-13 17:31:23'),(436,128,196,200,0,1,'2018-11-13 17:31:23','2018-11-13 17:31:23'),(437,128,16,400,0,1,'2018-11-13 17:31:23','2018-11-13 17:31:23'),(438,128,177,500,0,1,'2018-11-13 17:31:23','2018-11-13 17:31:23'),(439,128,57,100,0,1,'2018-11-13 17:31:23','2018-11-13 17:31:23'),(440,128,6,400,0,1,'2018-11-13 17:31:23','2018-11-13 17:31:23'),(441,129,196,200,0,1,'2018-11-13 17:39:36','2018-11-13 17:39:36'),(442,129,16,400,0,1,'2018-11-13 17:39:36','2018-11-13 17:39:36'),(443,129,177,500,0,1,'2018-11-13 17:39:36','2018-11-13 17:39:36'),(444,129,57,100,0,1,'2018-11-13 17:39:36','2018-11-13 17:39:36'),(445,129,28,200,0,1,'2018-11-13 17:39:36','2018-11-13 17:39:36'),(446,130,27,500,0,1,'2018-11-13 18:15:21','2018-11-13 18:15:21'),(447,130,177,500,0,1,'2018-11-13 18:15:21','2018-11-13 18:15:21'),(448,130,16,400,0,1,'2018-11-13 18:15:21','2018-11-13 18:15:21'),(449,130,57,100,0,1,'2018-11-13 18:15:21','2018-11-13 18:15:21'),(450,130,86,600,0,1,'2018-11-13 18:15:21','2018-11-13 18:15:21'),(451,131,28,200,0,1,'2018-11-13 18:57:59','2018-11-13 18:57:59'),(452,131,141,1000,0,1,'2018-11-13 18:57:59','2018-11-13 18:57:59'),(453,131,16,400,0,1,'2018-11-13 18:57:59','2018-11-13 18:57:59'),(454,132,27,500,0,1,'2018-11-13 19:52:49','2018-11-13 19:52:49'),(455,132,23,400,0,1,'2018-11-13 19:52:49','2018-11-13 19:52:49'),(456,132,26,400,0,1,'2018-11-13 19:52:49','2018-11-13 19:52:49'),(457,132,186,500,0,1,'2018-11-13 19:52:49','2018-11-13 19:52:49'),(458,132,43,1000,0,1,'2018-11-13 19:52:50','2018-11-13 19:52:50'),(459,132,141,1000,0,1,'2018-11-13 19:52:50','2018-11-13 19:52:50'),(460,132,33,1200,0,1,'2018-11-13 19:52:50','2018-11-13 19:52:50'),(461,133,33,1200,0,1,'2018-11-13 21:07:51','2018-11-13 21:07:51'),(462,134,195,200,0,1,'2018-11-14 10:43:34','2018-11-14 10:43:34'),(463,134,13,200,0,1,'2018-11-14 10:43:34','2018-11-14 10:43:34'),(464,134,111,1000,0,1,'2018-11-14 10:43:34','2018-11-14 10:43:34'),(465,134,177,500,0,1,'2018-11-14 10:43:34','2018-11-14 10:43:34'),(466,135,10,100,0,1,'2018-11-14 10:49:37','2018-11-14 10:49:37'),(467,135,186,500,0,1,'2018-11-14 10:49:37','2018-11-14 10:49:37'),(468,135,6,400,0,1,'2018-11-14 10:49:37','2018-11-14 10:49:37'),(469,135,199,200,0,1,'2018-11-14 10:49:37','2018-11-14 10:49:37'),(470,135,200,200,0,1,'2018-11-14 10:49:37','2018-11-14 10:49:37'),(471,136,28,200,0,1,'2018-11-14 10:55:24','2018-11-14 10:55:24'),(472,137,86,600,0,1,'2018-11-14 11:08:48','2018-11-14 11:08:48'),(473,138,196,200,0,1,'2018-11-14 11:29:27','2018-11-14 11:29:27'),(474,138,16,400,0,1,'2018-11-14 11:29:28','2018-11-14 11:29:28'),(475,138,57,100,0,1,'2018-11-14 11:29:28','2018-11-14 11:29:28'),(476,138,43,1000,0,1,'2018-11-14 11:29:28','2018-11-14 11:29:28'),(477,138,33,1200,0,1,'2018-11-14 11:29:28','2018-11-14 11:29:28'),(478,139,111,1000,0,1,'2018-11-14 11:38:55','2018-11-14 11:38:55'),(479,140,196,200,0,1,'2018-11-14 11:59:25','2018-11-14 11:59:25'),(480,141,57,100,0,1,'2018-11-14 12:03:46','2018-11-14 12:03:46'),(481,141,196,200,0,1,'2018-11-14 12:03:46','2018-11-14 12:03:46'),(482,141,16,400,0,1,'2018-11-14 12:03:46','2018-11-14 12:03:46'),(483,141,33,1200,0,1,'2018-11-14 12:03:46','2018-11-14 12:03:46'),(484,142,10,100,0,1,'2018-11-14 12:22:33','2018-11-14 12:22:33'),(485,143,10,100,0,1,'2018-11-14 12:26:40','2018-11-14 12:26:40'),(486,144,196,200,0,1,'2018-11-14 12:47:46','2018-11-14 12:47:46'),(487,144,16,400,0,1,'2018-11-14 12:47:46','2018-11-14 12:47:46'),(488,144,57,100,0,1,'2018-11-14 12:47:46','2018-11-14 12:47:46'),(489,144,177,500,0,1,'2018-11-14 12:47:46','2018-11-14 12:47:46'),(490,144,86,600,0,1,'2018-11-14 12:47:46','2018-11-14 12:47:46'),(491,145,186,500,0,1,'2018-11-14 12:57:26','2018-11-14 12:57:26'),(492,145,6,400,0,1,'2018-11-14 12:57:26','2018-11-14 12:57:26'),(493,145,199,200,0,1,'2018-11-14 12:57:26','2018-11-14 12:57:26'),(494,145,10,100,0,1,'2018-11-14 12:57:26','2018-11-14 12:57:26'),(495,146,27,500,0,1,'2018-11-14 13:14:57','2018-11-14 13:14:57'),(496,146,177,500,0,1,'2018-11-14 13:14:57','2018-11-14 13:14:57'),(497,146,86,600,0,1,'2018-11-14 13:14:57','2018-11-14 13:14:57'),(498,146,196,200,0,1,'2018-11-14 13:14:57','2018-11-14 13:14:57'),(499,146,16,400,0,1,'2018-11-14 13:14:57','2018-11-14 13:14:57'),(500,146,57,100,0,1,'2018-11-14 13:14:57','2018-11-14 13:14:57'),(501,146,197,600,0,1,'2018-11-14 13:14:57','2018-11-14 13:14:57'),(502,146,7,300,0,1,'2018-11-14 13:14:57','2018-11-14 13:14:57'),(503,147,36,1200,0,1,'2018-11-14 13:23:57','2018-11-14 13:23:57'),(504,148,27,500,0,1,'2018-11-14 13:30:49','2018-11-14 13:30:49'),(505,148,23,400,0,1,'2018-11-14 13:30:49','2018-11-14 13:30:49'),(506,148,16,400,0,1,'2018-11-14 13:30:49','2018-11-14 13:30:49'),(507,148,102,500,0,1,'2018-11-14 13:30:50','2018-11-14 13:30:50'),(508,149,196,200,0,1,'2018-11-14 13:53:32','2018-11-14 13:53:32'),(509,149,16,400,0,1,'2018-11-14 13:53:32','2018-11-14 13:53:32'),(510,149,89,800,0,1,'2018-11-14 13:53:32','2018-11-14 13:53:32'),(511,150,196,200,0,1,'2018-11-14 14:04:23','2018-11-14 14:04:23'),(512,150,177,500,0,1,'2018-11-14 14:04:23','2018-11-14 14:04:23'),(513,150,16,400,0,1,'2018-11-14 14:04:23','2018-11-14 14:04:23'),(514,150,9,400,0,1,'2018-11-14 14:04:23','2018-11-14 14:04:23'),(515,150,57,100,0,1,'2018-11-14 14:04:23','2018-11-14 14:04:23'),(516,151,27,500,0,1,'2018-11-14 14:19:53','2018-11-14 14:19:53'),(517,151,57,100,0,1,'2018-11-14 14:19:53','2018-11-14 14:19:53'),(518,151,196,200,0,1,'2018-11-14 14:19:53','2018-11-14 14:19:53'),(519,151,16,400,0,1,'2018-11-14 14:19:53','2018-11-14 14:19:53'),(520,151,23,400,0,1,'2018-11-14 14:19:53','2018-11-14 14:19:53'),(521,151,177,500,0,1,'2018-11-14 14:19:53','2018-11-14 14:19:53'),(522,151,141,1000,0,1,'2018-11-14 14:19:53','2018-11-14 14:19:53'),(523,151,17,0,0,1,'2018-11-14 14:19:53','2018-11-14 14:19:53'),(524,151,142,500,0,1,'2018-11-14 14:19:53','2018-11-14 14:19:53'),(525,151,26,400,0,1,'2018-11-14 14:19:53','2018-11-14 14:19:53'),(526,151,43,1000,0,1,'2018-11-14 14:19:53','2018-11-14 14:19:53'),(527,151,33,1200,0,1,'2018-11-14 14:19:53','2018-11-14 14:19:53'),(528,151,86,600,0,1,'2018-11-14 14:19:53','2018-11-14 14:19:53'),(529,151,202,2000,0,1,'2018-11-14 14:19:53','2018-11-14 14:19:53'),(530,152,43,1000,0,1,'2018-11-14 14:22:13','2018-11-14 14:22:13'),(531,153,62,600,0,1,'2018-11-14 14:32:54','2018-11-14 14:32:54'),(532,153,196,200,0,1,'2018-11-14 14:32:54','2018-11-14 14:32:54'),(533,153,16,400,0,1,'2018-11-14 14:32:54','2018-11-14 14:32:54'),(534,154,33,1200,0,1,'2018-11-14 14:34:53','2018-11-14 14:34:53'),(535,155,27,500,0,1,'2018-11-14 15:15:06','2018-11-14 15:15:06'),(536,155,197,600,0,1,'2018-11-14 15:15:06','2018-11-14 15:15:06'),(537,156,27,500,0,1,'2018-11-14 17:15:17','2018-11-14 17:15:17'),(538,156,57,100,0,1,'2018-11-14 17:15:17','2018-11-14 17:15:17'),(539,156,196,200,0,1,'2018-11-14 17:15:17','2018-11-14 17:15:17'),(540,156,16,400,0,1,'2018-11-14 17:15:17','2018-11-14 17:15:17'),(541,156,43,1000,0,1,'2018-11-14 17:15:17','2018-11-14 17:15:17'),(542,156,141,1000,0,1,'2018-11-14 17:15:17','2018-11-14 17:15:17'),(543,156,177,500,0,1,'2018-11-14 17:15:17','2018-11-14 17:15:17'),(544,156,62,600,0,1,'2018-11-14 17:15:17','2018-11-14 17:15:17'),(545,175,27,500,0,1,'2018-11-14 17:27:08','2018-11-14 17:27:08'),(546,175,20,400,0,1,'2018-11-14 17:27:08','2018-11-14 17:27:08'),(547,175,33,1200,0,1,'2018-11-14 17:27:08','2018-11-14 17:27:08'),(548,180,27,500,0,1,'2018-11-14 17:43:53','2018-11-14 17:43:53'),(549,180,20,400,0,1,'2018-11-14 17:43:53','2018-11-14 17:43:53'),(550,180,33,1200,0,1,'2018-11-14 17:43:53','2018-11-14 17:43:53'),(551,193,28,200,0,1,'2018-11-14 18:28:10','2018-11-14 18:28:10'),(552,194,28,200,0,1,'2018-11-14 18:29:13','2018-11-14 18:29:13'),(553,195,27,500,0,1,'2018-11-14 18:32:44','2018-11-14 18:32:44'),(554,195,20,400,0,1,'2018-11-14 18:32:44','2018-11-14 18:32:44'),(555,195,33,1200,0,1,'2018-11-14 18:32:44','2018-11-14 18:32:44'),(556,196,27,500,0,1,'2018-11-14 18:46:54','2018-11-14 18:46:54'),(557,196,57,100,0,1,'2018-11-14 18:46:54','2018-11-14 18:46:54'),(558,196,196,200,0,1,'2018-11-14 18:46:54','2018-11-14 18:46:54'),(559,196,16,400,0,1,'2018-11-14 18:46:54','2018-11-14 18:46:54'),(560,196,20,400,0,1,'2018-11-14 18:46:54','2018-11-14 18:46:54'),(561,196,9,400,0,1,'2018-11-14 18:46:54','2018-11-14 18:46:54'),(562,197,27,500,0,1,'2018-11-14 18:57:25','2018-11-14 18:57:25'),(563,197,57,100,0,1,'2018-11-14 18:57:25','2018-11-14 18:57:25'),(564,197,196,200,0,1,'2018-11-14 18:57:25','2018-11-14 18:57:25'),(565,197,16,400,0,1,'2018-11-14 18:57:25','2018-11-14 18:57:25'),(566,197,43,1000,0,1,'2018-11-14 18:57:25','2018-11-14 18:57:25'),(567,197,141,1000,0,1,'2018-11-14 18:57:25','2018-11-14 18:57:25'),(568,197,177,500,0,1,'2018-11-14 18:57:26','2018-11-14 18:57:26'),(569,197,62,600,0,1,'2018-11-14 18:57:26','2018-11-14 18:57:26'),(570,198,3,500,0,1,'2018-11-16 02:59:55','2018-11-16 02:59:55'),(571,198,4,700,0,1,'2018-11-16 02:59:55','2018-11-16 02:59:55'),(572,198,5,800,0,1,'2018-11-16 02:59:55','2018-11-16 02:59:55'),(573,199,5,800,0,1,'2018-11-16 14:23:07','2018-11-16 14:23:07'),(574,199,111,1000,0,1,'2018-11-16 14:23:07','2018-11-16 14:23:07'),(575,199,9,400,0,1,'2018-11-16 14:23:07','2018-11-16 14:23:07'),(576,200,3,500,0,1,'2018-11-16 15:04:06','2018-11-16 15:04:06'),(577,200,4,700,0,1,'2018-11-16 15:04:06','2018-11-16 15:04:06'),(578,200,111,1000,0,1,'2018-11-16 15:04:06','2018-11-16 15:04:06'),(579,200,12,200,0,1,'2018-11-16 15:04:06','2018-11-16 15:04:06'),(580,201,3,500,0,1,'2018-11-17 02:28:08','2018-11-17 02:28:08'),(581,201,4,700,0,1,'2018-11-17 02:28:08','2018-11-17 02:28:08'),(582,201,9,400,0,1,'2018-11-17 02:28:08','2018-11-17 02:28:08');

/*Table structure for table `opd_patient_test_details_info_history` */

DROP TABLE IF EXISTS `opd_patient_test_details_info_history`;

CREATE TABLE `opd_patient_test_details_info_history` (
  `id` int(11) NOT NULL,
  `patient_test_order_id` int(11) NOT NULL DEFAULT '0',
  `patient_sub_test_id` int(11) NOT NULL DEFAULT '0',
  `sub_test_price` double DEFAULT '0',
  `discount` double NOT NULL DEFAULT '0',
  `status` int(11) NOT NULL DEFAULT '1',
  `created_at` datetime DEFAULT NULL,
  `updated_at` timestamp NOT NULL DEFAULT CURRENT_TIMESTAMP
) ENGINE=InnoDB DEFAULT CHARSET=latin1;

/*Data for the table `opd_patient_test_details_info_history` */

insert  into `opd_patient_test_details_info_history`(`id`,`patient_test_order_id`,`patient_sub_test_id`,`sub_test_price`,`discount`,`status`,`created_at`,`updated_at`) values (47,16,3,400,0,1,'2018-11-19 19:56:02','2018-11-19 13:56:02'),(48,16,4,400,0,1,'2018-11-19 19:56:02','2018-11-19 13:56:02'),(49,17,3,400,0,1,'2018-11-19 19:56:21','2018-11-19 13:56:21'),(50,17,4,400,0,1,'2018-11-19 19:56:21','2018-11-19 13:56:21'),(51,18,3,400,0,1,'2018-11-19 19:58:28','2018-11-19 13:58:28'),(52,18,4,400,0,1,'2018-11-19 19:58:28','2018-11-19 13:58:28');

/*Table structure for table `opd_patient_test_order_info` */

DROP TABLE IF EXISTS `opd_patient_test_order_info`;

CREATE TABLE `opd_patient_test_order_info` (
  `id` int(11) NOT NULL AUTO_INCREMENT,
  `patient_id` int(11) NOT NULL DEFAULT '0',
  `test_order_id` varchar(255) DEFAULT NULL,
  `total_discount` double NOT NULL,
  `vat` double NOT NULL DEFAULT '0',
  `ref_doc_name` varchar(255) DEFAULT NULL,
  `quack_doc_name` varchar(255) DEFAULT NULL,
  `total_amount` double NOT NULL DEFAULT '0',
  `paid_amount` double NOT NULL DEFAULT '0',
  `payment_status` varchar(255) NOT NULL DEFAULT 'unpaid',
  `status` int(11) NOT NULL DEFAULT '1',
  `created_at` datetime DEFAULT NULL,
  `updated_at` timestamp NOT NULL DEFAULT CURRENT_TIMESTAMP,
  `entry_date` date DEFAULT NULL,
  `discount_ref` varchar(250) DEFAULT NULL,
  PRIMARY KEY (`id`)
) ENGINE=InnoDB AUTO_INCREMENT=202 DEFAULT CHARSET=latin1;

/*Data for the table `opd_patient_test_order_info` */

insert  into `opd_patient_test_order_info`(`id`,`patient_id`,`test_order_id`,`total_discount`,`vat`,`ref_doc_name`,`quack_doc_name`,`total_amount`,`paid_amount`,`payment_status`,`status`,`created_at`,`updated_at`,`entry_date`,`discount_ref`) values (1,2,'000002\n_20181107174216_5',500,0,'rafiq','gg',2050,1550,'unpaid',1,'2018-11-07 17:42:16','2018-11-07 17:42:16','2018-11-07','0742162018-11-07T17:42:16+06:0020180000001130_Wed, 07 Nov 2018 17:42:16 +0600Asia/Dhakaf'),(2,3,'000003\n_20181107200619_5',0,0,'Dr.Md.Younus Khan','0',400,0,'unpaid',1,'2018-11-07 20:06:19','2018-11-07 20:06:19','2018-11-07','0706192018-11-07T20:06:19+06:0020180000001130_Wed, 07 Nov 2018 20:06:19 +0600Asia/Dhakaf'),(3,4,'000004\n_20181107200803_5',100,0,'Dr.Md.Younus Khan','0',400,300,'paid',1,'2018-11-07 20:08:03','2018-11-07 20:08:03','2018-11-07','0708032018-11-07T20:08:03+06:0020180000001130_Wed, 07 Nov 2018 20:08:03 +0600Asia/Dhakaf'),(4,4,'000004\n_20181107202157_5',0,0,'Dr.Md.Younus Khan','0',3600,3600,'paid',1,'2018-11-07 20:21:57','2018-11-07 20:21:57','2018-11-07','0721572018-11-07T20:21:57+06:0020180000001130_Wed, 07 Nov 2018 20:21:57 +0600Asia/Dhakaf'),(5,6,'000006\n_20181107202445_5',0,0,'Dr.Md.Younus Khan','0',6000,6000,'paid',1,'2018-11-07 20:24:45','2018-11-07 20:24:45','2018-11-07','0724452018-11-07T20:24:45+06:0020180000001130_Wed, 07 Nov 2018 20:24:45 +0600Asia/Dhakaf'),(6,1,'000001\n_20181107202525_5',0,0,'self','gg',1000,0,'unpaid',1,'2018-11-07 20:25:25','2018-11-07 20:25:25','2018-11-07','0725252018-11-07T20:25:25+06:0020180000001130_Wed, 07 Nov 2018 20:25:25 +0600Asia/Dhakaf'),(7,7,'000007\n_20181107214610_5',0,0,'self','gg',200,0,'unpaid',1,'2018-11-07 21:46:10','2018-11-07 21:46:10','2018-11-07','0746102018-11-07T21:46:10+06:0020180000001130_Wed, 07 Nov 2018 21:46:10 +0600Asia/Dhakaf'),(8,2,'000002\n_20181107215233_5',0,0,'self','gg',800,0,'unpaid',1,'2018-11-07 21:52:33','2018-11-07 21:52:33','2018-11-07','0752332018-11-07T21:52:33+06:0020180000001130_Wed, 07 Nov 2018 21:52:33 +0600Asia/Dhakaf'),(9,8,'000008\n_20181108100942_5',0,0,'self','0',1200,1200,'paid',1,'2018-11-08 10:09:42','2018-11-08 10:09:42','2018-11-08','0809422018-11-08T10:09:42+06:0020180000001130_Thu, 08 Nov 2018 10:09:42 +0600Asia/Dhakaf'),(10,9,'000009\n_20181109095401_5',0,0,'Dr.Md.Younus Khan','0',400,400,'paid',1,'2018-11-09 09:54:01','2018-11-09 09:54:01','2018-11-09','0954012018-11-09T09:54:01+06:0020180000001130_Fri, 09 Nov 2018 09:54:01 +0600Asia/Dhakaf'),(11,10,'000010\n_20181109101146_5',100,0,'Dr.Md.Younus Khan','0',1100,1000,'paid',1,'2018-11-09 10:11:46','2018-11-09 10:11:46','2018-11-09','0911462018-11-09T10:11:46+06:0020180000001130_Fri, 09 Nov 2018 10:11:46 +0600Asia/Dhakaf'),(12,11,'000011\n_20181109101800_5',0,0,'Dr.Md.Younus Khan','0',3500,3500,'paid',1,'2018-11-09 10:18:00','2018-11-09 10:18:00','2018-11-09','0918002018-11-09T10:18:00+06:0020180000001130_Fri, 09 Nov 2018 10:18:00 +0600Asia/Dhakaf'),(13,12,'000012\n_20181109102852_5',200,0,'Dr.Md.Younus Khan','0',3200,3000,'paid',1,'2018-11-09 10:28:52','2018-11-09 10:28:52','2018-11-09','0928522018-11-09T10:28:52+06:0020180000001130_Fri, 09 Nov 2018 10:28:52 +0600Asia/Dhakaf'),(14,13,'000013\n_20181109103911_5',0,0,'Dr.Md.Younus Khan','0',2800,2800,'paid',1,'2018-11-09 10:39:11','2018-11-09 10:39:11','2018-11-09','0939112018-11-09T10:39:11+06:0020180000001130_Fri, 09 Nov 2018 10:39:11 +0600Asia/Dhakaf'),(15,14,'000014\n_20181109104322_5',600,0,'Dr.Md.Younus Khan','0',1000,400,'paid',1,'2018-11-09 10:43:22','2018-11-09 10:43:22','2018-11-09','0943222018-11-09T10:43:22+06:0020180000001130_Fri, 09 Nov 2018 10:43:22 +0600Asia/Dhakaf'),(16,14,'000014\n_20181109105001_5',200,0,'Dr.Md.Younus Khan','0',600,400,'paid',1,'2018-11-09 10:50:01','2018-11-09 10:50:01','2018-11-09','0950012018-11-09T10:50:01+06:0020180000001130_Fri, 09 Nov 2018 10:50:01 +0600Asia/Dhakaf'),(17,15,'000015\n_20181109105258_5',400,0,'Dr.Md.Younus Khan','0',1100,700,'paid',1,'2018-11-09 10:52:58','2018-11-09 10:52:58','2018-11-09','0952582018-11-09T10:52:58+06:0020180000001130_Fri, 09 Nov 2018 10:52:58 +0600Asia/Dhakaf'),(18,16,'000016\n_20181109105700_5',0,0,'Dr,Md.Shafiul Alam Pavel','0',500,0,'unpaid',1,'2018-11-09 10:57:00','2018-11-09 10:57:00','2018-11-09','0957002018-11-09T10:57:00+06:0020180000001130_Fri, 09 Nov 2018 10:57:00 +0600Asia/Dhakaf'),(19,17,'000017\n_20181109110309_5',0,0,'Dr.Md.Younus Khan','0',4000,2500,'unpaid',1,'2018-11-09 11:03:09','2018-11-09 11:03:09','2018-11-09','0903092018-11-09T11:03:09+06:0020180000001130_Fri, 09 Nov 2018 11:03:09 +0600Asia/Dhakaf'),(20,18,'000018\n_20181109110950_5',0,0,'Dr.Md.Younus Khan','0',1800,1800,'paid',1,'2018-11-09 11:09:50','2018-11-09 11:09:50','2018-11-09','0909502018-11-09T11:09:50+06:0020180000001130_Fri, 09 Nov 2018 11:09:50 +0600Asia/Dhakaf'),(21,19,'000019\n_20181109111321_5',600,0,'Dr.Md.Younus Khan','0',2200,1600,'paid',1,'2018-11-09 11:13:21','2018-11-09 11:13:21','2018-11-09','0913212018-11-09T11:13:21+06:0020180000001130_Fri, 09 Nov 2018 11:13:21 +0600Asia/Dhakaf'),(22,19,'000019\n_20181109111808_5',400,0,'Dr.Md.Younus Khan','0',1700,1300,'paid',1,'2018-11-09 11:18:08','2018-11-09 11:18:08','2018-11-09','0918082018-11-09T11:18:08+06:0020180000001130_Fri, 09 Nov 2018 11:18:08 +0600Asia/Dhakaf'),(23,20,'000020\n_20181109113302_5',300,0,'Dr.Md.Younus Khan','0',1100,800,'paid',1,'2018-11-09 11:33:02','2018-11-09 11:33:02','2018-11-09','0933022018-11-09T11:33:02+06:0020180000001130_Fri, 09 Nov 2018 11:33:02 +0600Asia/Dhakaf'),(24,21,'000021\n_20181109115028_5',600,0,'self','0',3000,2400,'paid',1,'2018-11-09 11:50:28','2018-11-09 11:50:28','2018-11-09','0950282018-11-09T11:50:28+06:0020180000001130_Fri, 09 Nov 2018 11:50:28 +0600Asia/Dhakaf'),(25,9,'000009\n_20181109120456_5',0,0,'Dr.Md.Younus Khan','0',1000,1000,'paid',1,'2018-11-09 12:04:56','2018-11-09 12:04:56','2018-11-09','0904562018-11-09T12:04:56+06:0020180000001130_Fri, 09 Nov 2018 12:04:56 +0600Asia/Dhakaf'),(26,22,'000022\n_20181109121109_5',0,0,'Dr.Md.Younus Khan','0',3000,3000,'paid',1,'2018-11-09 12:11:09','2018-11-09 12:11:09','2018-11-09','0911092018-11-09T12:11:09+06:0020180000001130_Fri, 09 Nov 2018 12:11:09 +0600Asia/Dhakaf'),(27,22,'000022\n_20181109121544_5',0,0,'Dr.Md.Younus Khan','0',1300,1300,'paid',1,'2018-11-09 12:15:44','2018-11-09 12:15:44','2018-11-09','0915442018-11-09T12:15:44+06:0020180000001130_Fri, 09 Nov 2018 12:15:44 +0600Asia/Dhakaf'),(28,24,'000024\n_20181109122932_5',0,0,'Dr.Md.Younus Khan','0',3000,3000,'paid',1,'2018-11-09 12:29:32','2018-11-09 12:29:32','2018-11-09','0929322018-11-09T12:29:32+06:0020180000001130_Fri, 09 Nov 2018 12:29:32 +0600Asia/Dhakaf'),(29,25,'000025\n_20181109124202_5',0,0,'Dr.Md.Younus Khan','0',3800,3800,'paid',1,'2018-11-09 12:42:02','2018-11-09 12:42:02','2018-11-09','0942022018-11-09T12:42:02+06:0020180000001130_Fri, 09 Nov 2018 12:42:02 +0600Asia/Dhakaf'),(30,26,'000026\n_20181109124538_5',0,0,'self','0',3400,3000,'unpaid',1,'2018-11-09 12:45:38','2018-11-09 12:45:38','2018-11-09','0945382018-11-09T12:45:38+06:0020180000001130_Fri, 09 Nov 2018 12:45:38 +0600Asia/Dhakaf'),(31,27,'000027\n_20181109125628_5',1300,0,'Dr.Md.Younus Khan','0',2700,1400,'paid',1,'2018-11-09 12:56:28','2018-11-09 12:56:28','2018-11-09','0956282018-11-09T12:56:28+06:0020180000001130_Fri, 09 Nov 2018 12:56:28 +0600Asia/Dhakaf'),(32,28,'000028\n_20181109131629_5',100,0,'self','0',200,100,'paid',1,'2018-11-09 13:16:29','2018-11-09 13:16:29','2018-11-09','0916292018-11-09T13:16:29+06:0020180000001130_Fri, 09 Nov 2018 13:16:29 +0600Asia/Dhakaf'),(33,30,'000030\n_20181109132107_5',0,0,'0','0',700,0,'unpaid',1,'2018-11-09 13:21:07','2018-11-09 13:21:07','2018-11-09','0921072018-11-09T13:21:07+06:0020180000001130_Fri, 09 Nov 2018 13:21:07 +0600Asia/Dhakaf'),(34,31,'000031\n_20181109132430_5',0,0,'self','0',1200,1200,'paid',1,'2018-11-09 13:24:30','2018-11-09 13:24:30','2018-11-09','0924302018-11-09T13:24:30+06:0020180000001130_Fri, 09 Nov 2018 13:24:30 +0600Asia/Dhakaf'),(35,32,'000032\n_20181109132952_5',300,0,'Dr.Md.Younus Khan','0',2300,2000,'paid',1,'2018-11-09 13:29:52','2018-11-09 13:29:52','2018-11-09','0929522018-11-09T13:29:52+06:0020180000001130_Fri, 09 Nov 2018 13:29:52 +0600Asia/Dhakaf'),(36,33,'000033\n_20181109133420_5',0,0,'Dr.Md.Younus Khan','0',500,500,'paid',1,'2018-11-09 13:34:20','2018-11-09 13:34:20','2018-11-09','0934202018-11-09T13:34:20+06:0020180000001130_Fri, 09 Nov 2018 13:34:20 +0600Asia/Dhakaf'),(37,34,'000034\n_20181109135640_5',0,0,'Dr,Tabenda Akter','0',1200,1200,'paid',1,'2018-11-09 13:56:40','2018-11-09 13:56:40','2018-11-09','0956402018-11-09T13:56:40+06:0020180000001130_Fri, 09 Nov 2018 13:56:40 +0600Asia/Dhakaf'),(38,35,'000035\n_20181109142443_5',0,0,'self','0',1200,1200,'paid',1,'2018-11-09 14:24:43','2018-11-09 14:24:43','2018-11-09','0924432018-11-09T14:24:43+06:0020180000001130_Fri, 09 Nov 2018 14:24:43 +0600Asia/Dhakaf'),(39,36,'000036\n_20181109143037_5',0,0,'Dr.Md.Younus Khan','0',2100,2100,'paid',1,'2018-11-09 14:30:37','2018-11-09 14:30:37','2018-11-09','0930372018-11-09T14:30:37+06:0020180000001130_Fri, 09 Nov 2018 14:30:37 +0600Asia/Dhakaf'),(40,37,'000037\n_20181109143724_5',250,0,'Dr.Md.Younus Khan','0',800,550,'paid',1,'2018-11-09 14:37:24','2018-11-09 14:37:24','2018-11-09','0937242018-11-09T14:37:24+06:0020180000001130_Fri, 09 Nov 2018 14:37:24 +0600Asia/Dhakaf'),(41,38,'000038\n_20181109143943_5',0,0,'Dr.Md.Younus Khan','0',500,500,'paid',1,'2018-11-09 14:39:43','2018-11-09 14:39:43','2018-11-09','0939432018-11-09T14:39:43+06:0020180000001130_Fri, 09 Nov 2018 14:39:43 +0600Asia/Dhakaf'),(42,39,'000039\n_20181109144147_5',0,0,'Dr.Md.Younus Khan','0',900,900,'paid',1,'2018-11-09 14:41:47','2018-11-09 14:41:47','2018-11-09','0941472018-11-09T14:41:47+06:0020180000001130_Fri, 09 Nov 2018 14:41:47 +0600Asia/Dhakaf'),(43,40,'000040\n_20181109145342_5',0,0,'self','0',500,500,'paid',1,'2018-11-09 14:53:42','2018-11-09 14:53:42','2018-11-09','0953422018-11-09T14:53:42+06:0020180000001130_Fri, 09 Nov 2018 14:53:42 +0600Asia/Dhakaf'),(44,41,'000041\n_20181109150220_5',200,0,'Dr.Md.Younus Khan','0',1800,1600,'paid',1,'2018-11-09 15:02:20','2018-11-09 15:02:20','2018-11-09','0902202018-11-09T15:02:20+06:0020180000001130_Fri, 09 Nov 2018 15:02:20 +0600Asia/Dhakaf'),(45,42,'000042\n_20181109154227_5',300,0,'Dr.Md.Younus Khan','0',1300,1000,'paid',1,'2018-11-09 15:42:27','2018-11-09 15:42:27','2018-11-09','0942272018-11-09T15:42:27+06:0020180000001130_Fri, 09 Nov 2018 15:42:27 +0600Asia/Dhakaf'),(46,43,'000043\n_20181109165338_5',400,0,'Dr.Md.Younus Khan','0',1600,1200,'paid',1,'2018-11-09 16:53:38','2018-11-09 16:53:38','2018-11-09','0953382018-11-09T16:53:38+06:0020180000001130_Fri, 09 Nov 2018 16:53:38 +0600Asia/Dhakaf'),(47,41,'000041\n_20181109170656_5',300,0,'Dr.Md.Younus Khan','0',500,200,'paid',1,'2018-11-09 17:06:56','2018-11-09 17:06:56','2018-11-09','0906562018-11-09T17:06:56+06:0020180000001130_Fri, 09 Nov 2018 17:06:56 +0600Asia/Dhakaf'),(48,45,'000045\n_20181110110257_5',400,0,'Dr.Md.Younus Khan','0',1700,1300,'paid',1,'2018-11-10 11:02:57','2018-11-10 11:02:57','2018-11-10','1002572018-11-10T11:02:57+06:0020180000001130_Sat, 10 Nov 2018 11:02:57 +0600Asia/Dhakaf'),(49,45,'000045\n_20181110110613_5',200,0,'Dr.Md.Younus Khan','0',3000,2800,'paid',1,'2018-11-10 11:06:13','2018-11-10 11:06:13','2018-11-10','1006132018-11-10T11:06:13+06:0020180000001130_Sat, 10 Nov 2018 11:06:13 +0600Asia/Dhakaf'),(50,46,'000046\n_20181110111927_5',0,0,'Dr.Md.Younus Khan','0',2200,2200,'paid',1,'2018-11-10 11:19:27','2018-11-10 11:19:27','2018-11-10','1019272018-11-10T11:19:27+06:0020180000001130_Sat, 10 Nov 2018 11:19:27 +0600Asia/Dhakaf'),(51,47,'000047\n_20181110112249_5',600,0,'Dr.Md.Younus Khan','0',1200,600,'paid',1,'2018-11-10 11:22:49','2018-11-10 11:22:49','2018-11-10','1022492018-11-10T11:22:49+06:0020180000001130_Sat, 10 Nov 2018 11:22:49 +0600Asia/Dhakaf'),(52,48,'000048\n_20181110112516_5',0,0,'self','0',1000,1000,'paid',1,'2018-11-10 11:25:16','2018-11-10 11:25:16','2018-11-10','1025162018-11-10T11:25:16+06:0020180000001130_Sat, 10 Nov 2018 11:25:16 +0600Asia/Dhakaf'),(53,49,'000049\n_20181110112958_5',0,0,'Dr,Md.Shafiul Alam Pavel','0',2200,0,'unpaid',1,'2018-11-10 11:29:58','2018-11-10 11:29:58','2018-11-10','1029582018-11-10T11:29:58+06:0020180000001130_Sat, 10 Nov 2018 11:29:58 +0600Asia/Dhakaf'),(54,50,'000050\n_20181110113806_5',0,0,'Dr.Md.Younus Khan','0',1200,1200,'paid',1,'2018-11-10 11:38:06','2018-11-10 11:38:06','2018-11-10','1038062018-11-10T11:38:06+06:0020180000001130_Sat, 10 Nov 2018 11:38:06 +0600Asia/Dhakaf'),(55,51,'000051\n_20181110114802_5',0,0,'Dr,Md.Shafiul Alam Pavel','0',1100,1100,'paid',1,'2018-11-10 11:48:02','2018-11-10 11:48:02','2018-11-10','1048022018-11-10T11:48:02+06:0020180000001130_Sat, 10 Nov 2018 11:48:02 +0600Asia/Dhakaf'),(56,52,'000052\n_20181110115626_5',400,0,'Dr.Md.Younus Khan','0',1000,600,'paid',1,'2018-11-10 11:56:26','2018-11-10 11:56:26','2018-11-10','1056262018-11-10T11:56:26+06:0020180000001130_Sat, 10 Nov 2018 11:56:26 +0600Asia/Dhakaf'),(57,53,'000053\n_20181110121351_5',0,0,'Dr.Md.Younus Khan','0',1200,700,'unpaid',1,'2018-11-10 12:13:51','2018-11-10 12:13:51','2018-11-10','1013512018-11-10T12:13:51+06:0020180000001130_Sat, 10 Nov 2018 12:13:51 +0600Asia/Dhakaf'),(58,54,'000054\n_20181110122209_5',0,0,'Dr.Md.Younus Khan','0',3500,3500,'paid',1,'2018-11-10 12:22:09','2018-11-10 12:22:09','2018-11-10','1022092018-11-10T12:22:09+06:0020180000001130_Sat, 10 Nov 2018 12:22:09 +0600Asia/Dhakaf'),(59,55,'000055\n_20181110122902_5',0,0,'Dr.Md.Younus Khan','0',1500,1500,'paid',1,'2018-11-10 12:29:02','2018-11-10 12:29:02','2018-11-10','1029022018-11-10T12:29:02+06:0020180000001130_Sat, 10 Nov 2018 12:29:02 +0600Asia/Dhakaf'),(60,29,'000029\n_20181110132612_5',1200,0,'Dr.Md.Younus Khan','0',2300,1100,'paid',1,'2018-11-10 13:26:12','2018-11-10 13:26:12','2018-11-10','1026122018-11-10T13:26:12+06:0020180000001130_Sat, 10 Nov 2018 13:26:12 +0600Asia/Dhakaf'),(61,57,'000057\n_20181110132822_5',0,0,'Dr.Md.Younus Khan','0',1700,0,'unpaid',1,'2018-11-10 13:28:22','2018-11-10 13:28:22','2018-11-10','1028222018-11-10T13:28:22+06:0020180000001130_Sat, 10 Nov 2018 13:28:22 +0600Asia/Dhakaf'),(62,58,'000058\n_20181110133335_5',0,0,'Dr.Md.Younus Khan','0',600,600,'paid',1,'2018-11-10 13:33:35','2018-11-10 13:33:35','2018-11-10','1033352018-11-10T13:33:35+06:0020180000001130_Sat, 10 Nov 2018 13:33:35 +0600Asia/Dhakaf'),(63,59,'000059\n_20181110142529_5',300,0,'Dr.Md.Younus Khan','0',2500,2200,'paid',1,'2018-11-10 14:25:29','2018-11-10 14:25:29','2018-11-10','1025292018-11-10T14:25:29+06:0020180000001130_Sat, 10 Nov 2018 14:25:29 +0600Asia/Dhakaf'),(64,60,'000060\n_20181110143003_5',0,0,'Dr.Md.Younus Khan','0',1300,1300,'paid',1,'2018-11-10 14:30:03','2018-11-10 14:30:03','2018-11-10','1030032018-11-10T14:30:03+06:0020180000001130_Sat, 10 Nov 2018 14:30:03 +0600Asia/Dhakaf'),(65,61,'000061\n_20181110154045_5',700,0,'Dr.Md.Younus Khan','0',3300,2600,'paid',1,'2018-11-10 15:40:45','2018-11-10 15:40:45','2018-11-10','1040452018-11-10T15:40:45+06:0020180000001130_Sat, 10 Nov 2018 15:40:45 +0600Asia/Dhakaf'),(66,62,'000062\n_20181110155228_5',0,0,'Dr.Md.Younus Khan','0',3500,0,'unpaid',1,'2018-11-10 15:52:28','2018-11-10 15:52:28','2018-11-10','1052282018-11-10T15:52:28+06:0020180000001130_Sat, 10 Nov 2018 15:52:28 +0600Asia/Dhakaf'),(67,63,'000063\n_20181110160744_5',250,0,'Dr.Md.Younus Khan','0',400,150,'paid',1,'2018-11-10 16:07:44','2018-11-10 16:07:44','2018-11-10','1007442018-11-10T16:07:44+06:0020180000001130_Sat, 10 Nov 2018 16:07:44 +0600Asia/Dhakaf'),(68,64,'000064\n_20181110161919_5',0,0,'Dr.Md.Younus Khan','0',1700,1700,'paid',1,'2018-11-10 16:19:19','2018-11-10 16:19:19','2018-11-10','1019192018-11-10T16:19:19+06:0020180000001130_Sat, 10 Nov 2018 16:19:19 +0600Asia/Dhakaf'),(69,65,'000065\n_20181110163422_5',100,0,'Dr.Md.Younus Khan','0',200,100,'paid',1,'2018-11-10 16:34:22','2018-11-10 16:34:22','2018-11-10','1034222018-11-10T16:34:22+06:0020180000001130_Sat, 10 Nov 2018 16:34:22 +0600Asia/Dhakaf'),(70,66,'000066\n_20181110171432_5',600,0,'Dr.Md.Younus Khan','0',1600,1000,'paid',1,'2018-11-10 17:14:32','2018-11-10 17:14:32','2018-11-10','1014322018-11-10T17:14:32+06:0020180000001130_Sat, 10 Nov 2018 17:14:32 +0600Asia/Dhakaf'),(71,67,'000067\n_20181110180947_5',800,0,'Dr.Md.Younus Khan','0',2800,2000,'paid',1,'2018-11-10 18:09:47','2018-11-10 18:09:47','2018-11-10','1009472018-11-10T18:09:47+06:0020180000001130_Sat, 10 Nov 2018 18:09:47 +0600Asia/Dhakaf'),(72,68,'000068\n_20181110181204_5',600,0,'Dr.Md.Younus Khan','0',1400,800,'paid',1,'2018-11-10 18:12:04','2018-11-10 18:12:04','2018-11-10','1012042018-11-10T18:12:04+06:0020180000001130_Sat, 10 Nov 2018 18:12:04 +0600Asia/Dhakaf'),(73,69,'000069\n_20181110190216_5',0,0,'self','0',100,0,'unpaid',1,'2018-11-10 19:02:16','2018-11-10 19:02:16','2018-11-10','1002162018-11-10T19:02:16+06:0020180000001130_Sat, 10 Nov 2018 19:02:16 +0600Asia/Dhakaf'),(74,70,'000070\n_20181110211333_5',800,0,'self','0',2200,1400,'paid',1,'2018-11-10 21:13:33','2018-11-10 21:13:33','2018-11-10','1013332018-11-10T21:13:33+06:0020180000001130_Sat, 10 Nov 2018 21:13:33 +0600Asia/Dhakaf'),(75,71,'000071\n_20181111102324_5',0,0,'self','0',1400,0,'unpaid',1,'2018-11-11 10:23:24','2018-11-11 10:23:24','2018-11-11','1123242018-11-11T10:23:24+06:0020180000001130_Sun, 11 Nov 2018 10:23:24 +0600Asia/Dhakaf'),(76,72,'000072\n_20181111105331_5',700,0,'Dr.Md.Younus Khan','0',1400,700,'paid',1,'2018-11-11 10:53:31','2018-11-11 10:53:31','2018-11-11','1153312018-11-11T10:53:31+06:0020180000001130_Sun, 11 Nov 2018 10:53:31 +0600Asia/Dhakaf'),(77,73,'000073\n_20181111105642_5',0,0,'self','0',800,800,'paid',1,'2018-11-11 10:56:42','2018-11-11 10:56:42','2018-11-11','1156422018-11-11T10:56:42+06:0020180000001130_Sun, 11 Nov 2018 10:56:42 +0600Asia/Dhakaf'),(78,74,'000074\n_20181111110434_5',0,0,'self','0',1400,0,'unpaid',1,'2018-11-11 11:04:34','2018-11-11 11:04:34','2018-11-11','1104342018-11-11T11:04:34+06:0020180000001130_Sun, 11 Nov 2018 11:04:34 +0600Asia/Dhakaf'),(79,75,'000075\n_20181111114027_5',100,0,'Dr.Md.Younus Khan','0',2600,2500,'paid',1,'2018-11-11 11:40:27','2018-11-11 11:40:27','2018-11-11','1140272018-11-11T11:40:27+06:0020180000001130_Sun, 11 Nov 2018 11:40:27 +0600Asia/Dhakaf'),(80,76,'000076\n_20181111121710_5',0,0,'Dr.Md.Younus Khan','0',3200,3200,'paid',1,'2018-11-11 12:17:10','2018-11-11 12:17:10','2018-11-11','1117102018-11-11T12:17:10+06:0020180000001130_Sun, 11 Nov 2018 12:17:10 +0600Asia/Dhakaf'),(81,77,'000077\n_20181111124027_5',0,0,'self','0',1200,1200,'paid',1,'2018-11-11 12:40:27','2018-11-11 12:40:27','2018-11-11','1140272018-11-11T12:40:27+06:0020180000001130_Sun, 11 Nov 2018 12:40:27 +0600Asia/Dhakaf'),(82,78,'000078\n_20181111124500_5',0,0,'Dr.Md.Younus Khan','0',3400,3400,'paid',1,'2018-11-11 12:45:00','2018-11-11 12:45:00','2018-11-11','1145002018-11-11T12:45:00+06:0020180000001130_Sun, 11 Nov 2018 12:45:00 +0600Asia/Dhakaf'),(83,79,'000079\n_20181111131307_5',0,0,'Dr.Md.Younus Khan','0',600,600,'paid',1,'2018-11-11 13:13:07','2018-11-11 13:13:07','2018-11-11','1113072018-11-11T13:13:07+06:0020180000001130_Sun, 11 Nov 2018 13:13:07 +0600Asia/Dhakaf'),(84,80,'000080\n_20181111132213_5',200,0,'Dr.Md.Younus Khan','0',2900,2700,'paid',1,'2018-11-11 13:22:13','2018-11-11 13:22:13','2018-11-11','1122132018-11-11T13:22:13+06:0020180000001130_Sun, 11 Nov 2018 13:22:13 +0600Asia/Dhakaf'),(85,81,'000081\n_20181111140547_5',1100,0,'Dr.Md.Younus Khan','0',2700,1600,'paid',1,'2018-11-11 14:05:47','2018-11-11 14:05:47','2018-11-11','1105472018-11-11T14:05:47+06:0020180000001130_Sun, 11 Nov 2018 14:05:47 +0600Asia/Dhakaf'),(86,82,'000082\n_20181111141851_5',0,0,'Dr.Md.Younus Khan','0',1200,1200,'paid',1,'2018-11-11 14:18:51','2018-11-11 14:18:51','2018-11-11','1118512018-11-11T14:18:51+06:0020180000001130_Sun, 11 Nov 2018 14:18:51 +0600Asia/Dhakaf'),(87,83,'000083\n_20181111142805_5',0,0,'Dr.Md.Younus Khan','0',1100,1100,'paid',1,'2018-11-11 14:28:05','2018-11-11 14:28:05','2018-11-11','1128052018-11-11T14:28:05+06:0020180000001130_Sun, 11 Nov 2018 14:28:05 +0600Asia/Dhakaf'),(88,84,'000084\n_20181111150518_5',0,0,'Dr.Md.Younus Khan','Saiful (Dolaituli)',1600,1100,'unpaid',1,'2018-11-11 15:05:18','2018-11-11 15:05:18','2018-11-11','1105182018-11-11T15:05:18+06:0020180000001130_Sun, 11 Nov 2018 15:05:18 +0600Asia/Dhakaf'),(89,85,'000085\n_20181111175720_5',0,0,'self','0',1300,1300,'paid',1,'2018-11-11 17:57:20','2018-11-11 17:57:20','2018-11-11','1157202018-11-11T17:57:20+06:0020180000001130_Sun, 11 Nov 2018 17:57:20 +0600Asia/Dhakaf'),(90,86,'000086\n_20181111182257_5',0,0,'self','0',200,0,'unpaid',1,'2018-11-11 18:22:57','2018-11-11 18:22:57','2018-11-11','1122572018-11-11T18:22:57+06:0020180000001130_Sun, 11 Nov 2018 18:22:57 +0600Asia/Dhakaf'),(91,87,'000087\n_20181112110003_5',0,0,'Dr.Md.Younus Khan','0',900,900,'paid',1,'2018-11-12 11:00:03','2018-11-12 11:00:03','2018-11-12','1200032018-11-12T11:00:03+06:0020180000001130_Mon, 12 Nov 2018 11:00:03 +0600Asia/Dhakaf'),(92,88,'000088\n_20181112110932_5',400,0,'Dr.Md.Younus Khan','0',1200,800,'paid',1,'2018-11-12 11:09:32','2018-11-12 11:09:32','2018-11-12','1209322018-11-12T11:09:32+06:0020180000001130_Mon, 12 Nov 2018 11:09:32 +0600Asia/Dhakaf'),(93,73,'000073\n_20181112111251_5',0,0,'self','0',500,500,'paid',1,'2018-11-12 11:12:51','2018-11-12 11:12:51','2018-11-12','1212512018-11-12T11:12:51+06:0020180000001130_Mon, 12 Nov 2018 11:12:51 +0600Asia/Dhakaf'),(94,89,'000089\n_20181112111944_5',0,0,'self','0',400,300,'unpaid',1,'2018-11-12 11:19:44','2018-11-12 11:19:44','2018-11-12','1219442018-11-12T11:19:44+06:0020180000001130_Mon, 12 Nov 2018 11:19:44 +0600Asia/Dhakaf'),(95,90,'000090\n_20181112112941_5',0,0,'Dr.Md.Younus Khan','0',600,600,'paid',1,'2018-11-12 11:29:41','2018-11-12 11:29:41','2018-11-12','1229412018-11-12T11:29:41+06:0020180000001130_Mon, 12 Nov 2018 11:29:41 +0600Asia/Dhakaf'),(96,92,'000092\n_20181112114315_5',0,0,'Dr.Md.Younus Khan','0',2800,2800,'paid',1,'2018-11-12 11:43:15','2018-11-12 11:43:15','2018-11-12','1243152018-11-12T11:43:15+06:0020180000001130_Mon, 12 Nov 2018 11:43:15 +0600Asia/Dhakaf'),(97,93,'000093\n_20181112120040_5',200,0,'Dr.Md.Younus Khan','0',3200,3000,'paid',1,'2018-11-12 12:00:40','2018-11-12 12:00:40','2018-11-12','1200402018-11-12T12:00:40+06:0020180000001130_Mon, 12 Nov 2018 12:00:40 +0600Asia/Dhakaf'),(98,94,'000094\n_20181112120334_5',0,0,'Dr.Md.Younus Khan','0',2000,2000,'paid',1,'2018-11-12 12:03:34','2018-11-12 12:03:34','2018-11-12','1203342018-11-12T12:03:34+06:0020180000001130_Mon, 12 Nov 2018 12:03:34 +0600Asia/Dhakaf'),(99,95,'000095\n_20181112120509_5',600,0,'Dr.Md.Younus Khan','0',2200,1600,'paid',1,'2018-11-12 12:05:09','2018-11-12 12:05:09','2018-11-12','1205092018-11-12T12:05:09+06:0020180000001130_Mon, 12 Nov 2018 12:05:09 +0600Asia/Dhakaf'),(100,96,'000096\n_20181112120808_5',0,0,'Dr.Md.Younus Khan','0',1000,1000,'paid',1,'2018-11-12 12:08:08','2018-11-12 12:08:08','2018-11-12','1208082018-11-12T12:08:08+06:0020180000001130_Mon, 12 Nov 2018 12:08:08 +0600Asia/Dhakaf'),(101,97,'000097\n_20181112121129_5',0,0,'self','0',1200,1000,'unpaid',1,'2018-11-12 12:11:29','2018-11-12 12:11:29','2018-11-12','1211292018-11-12T12:11:29+06:0020180000001130_Mon, 12 Nov 2018 12:11:29 +0600Asia/Dhakaf'),(102,98,'000098\n_20181112122802_5',0,0,'Dr.Md.Younus Khan','0',2000,2000,'paid',1,'2018-11-12 12:28:02','2018-11-12 12:28:02','2018-11-12','1228022018-11-12T12:28:02+06:0020180000001130_Mon, 12 Nov 2018 12:28:02 +0600Asia/Dhakaf'),(103,99,'000099\n_20181112123505_5',200,0,'Dr.Md.Younus Khan','0',3700,3500,'unpaid',1,'2018-11-12 12:35:05','2018-11-12 12:35:05','2018-11-12','1235052018-11-12T12:35:05+06:0020180000001130_Mon, 12 Nov 2018 12:35:05 +0600Asia/Dhakaf'),(104,100,'000100\n_20181112124313_5',0,0,'self','0',1200,700,'unpaid',1,'2018-11-12 12:43:13','2018-11-12 12:43:13','2018-11-12','1243132018-11-12T12:43:13+06:0020180000001130_Mon, 12 Nov 2018 12:43:13 +0600Asia/Dhakaf'),(105,101,'000101\n_20181112132125_5',400,0,'Dr.Md.Younus Khan','0',2000,1600,'paid',1,'2018-11-12 13:21:25','2018-11-12 13:21:25','2018-11-12','1221252018-11-12T13:21:25+06:0020180000001130_Mon, 12 Nov 2018 13:21:25 +0600Asia/Dhakaf'),(106,102,'000102\n_20181112132456_5',900,0,'Dr.Md.Younus Khan','0',2700,1800,'paid',1,'2018-11-12 13:24:56','2018-11-12 13:24:56','2018-11-12','1224562018-11-12T13:24:56+06:0020180000001130_Mon, 12 Nov 2018 13:24:56 +0600Asia/Dhakaf'),(107,103,'000103\n_20181112140826_5',0,0,'self','0',900,0,'unpaid',1,'2018-11-12 14:08:26','2018-11-12 14:08:26','2018-11-12','1208262018-11-12T14:08:26+06:0020180000001130_Mon, 12 Nov 2018 14:08:26 +0600Asia/Dhakaf'),(108,104,'000104\n_20181112143118_5',400,0,'Dr.Md.Younus Khan','0',3400,3000,'paid',1,'2018-11-12 14:31:18','2018-11-12 14:31:18','2018-11-12','1231182018-11-12T14:31:18+06:0020180000001130_Mon, 12 Nov 2018 14:31:18 +0600Asia/Dhakaf'),(109,105,'000105\n_20181112144155_5',0,0,'Dr.Md.Younus Khan','0',4000,4000,'paid',1,'2018-11-12 14:41:55','2018-11-12 14:41:55','2018-11-12','1241552018-11-12T14:41:55+06:0020180000001130_Mon, 12 Nov 2018 14:41:55 +0600Asia/Dhakaf'),(110,106,'000106\n_20181112151008_5',0,0,'Dr.Md.Younus Khan','0',1700,1700,'paid',1,'2018-11-12 15:10:08','2018-11-12 15:10:08','2018-11-12','1210082018-11-12T15:10:08+06:0020180000001130_Mon, 12 Nov 2018 15:10:08 +0600Asia/Dhakaf'),(111,107,'000107\n_20181112161855_5',100,0,'Dr.Md.Younus Khan','0',200,100,'paid',1,'2018-11-12 16:18:55','2018-11-12 16:18:55','2018-11-12','1218552018-11-12T16:18:55+06:0020180000001130_Mon, 12 Nov 2018 16:18:55 +0600Asia/Dhakaf'),(112,108,'000108\n_20181112164157_5',200,0,'Dr.Md.Younus Khan','0',600,400,'paid',1,'2018-11-12 16:41:57','2018-11-12 16:41:57','2018-11-12','1241572018-11-12T16:41:57+06:0020180000001130_Mon, 12 Nov 2018 16:41:57 +0600Asia/Dhakaf'),(113,109,'000109\n_20181112175250_5',300,0,'Dr.Md.Younus Khan','0',1200,900,'paid',1,'2018-11-12 17:52:50','2018-11-12 17:52:50','2018-11-12','1252502018-11-12T17:52:50+06:0020180000001130_Mon, 12 Nov 2018 17:52:50 +0600Asia/Dhakaf'),(114,110,'000110\n_20181112175509_5',0,0,'Dr.Md.Younus Khan','0',2500,1200,'unpaid',1,'2018-11-12 17:55:09','2018-11-12 17:55:09','2018-11-12','1255092018-11-12T17:55:09+06:0020180000001130_Mon, 12 Nov 2018 17:55:09 +0600Asia/Dhakaf'),(115,111,'000111\n_20181112181650_5',0,0,'Dr.Md.Younus Khan','0',1400,1400,'paid',1,'2018-11-12 18:16:50','2018-11-12 18:16:50','2018-11-12','1216502018-11-12T18:16:50+06:0020180000001130_Mon, 12 Nov 2018 18:16:50 +0600Asia/Dhakaf'),(116,112,'000112\n_20181112182224_5',0,0,'Dr.Md.Younus Khan','0',2500,0,'unpaid',1,'2018-11-12 18:22:24','2018-11-12 18:22:24','2018-11-12','1222242018-11-12T18:22:24+06:0020180000001130_Mon, 12 Nov 2018 18:22:24 +0600Asia/Dhakaf'),(117,113,'000113\n_20181113095447_5',300,0,'self','0',1500,1200,'paid',1,'2018-11-13 09:54:47','2018-11-13 09:54:47','2018-11-13','1354472018-11-13T09:54:47+06:0020180000001130_Tue, 13 Nov 2018 09:54:47 +0600Asia/Dhakaf'),(118,114,'000114\n_20181113120116_5',100,0,'self','0',1200,1100,'paid',1,'2018-11-13 12:01:16','2018-11-13 12:01:16','2018-11-13','1301162018-11-13T12:01:16+06:0020180000001130_Tue, 13 Nov 2018 12:01:16 +0600Asia/Dhakaf'),(119,114,'000114\n_20181113120329_5',100,0,'self','0',1200,1100,'paid',1,'2018-11-13 12:03:29','2018-11-13 12:03:29','2018-11-13','1303292018-11-13T12:03:29+06:0020180000001130_Tue, 13 Nov 2018 12:03:29 +0600Asia/Dhakaf'),(120,115,'000115\n_20181113120526_5',0,0,'Dr.Md.Younus Khan','0',200,200,'paid',1,'2018-11-13 12:05:26','2018-11-13 12:05:26','2018-11-13','1305262018-11-13T12:05:26+06:0020180000001130_Tue, 13 Nov 2018 12:05:26 +0600Asia/Dhakaf'),(121,116,'000116\n_20181113130229_5',0,0,'self','0',2000,2000,'paid',1,'2018-11-13 13:02:29','2018-11-13 13:02:29','2018-11-13','1302292018-11-13T13:02:29+06:0020180000001130_Tue, 13 Nov 2018 13:02:29 +0600Asia/Dhakaf'),(122,117,'000117\n_20181113130402_5',100,0,'Dr.Md.Younus Khan','0',200,100,'paid',1,'2018-11-13 13:04:02','2018-11-13 13:04:02','2018-11-13','1304022018-11-13T13:04:02+06:0020180000001130_Tue, 13 Nov 2018 13:04:02 +0600Asia/Dhakaf'),(123,118,'000118\n_20181113130600_5',200,0,'Dr,Md.Shafiul Alam Pavel','0',500,300,'paid',1,'2018-11-13 13:06:00','2018-11-13 13:06:00','2018-11-13','1306002018-11-13T13:06:00+06:0020180000001130_Tue, 13 Nov 2018 13:06:00 +0600Asia/Dhakaf'),(124,119,'000119\n_20181113135147_5',0,0,'self','0',700,0,'unpaid',1,'2018-11-13 13:51:47','2018-11-13 13:51:47','2018-11-13','1351472018-11-13T13:51:47+06:0020180000001130_Tue, 13 Nov 2018 13:51:47 +0600Asia/Dhakaf'),(125,122,'000122\n_20181113154206_5',0,0,'self','0',1200,1200,'paid',1,'2018-11-13 15:42:06','2018-11-13 15:42:06','2018-11-13','1342062018-11-13T15:42:06+06:0020180000001130_Tue, 13 Nov 2018 15:42:06 +0600Asia/Dhakaf'),(126,122,'000122\n_20181113160842_5',0,0,'self','0',100,100,'paid',1,'2018-11-13 16:08:42','2018-11-13 16:08:42','2018-11-13','1308422018-11-13T16:08:42+06:0020180000001130_Tue, 13 Nov 2018 16:08:42 +0600Asia/Dhakaf'),(127,124,'000124\n_20181113162058_5',0,0,'self','0',1300,1300,'paid',1,'2018-11-13 16:20:58','2018-11-13 16:20:58','2018-11-13','1320582018-11-13T16:20:58+06:0020180000001130_Tue, 13 Nov 2018 16:20:58 +0600Asia/Dhakaf'),(128,125,'000125\n_20181113173122_5',100,0,'Dr.Md.Younus Khan','0',2100,2000,'paid',1,'2018-11-13 17:31:22','2018-11-13 17:31:22','2018-11-13','1331222018-11-13T17:31:22+06:0020180000001130_Tue, 13 Nov 2018 17:31:22 +0600Asia/Dhakaf'),(129,126,'000126\n_20181113173936_5',0,0,'Dr.Md.Younus Khan','0',1400,1400,'paid',1,'2018-11-13 17:39:36','2018-11-13 17:39:36','2018-11-13','1339362018-11-13T17:39:36+06:0020180000001130_Tue, 13 Nov 2018 17:39:36 +0600Asia/Dhakaf'),(130,127,'000127\n_20181113181521_5',100,0,'Dr.Md.Younus Khan','0',2100,2000,'paid',1,'2018-11-13 18:15:21','2018-11-13 18:15:21','2018-11-13','1315212018-11-13T18:15:21+06:0020180000001130_Tue, 13 Nov 2018 18:15:21 +0600Asia/Dhakaf'),(131,128,'000128\n_20181113185759_5',800,0,'Dr.Md.Younus Khan','0',1600,800,'paid',1,'2018-11-13 18:57:59','2018-11-13 18:57:59','2018-11-13','1357592018-11-13T18:57:59+06:0020180000001130_Tue, 13 Nov 2018 18:57:59 +0600Asia/Dhakaf'),(132,129,'000129\n_20181113195249_5',200,0,'Dr.Md.Younus Khan','0',5000,4800,'paid',1,'2018-11-13 19:52:49','2018-11-13 19:52:49','2018-11-13','1352492018-11-13T19:52:49+06:0020180000001130_Tue, 13 Nov 2018 19:52:49 +0600Asia/Dhakaf'),(133,131,'000131\n_20181113210751_5',0,0,'self','0',1200,0,'unpaid',1,'2018-11-13 21:07:51','2018-11-13 21:07:51','2018-11-13','1307512018-11-13T21:07:51+06:0020180000001130_Tue, 13 Nov 2018 21:07:51 +0600Asia/Dhakaf'),(134,132,'000132\n_20181114104333_5',100,0,'Dr.Md.Younus Khan','0',1900,1800,'paid',1,'2018-11-14 10:43:33','2018-11-14 10:43:33','2018-11-14','1443332018-11-14T10:43:33+06:0020180000001130_Wed, 14 Nov 2018 10:43:33 +0600Asia/Dhakaf'),(135,133,'000133\n_20181114104936_5',0,0,'self','0',1400,0,'unpaid',1,'2018-11-14 10:49:36','2018-11-14 10:49:36','2018-11-14','1449362018-11-14T10:49:36+06:0020180000001130_Wed, 14 Nov 2018 10:49:36 +0600Asia/Dhakaf'),(136,134,'000134\n_20181114105524_5',0,0,'self','0',200,0,'unpaid',1,'2018-11-14 10:55:24','2018-11-14 10:55:24','2018-11-14','1455242018-11-14T10:55:24+06:0020180000001130_Wed, 14 Nov 2018 10:55:24 +0600Asia/Dhakaf'),(137,135,'000135\n_20181114110848_5',200,0,'Dr.Md.Younus Khan','0',600,400,'paid',1,'2018-11-14 11:08:48','2018-11-14 11:08:48','2018-11-14','1408482018-11-14T11:08:48+06:0020180000001130_Wed, 14 Nov 2018 11:08:48 +0600Asia/Dhakaf'),(138,136,'000136\n_20181114112927_5',0,0,'Dr.Md.Younus Khan','0',2900,2900,'paid',1,'2018-11-14 11:29:27','2018-11-14 11:29:27','2018-11-14','1429272018-11-14T11:29:27+06:0020180000001130_Wed, 14 Nov 2018 11:29:27 +0600Asia/Dhakaf'),(139,137,'000137\n_20181114113855_5',0,0,'Dr.Md.Younus Khan','0',1000,1000,'paid',1,'2018-11-14 11:38:55','2018-11-14 11:38:55','2018-11-14','1438552018-11-14T11:38:55+06:0020180000001130_Wed, 14 Nov 2018 11:38:55 +0600Asia/Dhakaf'),(140,87,'000087\n_20181114115925_5',100,0,'Dr.Md.Younus Khan','0',200,100,'paid',1,'2018-11-14 11:59:25','2018-11-14 11:59:25','2018-11-14','1459252018-11-14T11:59:25+06:0020180000001130_Wed, 14 Nov 2018 11:59:25 +0600Asia/Dhakaf'),(141,139,'000139\n_20181114120346_5',700,0,'Dr.Md.Younus Khan','0',1900,1200,'paid',1,'2018-11-14 12:03:46','2018-11-14 12:03:46','2018-11-14','1403462018-11-14T12:03:46+06:0020180000001130_Wed, 14 Nov 2018 12:03:46 +0600Asia/Dhakaf'),(142,140,'000140\n_20181114122233_5',0,0,'self','0',100,0,'unpaid',1,'2018-11-14 12:22:33','2018-11-14 12:22:33','2018-11-14','1422332018-11-14T12:22:33+06:0020180000001130_Wed, 14 Nov 2018 12:22:33 +0600Asia/Dhakaf'),(143,141,'000141\n_20181114122639_5',0,0,'self','0',100,0,'unpaid',1,'2018-11-14 12:26:39','2018-11-14 12:26:39','2018-11-14','1426392018-11-14T12:26:39+06:0020180000001130_Wed, 14 Nov 2018 12:26:39 +0600Asia/Dhakaf'),(144,142,'000142\n_20181114124746_5',200,0,'Dr.Md.Younus Khan','0',1800,1600,'paid',1,'2018-11-14 12:47:46','2018-11-14 12:47:46','2018-11-14','1447462018-11-14T12:47:46+06:0020180000001130_Wed, 14 Nov 2018 12:47:46 +0600Asia/Dhakaf'),(145,143,'000143\n_20181114125726_5',600,0,'self','0',1200,600,'paid',1,'2018-11-14 12:57:26','2018-11-14 12:57:26','2018-11-14','1457262018-11-14T12:57:26+06:0020180000001130_Wed, 14 Nov 2018 12:57:26 +0600Asia/Dhakaf'),(146,145,'000145\n_20181114131457_5',0,0,'Dr.Md.Younus Khan','0',3200,3200,'paid',1,'2018-11-14 13:14:57','2018-11-14 13:14:57','2018-11-14','1414572018-11-14T13:14:57+06:0020180000001130_Wed, 14 Nov 2018 13:14:57 +0600Asia/Dhakaf'),(147,146,'000146\n_20181114132357_5',200,0,'Dr,Md.Shafiul Alam Pavel','0',1200,1000,'paid',1,'2018-11-14 13:23:57','2018-11-14 13:23:57','2018-11-14','1423572018-11-14T13:23:57+06:0020180000001130_Wed, 14 Nov 2018 13:23:57 +0600Asia/Dhakaf'),(148,147,'000147\n_20181114133049_5',800,0,'Dr.Md.Younus Khan','0',1800,1000,'paid',1,'2018-11-14 13:30:49','2018-11-14 13:30:49','2018-11-14','1430492018-11-14T13:30:49+06:0020180000001130_Wed, 14 Nov 2018 13:30:49 +0600Asia/Dhakaf'),(149,148,'000148\n_20181114135332_5',0,0,'Dr.Md.Younus Khan','0',1400,1400,'paid',1,'2018-11-14 13:53:32','2018-11-14 13:53:32','2018-11-14','1453322018-11-14T13:53:32+06:0020180000001130_Wed, 14 Nov 2018 13:53:32 +0600Asia/Dhakaf'),(150,149,'000149\n_20181114140423_5',100,0,'Dr.Md.Younus Khan','0',1600,1500,'paid',1,'2018-11-14 14:04:23','2018-11-14 14:04:23','2018-11-14','1404232018-11-14T14:04:23+06:0020180000001130_Wed, 14 Nov 2018 14:04:23 +0600Asia/Dhakaf'),(151,150,'000150\n_20181114141952_5',0,0,'Dr.Md.Younus Khan','0',8800,0,'unpaid',1,'2018-11-14 14:19:52','2018-11-14 14:19:52','2018-11-14','1419522018-11-14T14:19:52+06:0020180000001130_Wed, 14 Nov 2018 14:19:52 +0600Asia/Dhakaf'),(152,152,'000152\n_20181114142213_5',500,0,'Dr.Md.Younus Khan','0',1000,500,'paid',1,'2018-11-14 14:22:13','2018-11-14 14:22:13','2018-11-14','1422132018-11-14T14:22:13+06:0020180000001130_Wed, 14 Nov 2018 14:22:13 +0600Asia/Dhakaf'),(153,153,'000153\n_20181114143254_5',400,0,'Dr.Md.Younus Khan','0',1200,800,'paid',1,'2018-11-14 14:32:54','2018-11-14 14:32:54','2018-11-14','1432542018-11-14T14:32:54+06:0020180000001130_Wed, 14 Nov 2018 14:32:54 +0600Asia/Dhakaf'),(154,154,'000154\n_20181114143452_5',0,0,'Dr.Md.Younus Khan','0',1200,1200,'paid',1,'2018-11-14 14:34:52','2018-11-14 14:34:52','2018-11-14','1434522018-11-14T14:34:52+06:0020180000001130_Wed, 14 Nov 2018 14:34:52 +0600Asia/Dhakaf'),(155,155,'000155\n_20181114151506_5',300,800,'Dr.Md.Younus Khan','0',1100,800,'unpaid',1,'2018-11-14 15:15:06','2018-11-14 15:15:06','2018-11-14','1415062018-11-14T15:15:06+06:0020180000001130_Wed, 14 Nov 2018 15:15:06 +0600Asia/Dhakaf'),(156,0,'000000\n_20181114171516_5',300,0,'Dr.Md.Younus Khan','0',4300,4000,'paid',1,'2018-11-14 17:15:16','2018-11-14 17:15:16','2018-11-14',''),(157,0,'000000\n_20181114171522_5',300,0,'Dr.Md.Younus Khan','0',4300,4000,'paid',1,'2018-11-14 17:15:22','2018-11-14 17:15:22','2018-11-14',''),(158,0,'000000\n_20181114171522_5',300,0,'Dr.Md.Younus Khan','0',4300,4000,'paid',1,'2018-11-14 17:15:22','2018-11-14 17:15:22','2018-11-14',''),(159,0,'000000\n_20181114171544_5',300,0,'Dr.Md.Younus Khan','0',4300,4000,'paid',1,'2018-11-14 17:15:44','2018-11-14 17:15:44','2018-11-14',''),(160,0,'000000\n_20181114171545_5',300,0,'Dr.Md.Younus Khan','0',4300,4000,'paid',1,'2018-11-14 17:15:45','2018-11-14 17:15:45','2018-11-14',''),(161,0,'000000\n_20181114171545_5',300,0,'Dr.Md.Younus Khan','0',4300,4000,'paid',1,'2018-11-14 17:15:45','2018-11-14 17:15:45','2018-11-14',''),(162,0,'000000\n_20181114171545_5',300,0,'Dr.Md.Younus Khan','0',4300,4000,'paid',1,'2018-11-14 17:15:45','2018-11-14 17:15:45','2018-11-14',''),(163,0,'000000\n_20181114171545_5',300,0,'Dr.Md.Younus Khan','0',4300,4000,'paid',1,'2018-11-14 17:15:45','2018-11-14 17:15:45','2018-11-14',''),(164,0,'000000\n_20181114171546_5',300,0,'Dr.Md.Younus Khan','0',4300,4000,'paid',1,'2018-11-14 17:15:46','2018-11-14 17:15:46','2018-11-14',''),(165,0,'000000\n_20181114171546_5',300,0,'Dr.Md.Younus Khan','0',4300,4000,'paid',1,'2018-11-14 17:15:46','2018-11-14 17:15:46','2018-11-14',''),(166,0,'000000\n_20181114171546_5',300,0,'Dr.Md.Younus Khan','0',4300,4000,'paid',1,'2018-11-14 17:15:46','2018-11-14 17:15:46','2018-11-14',''),(167,0,'000000\n_20181114171547_5',300,0,'Dr.Md.Younus Khan','0',4300,4000,'paid',1,'2018-11-14 17:15:47','2018-11-14 17:15:47','2018-11-14',''),(168,0,'000000\n_20181114171553_5',300,0,'Dr.Md.Younus Khan','0',4300,4000,'paid',1,'2018-11-14 17:15:53','2018-11-14 17:15:53','2018-11-14',''),(169,0,'000000\n_20181114171553_5',300,0,'Dr.Md.Younus Khan','0',4300,4000,'paid',1,'2018-11-14 17:15:53','2018-11-14 17:15:53','2018-11-14',''),(170,0,'000000\n_20181114171554_5',300,0,'Dr.Md.Younus Khan','0',4300,4000,'paid',1,'2018-11-14 17:15:54','2018-11-14 17:15:54','2018-11-14',''),(171,0,'000000\n_20181114171554_5',300,0,'Dr.Md.Younus Khan','0',4300,4000,'paid',1,'2018-11-14 17:15:54','2018-11-14 17:15:54','2018-11-14',''),(172,0,'000000\n_20181114171554_5',300,0,'Dr.Md.Younus Khan','0',4300,4000,'paid',1,'2018-11-14 17:15:54','2018-11-14 17:15:54','2018-11-14',''),(173,0,'000000\n_20181114171554_5',300,0,'Dr.Md.Younus Khan','0',4300,4000,'paid',1,'2018-11-14 17:15:54','2018-11-14 17:15:54','2018-11-14',''),(174,0,'000000\n_20181114171554_5',300,0,'Dr.Md.Younus Khan','0',4300,4000,'paid',1,'2018-11-14 17:15:54','2018-11-14 17:15:54','2018-11-14',''),(175,0,'000000\n_20181114172708_5',900,0,'Dr.Md.Younus Khan','0',2100,1200,'paid',1,'2018-11-14 17:27:08','2018-11-14 17:27:08','2018-11-14',''),(176,0,'000000\n_20181114172708_5',900,0,'Dr.Md.Younus Khan','0',2100,1200,'paid',1,'2018-11-14 17:27:08','2018-11-14 17:27:08','2018-11-14',''),(177,0,'000000\n_20181114172709_5',900,0,'Dr.Md.Younus Khan','0',2100,1200,'paid',1,'2018-11-14 17:27:09','2018-11-14 17:27:09','2018-11-14',''),(178,0,'000000\n_20181114172709_5',900,0,'Dr.Md.Younus Khan','0',2100,1200,'paid',1,'2018-11-14 17:27:09','2018-11-14 17:27:09','2018-11-14',''),(179,0,'000000\n_20181114172709_5',900,0,'Dr.Md.Younus Khan','0',2100,1200,'paid',1,'2018-11-14 17:27:09','2018-11-14 17:27:09','2018-11-14',''),(180,0,'000000\n_20181114174353_5',900,0,'Dr.Md.Younus Khan','0',2100,1200,'paid',1,'2018-11-14 17:43:53','2018-11-14 17:43:53','2018-11-14',''),(181,0,'000000\n_20181114174354_5',900,0,'Dr.Md.Younus Khan','0',2100,1200,'paid',1,'2018-11-14 17:43:54','2018-11-14 17:43:54','2018-11-14',''),(182,0,'000000\n_20181114174354_5',900,0,'Dr.Md.Younus Khan','0',2100,1200,'paid',1,'2018-11-14 17:43:54','2018-11-14 17:43:54','2018-11-14',''),(183,0,'000000\n_20181114174354_5',900,0,'Dr.Md.Younus Khan','0',2100,1200,'paid',1,'2018-11-14 17:43:54','2018-11-14 17:43:54','2018-11-14',''),(184,0,'000000\n_20181114174354_5',900,0,'Dr.Md.Younus Khan','0',2100,1200,'paid',1,'2018-11-14 17:43:54','2018-11-14 17:43:54','2018-11-14',''),(185,0,'000000\n_20181114174354_5',900,0,'Dr.Md.Younus Khan','0',2100,1200,'paid',1,'2018-11-14 17:43:54','2018-11-14 17:43:54','2018-11-14',''),(186,0,'000000\n_20181114174354_5',900,0,'Dr.Md.Younus Khan','0',2100,1200,'paid',1,'2018-11-14 17:43:54','2018-11-14 17:43:54','2018-11-14',''),(187,0,'000000\n_20181114174355_5',900,0,'Dr.Md.Younus Khan','0',2100,1200,'paid',1,'2018-11-14 17:43:55','2018-11-14 17:43:55','2018-11-14',''),(188,0,'000000\n_20181114174355_5',900,0,'Dr.Md.Younus Khan','0',2100,1200,'paid',1,'2018-11-14 17:43:55','2018-11-14 17:43:55','2018-11-14',''),(189,0,'000000\n_20181114174355_5',900,0,'Dr.Md.Younus Khan','0',2100,1200,'paid',1,'2018-11-14 17:43:55','2018-11-14 17:43:55','2018-11-14',''),(190,0,'000000\n_20181114175301_5',900,0,'Dr.Md.Younus Khan','0',2100,1200,'paid',1,'2018-11-14 17:53:01','2018-11-14 17:53:01','2018-11-14',''),(191,0,'000000\n_20181114175301_5',900,0,'Dr.Md.Younus Khan','0',2100,1200,'paid',1,'2018-11-14 17:53:01','2018-11-14 17:53:01','2018-11-14',''),(192,0,'000000\n_20181114175301_5',900,0,'Dr.Md.Younus Khan','0',2100,1200,'paid',1,'2018-11-14 17:53:01','2018-11-14 17:53:01','2018-11-14',''),(193,160,'000160\n_20181114182808_5',0,0,'Dr.Md.Younus Khan','gg',200,0,'unpaid',1,'2018-11-14 18:28:08','2018-11-14 18:28:08','2018-11-14',''),(194,161,'000161\n_20181114182912_5',0,0,'Dr.Md.Younus Khan','0',200,0,'unpaid',1,'2018-11-14 18:29:12','2018-11-14 18:29:12','2018-11-14',''),(195,162,'000162\n_20181114183244_5',900,0,'Dr.Md.Younus Khan','0',2100,1200,'paid',1,'2018-11-14 18:32:44','2018-11-14 18:32:44','2018-11-14',''),(196,163,'000163\n_20181114184654_5',0,0,'Dr.Md.Younus Khan','0',2000,2000,'paid',1,'2018-11-14 18:46:54','2018-11-14 18:46:54','2018-11-14',''),(197,164,'000164\n_20181114185725_5',300,0,'Dr.Md.Younus Khan','0',4300,4000,'paid',1,'2018-11-14 18:57:25','2018-11-14 18:57:25','2018-11-14',''),(198,166,'000166\n_20181116025955_5',10,0,'Dr.Md.Younus Khan','Dr.Shohag (Moishade)',2000,1990,'paid',1,'2018-11-16 02:59:55','2018-11-16 02:59:55','2018-11-16',''),(199,167,'000167\n_20181116142307_5',560,0,'Dr.Md.Younus Khan','Dr.Shohag (Moishade)',2200,1640,'paid',1,'2018-11-16 14:23:07','2018-11-16 14:23:07','2018-11-16',''),(200,168,'000168\n_20181116150406_5',400,0,'Dr.Md.Younus Khan','Saiful (Dolaituli)',2400,2000,'paid',1,'2018-11-16 15:04:06','2018-11-16 15:04:06','2018-11-16',''),(201,169,'000169\n_20181117022808_5',100,0,'Dr.Md.Younus Khan','Saiful (Dolaituli)',1600,1500,'paid',1,'2018-11-17 02:28:08','2018-11-17 02:28:08','2018-11-17','');

/*Table structure for table `opd_patient_test_order_info_history` */

DROP TABLE IF EXISTS `opd_patient_test_order_info_history`;

CREATE TABLE `opd_patient_test_order_info_history` (
  `id` int(11) NOT NULL,
  `patient_id` int(11) NOT NULL DEFAULT '0',
  `parent_order_id` int(11) NOT NULL,
  `test_order_id` varchar(255) DEFAULT NULL,
  `total_discount` double NOT NULL,
  `vat` double NOT NULL DEFAULT '0',
  `ref_doc_name` varchar(255) DEFAULT NULL,
  `quack_doc_name` varchar(255) DEFAULT NULL,
  `total_amount` double NOT NULL DEFAULT '0',
  `paid_amount` double NOT NULL DEFAULT '0',
  `payment_status` varchar(255) NOT NULL DEFAULT 'unpaid',
  `entry_date` date DEFAULT NULL,
  `status` int(11) NOT NULL DEFAULT '1',
  `created_at` datetime DEFAULT NULL,
  `updated_at` timestamp NOT NULL DEFAULT CURRENT_TIMESTAMP
) ENGINE=InnoDB DEFAULT CHARSET=latin1;

/*Data for the table `opd_patient_test_order_info_history` */

insert  into `opd_patient_test_order_info_history`(`id`,`patient_id`,`parent_order_id`,`test_order_id`,`total_discount`,`vat`,`ref_doc_name`,`quack_doc_name`,`total_amount`,`paid_amount`,`payment_status`,`entry_date`,`status`,`created_at`,`updated_at`) values (16,27,32,'000027\n_20181119195540_5',0,0,'rafiq','gg',800,0,'unpaid',NULL,1,'2018-11-19 19:56:02','2018-11-19 13:56:02'),(17,27,32,'000027\n_20181119195540_5',0,0,'rafiq','gg',0,0,'unpaid',NULL,1,'2018-11-19 19:56:21','2018-11-19 13:56:21'),(18,27,32,'000027\n_20181119195540_5',0,0,'rafiq','gg',0,0,'unpaid',NULL,1,'2018-11-19 19:58:28','2018-11-19 13:58:28');

/*Table structure for table `operation_info` */

DROP TABLE IF EXISTS `operation_info`;

CREATE TABLE `operation_info` (
  `id` int(11) NOT NULL AUTO_INCREMENT,
  `operation_name` varchar(255) COLLATE utf8_unicode_ci DEFAULT NULL,
  `price` double NOT NULL DEFAULT '0',
  `created_at` datetime DEFAULT NULL,
  `updated_at` timestamp NOT NULL DEFAULT CURRENT_TIMESTAMP,
  `hospital_id` int(11) DEFAULT NULL,
  `user_id` varchar(255) COLLATE utf8_unicode_ci DEFAULT NULL,
  `operation_status` int(11) DEFAULT '1' COMMENT '1=active,2=delete',
  PRIMARY KEY (`id`)
) ENGINE=InnoDB AUTO_INCREMENT=3 DEFAULT CHARSET=utf8 COLLATE=utf8_unicode_ci;

/*Data for the table `operation_info` */

insert  into `operation_info`(`id`,`operation_name`,`price`,`created_at`,`updated_at`,`hospital_id`,`user_id`,`operation_status`) values (1,'sacasc',6000,'2018-11-17 03:49:27','2018-11-18 02:48:51',5,'care',2),(2,'cewc',45000,'2018-11-18 02:28:00','2018-11-18 02:28:00',5,'care',1);

/*Table structure for table `pack_size_info` */

DROP TABLE IF EXISTS `pack_size_info`;

CREATE TABLE `pack_size_info` (
  `id` int(11) NOT NULL AUTO_INCREMENT,
  `pack_size` varchar(255) COLLATE utf8_unicode_ci DEFAULT NULL,
  `status` int(11) NOT NULL DEFAULT '1',
  `created_at` datetime DEFAULT NULL,
  `updated_at` timestamp NOT NULL DEFAULT CURRENT_TIMESTAMP,
  PRIMARY KEY (`id`)
) ENGINE=InnoDB DEFAULT CHARSET=utf8 COLLATE=utf8_unicode_ci;

/*Data for the table `pack_size_info` */

/*Table structure for table `pathologoy` */

DROP TABLE IF EXISTS `pathologoy`;

CREATE TABLE `pathologoy` (
  `pathologoy_id` int(150) NOT NULL AUTO_INCREMENT,
  `patient_id` int(150) DEFAULT NULL,
  `order_id` int(150) DEFAULT NULL,
  `pdate` date DEFAULT NULL,
  `padate` datetime DEFAULT NULL,
  `delivery_date` date DEFAULT NULL,
  `test_id` int(150) DEFAULT NULL,
  `group_id` int(150) DEFAULT NULL,
  `description` longtext COLLATE utf8_unicode_ci,
  `speciman` varchar(250) COLLATE utf8_unicode_ci DEFAULT NULL,
  `delievery_status` int(150) DEFAULT '1' COMMENT '1=Receive,2=Sent to lab,3=On Reception,4=Delivered',
  PRIMARY KEY (`pathologoy_id`)
) ENGINE=InnoDB AUTO_INCREMENT=583 DEFAULT CHARSET=utf8 COLLATE=utf8_unicode_ci;

/*Data for the table `pathologoy` */

insert  into `pathologoy`(`pathologoy_id`,`patient_id`,`order_id`,`pdate`,`padate`,`delivery_date`,`test_id`,`group_id`,`description`,`speciman`,`delievery_status`) values (1,2,1,'2018-11-07','2018-11-07 17:42:16','0000-00-00',3,0,'\r\n\r\n\r\n	\r\n\r\n\r\n<p>&nbsp;</p>\r\n<p>&nbsp;</p>\r\n<p>&nbsp;</p>\r\n\r\n<div style=\"width: 80%; margin: 0 auto;\">\r\n<table style=\"margin: 0 auto; width: 100%; margin-bottom: 20px;border-collapse: collapse;\">\r\n<tbody>\r\n<tr>\r\n<td style=\"text-align: left;border: 1px solid #111111;padding: 8px;font-weight:bold;\">ID</td>\r\n<td style=\"text-align: left;border: 1px solid #111111;padding: 8px;\">:02</td>\r\n<td style=\"text-align: right;border:1px solid #111111;padding: 8px;font-weight:bold;\">Rec Date : 07-11-2018</td>\r\n<td style=\"border: 1px solid #111111;padding: 8px;\"><span style=\"font-weight:bold;\">Delivery Date : </span>09-11-2018</td>\r\n</tr>\r\n<tr>\r\n<td style=\"text-align: left;border: 1px solid #111111;padding: 8px;font-weight:bold;\">Patient Name</td>\r\n<td style=\"border: 1px solid #111111;padding: 8px;\">:jahid hossain</td>\r\n<td style=\"text-align: right;border: 1px solid #111111;padding: 8px;\"><span style=\"font-weight:bold;\">Age</span> 25 YRS</td>\r\n<td>Sex Female</td>\r\n</tr>\r\n<tr>\r\n<td style=\"text-align: left;border: 1px solid #111111;padding: 8px;font-weight:bold;\">Ref By</td>\r\n<td colspan=\"3\" style=\"border: 1px solid #111111;padding: 8px;\">: rafiq</td>\r\n</tr>\r\n<tr>\r\n<td style=\"text-align: left;border: 1px solid #111111;padding: 8px;font-weight:bold;\">Speciman</td>\r\n<td colspan=\"3\" style=\"border: 1px solid #111111;padding: 8px;\">: &nbsp;Blood</td>\r\n</tr>\r\n</tbody>\r\n</table>\r\n</div>\r\n<h1 style=\"text-align: center; color: green; font-weight: bold; margin: 0 auto; border: 1px solid #111111; width: 350px; box-shadow: 5px 10px #888888; margin-bottom: 30px;\">SEROLOGY Report</h1>\r\n<div style=\"margin: 0 auto;\">\r\n<h3 style=\"text-align: center; font-weight: bold; margin: 0 auto; margin-bottom: 30px;\">Tests are carried out by :</h3>\r\n</div>\r\n<table style=\"margin: 0 auto; width: 80%; margin-bottom: 20px; text-align: center;border-collapse: collapse;\">\r\n<thead>\r\n\r\n<tr>\r\n<td style=\"border: 1px solid #111111;padding: 8px;font-weight:bold;\">Test</td>\r\n<td style=\"border: 1px solid #111111;padding: 8px;font-weight:bold;\">Result</td>\r\n<td style=\"border: 1px solid #111111;padding: 8px;font-weight:bold;\">Reference Value</td>\r\n</tr>\r\n</thead>\r\n<tbody>\r\n<tr>\r\n<td style=\"border: 1px solid #111111;padding: 8px;\">ASO Titer</td>\r\n<td style=\"border: 1px solid #111111;padding: 8px;\">200 iu/ml</td>\r\n<td style=\"border: 1px solid #111111;padding: 8px;\"><span style=\"letter-spacing: 0.2px;\">200 iu/ml</span>L</td>\r\n</tr>\r\n\r\n</tbody>\r\n</table>\r\n<div class=\"main\" style=\"background-color: ; width: 80%; margin: 0 auto;\">\r\n<div class=\"left\" style=\"display: table-cell; width: 330px; padding: 20px; background-color:;\"><img src=\"back_assets/doc_sign_1.png\" alt=\"\"></div>\r\n<div class=\"middle\" style=\"display: table-cell; width: 330px; text-align: center; background-color:; padding: 20px;\"><img src=\"back_assets/doc_sign_1.png\" alt=\"\"></div>\r\n<div class=\"right\" style=\"display: table-cell; width: 330px; padding: 20px; text-align: right; background-color:;\"><img src=\"back_assets/doc_sign_1.png\" alt=\"\"></div>\r\n</div>\r\n\r\n\r\n\r\n\r\n','Blood',3),(2,2,1,'2018-11-07','2018-11-07 17:42:16','0000-00-00',4,0,'\r\n\r\n\r\n	\r\n\r\n\r\n<p>&nbsp;</p>\r\n<p>&nbsp;</p>\r\n<p>&nbsp;</p>\r\n\r\n<div style=\"width: 80%; margin: 0 auto;\">\r\n<table style=\"margin: 0 auto; width: 100%; margin-bottom: 20px;border-collapse: collapse;\">\r\n<tbody>\r\n<tr>\r\n<td style=\"text-align: left;border: 1px solid #111111;padding: 8px;font-weight:bold;\">ID</td>\r\n<td style=\"text-align: left;border: 1px solid #111111;padding: 8px;\">:02</td>\r\n<td style=\"text-align: right;border:1px solid #111111;padding: 8px;font-weight:bold;\">Rec Date : 07-11-2018</td>\r\n<td style=\"border: 1px solid #111111;padding: 8px;\"><span style=\"font-weight:bold;\">Delivery Date : </span>09-11-2018</td>\r\n</tr>\r\n<tr>\r\n<td style=\"text-align: left;border: 1px solid #111111;padding: 8px;font-weight:bold;\">Patient Name</td>\r\n<td style=\"border: 1px solid #111111;padding: 8px;\">:jahid hossain</td>\r\n<td style=\"text-align: right;border: 1px solid #111111;padding: 8px;\"><span style=\"font-weight:bold;\">Age</span> 25 YRS</td>\r\n<td>Sex Female</td>\r\n</tr>\r\n<tr>\r\n<td style=\"text-align: left;border: 1px solid #111111;padding: 8px;font-weight:bold;\">Ref By</td>\r\n<td colspan=\"3\" style=\"border: 1px solid #111111;padding: 8px;\">: rafiq</td>\r\n</tr>\r\n<tr>\r\n<td style=\"text-align: left;border: 1px solid #111111;padding: 8px;font-weight:bold;\">Speciman</td>\r\n<td colspan=\"3\" style=\"border: 1px solid #111111;padding: 8px;\">: &nbsp;Blood</td>\r\n</tr>\r\n</tbody>\r\n</table>\r\n</div>\r\n<h1 style=\"text-align: center; color: green; font-weight: bold; margin: 0 auto; border: 1px solid #111111; width: 350px; box-shadow: 5px 10px #888888; margin-bottom: 30px;\">Serology Report</h1>\r\n<div style=\"margin: 0 auto;\">\r\n<h3 style=\"text-align: center; font-weight: bold; margin: 0 auto; margin-bottom: 30px;\">Tests are carried out by :</h3>\r\n</div>\r\n<table style=\"margin: 0 auto; width: 80%; margin-bottom: 20px; text-align: center;border-collapse: collapse;\">\r\n<thead>\r\n\r\n<tr>\r\n<td style=\"border: 1px solid #111111;padding: 8px;font-weight:bold;\">Test</td>\r\n<td style=\"border: 1px solid #111111;padding: 8px;font-weight:bold;\">Result</td>\r\n<td style=\"border: 1px solid #111111;padding: 8px;font-weight:bold;\">Reference Value</td>\r\n</tr>\r\n</thead>\r\n<tbody>\r\n<tr>\r\n<td style=\"border: 1px solid #111111;padding: 8px;\">R/A  Test</td>\r\n<td style=\"border: 1px solid #111111;padding: 8px;\">Negative</td>\r\n<td style=\"border: 1px solid #111111;padding: 8px;\">Negative<br></td>\r\n</tr>\r\n\r\n</tbody>\r\n</table>\r\n<div class=\"main\" style=\"background-color: ; width: 80%; margin: 0 auto;\">\r\n<div class=\"left\" style=\"display: table-cell; width: 330px; padding: 20px; background-color:;\"><img src=\"back_assets/doc_sign_1.png\" alt=\"\"></div>\r\n<div class=\"middle\" style=\"display: table-cell; width: 330px; text-align: center; background-color:; padding: 20px;\"><img src=\"back_assets/doc_sign_1.png\" alt=\"\"></div>\r\n<div class=\"right\" style=\"display: table-cell; width: 330px; padding: 20px; text-align: right; background-color:;\"><img src=\"back_assets/doc_sign_1.png\" alt=\"\"></div>\r\n</div>\r\n\r\n\r\n\r\n\r\n','Blood',3),(3,2,1,'2018-11-07','2018-11-07 17:42:17',NULL,5,NULL,NULL,NULL,1),(4,2,1,'2018-11-07','2018-11-07 17:42:17','0000-00-00',6,0,'\r\n\r\n\r\n	\r\n\r\n\r\n<p>&nbsp;</p>\r\n<p>&nbsp;</p>\r\n<p>&nbsp;</p>\r\n\r\n<div style=\"width: 80%; margin: 0 auto;\">\r\n<table style=\"margin: 0 auto; width: 100%; margin-bottom: 20px;border-collapse: collapse;\">\r\n<tbody>\r\n<tr>\r\n<td style=\"text-align: left;border: 1px solid #111111;padding: 8px;font-weight:bold;\">ID</td>\r\n<td style=\"text-align: left;border: 1px solid #111111;padding: 8px;\">:02</td>\r\n<td style=\"text-align: right;border:1px solid #111111;padding: 8px;font-weight:bold;\">Rec Date : 07-11-2018</td>\r\n<td style=\"border: 1px solid #111111;padding: 8px;\"><span style=\"font-weight:bold;\">Delivery Date : </span>09-11-2018</td>\r\n</tr>\r\n<tr>\r\n<td style=\"text-align: left;border: 1px solid #111111;padding: 8px;font-weight:bold;\">Patient Name</td>\r\n<td style=\"border: 1px solid #111111;padding: 8px;\">:jahid hossain</td>\r\n<td style=\"text-align: right;border: 1px solid #111111;padding: 8px;\"><span style=\"font-weight:bold;\">Age</span> 25 YRS</td>\r\n<td>Sex Female</td>\r\n</tr>\r\n<tr>\r\n<td style=\"text-align: left;border: 1px solid #111111;padding: 8px;font-weight:bold;\">Ref By</td>\r\n<td colspan=\"3\" style=\"border: 1px solid #111111;padding: 8px;\">: rafiq</td>\r\n</tr>\r\n<tr>\r\n<td style=\"text-align: left;border: 1px solid #111111;padding: 8px;font-weight:bold;\">Speciman</td>\r\n<td colspan=\"3\" style=\"border: 1px solid #111111;padding: 8px;\">: &nbsp;Blood</td>\r\n</tr>\r\n</tbody>\r\n</table>\r\n</div>\r\n<h1 style=\"text-align: center; color: green; font-weight: bold; margin: 0 auto; border: 1px solid #111111; width: 350px; box-shadow: 5px 10px #888888; margin-bottom: 30px;\">Serology Report</h1>\r\n<div style=\"margin: 0 auto;\">\r\n<h3 style=\"text-align: center; font-weight: bold; margin: 0 auto; margin-bottom: 30px;\">Tests are carried out by :</h3>\r\n</div>\r\n<table style=\"margin: 0 auto; width: 80%; margin-bottom: 20px; text-align: center;border-collapse: collapse;\">\r\n<thead>\r\n\r\n<tr>\r\n<td style=\"border: 1px solid #111111;padding: 8px;font-weight:bold;\">Test</td>\r\n<td style=\"border: 1px solid #111111;padding: 8px;font-weight:bold;\">Result</td>\r\n<td style=\"border: 1px solid #111111;padding: 8px;font-weight:bold;\">Reference Value</td>\r\n</tr>\r\n</thead>\r\n<tbody>\r\n<tr>\r\n<td style=\"border: 1px solid #111111;padding: 8px;\">VDRL</td>\r\n<td style=\"border: 1px solid #111111;padding: 8px;\">Non-Reactive</td>\r\n<td style=\"border: 1px solid #111111;padding: 8px;\">:-</td>\r\n</tr>\r\n\r\n</tbody>\r\n</table>\r\n<div class=\"main\" style=\"background-color: ; width: 80%; margin: 0 auto;\">\r\n<div class=\"left\" style=\"display: table-cell; width: 330px; padding: 20px; background-color:;\"><img src=\"back_assets/doc_sign_1.png\" alt=\"\"></div>\r\n<div class=\"middle\" style=\"display: table-cell; width: 330px; text-align: center; background-color:; padding: 20px;\"><img src=\"back_assets/doc_sign_1.png\" alt=\"\"></div>\r\n<div class=\"right\" style=\"display: table-cell; width: 330px; padding: 20px; text-align: right; background-color:;\"><img src=\"back_assets/doc_sign_1.png\" alt=\"\"></div>\r\n</div>\r\n\r\n\r\n\r\n\r\n','Blood',3),(5,2,1,'2018-11-07','2018-11-07 17:42:17',NULL,7,NULL,NULL,NULL,1),(6,3,2,'2018-11-07','2018-11-07 20:06:20','0000-00-00',3,0,'\r\n\r\n\r\n	\r\n\r\n\r\n<p>&nbsp;</p>\r\n<p>&nbsp;</p>\r\n<p>&nbsp;</p>\r\n\r\n<div style=\"width: 80%; margin: 0 auto;\">\r\n<table style=\"margin: 0 auto; width: 100%; margin-bottom: 20px;border-collapse: collapse;\">\r\n<tbody>\r\n<tr>\r\n<td style=\"text-align: left;border: 1px solid #111111;padding: 8px;font-weight:bold;\">ID</td>\r\n<td style=\"text-align: left;border: 1px solid #111111;padding: 8px;\">:03</td>\r\n<td style=\"text-align: right;border:1px solid #111111;padding: 8px;font-weight:bold;\">Rec Date : 07-11-2018</td>\r\n<td style=\"border: 1px solid #111111;padding: 8px;\"><span style=\"font-weight:bold;\">Delivery Date : </span>09-11-2018</td>\r\n</tr>\r\n<tr>\r\n<td style=\"text-align: left;border: 1px solid #111111;padding: 8px;font-weight:bold;\">Patient Name</td>\r\n<td style=\"border: 1px solid #111111;padding: 8px;\">:Mr,Din Mohammad</td>\r\n<td style=\"text-align: right;border: 1px solid #111111;padding: 8px;\"><span style=\"font-weight:bold;\">Age</span> 32 YRS</td>\r\n<td>Sex Female</td>\r\n</tr>\r\n<tr>\r\n<td style=\"text-align: left;border: 1px solid #111111;padding: 8px;font-weight:bold;\">Ref By</td>\r\n<td colspan=\"3\" style=\"border: 1px solid #111111;padding: 8px;\">: Dr.Md.Younus Khan</td>\r\n</tr>\r\n<tr>\r\n<td style=\"text-align: left;border: 1px solid #111111;padding: 8px;font-weight:bold;\">Speciman</td>\r\n<td colspan=\"3\" style=\"border: 1px solid #111111;padding: 8px;\">: &nbsp;Blood</td>\r\n</tr>\r\n</tbody>\r\n</table>\r\n</div>\r\n<h1 style=\"text-align: center; color: green; font-weight: bold; margin: 0 auto; border: 1px solid #111111; width: 350px; box-shadow: 5px 10px #888888; margin-bottom: 30px;\">Serology Report</h1>\r\n<div style=\"margin: 0 auto;\">\r\n<h3 style=\"text-align: center; font-weight: bold; margin: 0 auto; margin-bottom: 30px;\">Tests are carried out by :</h3>\r\n</div>\r\n<table style=\"margin: 0 auto; width: 80%; margin-bottom: 20px; text-align: center;border-collapse: collapse;\">\r\n<thead>\r\n\r\n<tr>\r\n<td style=\"border: 1px solid #111111;padding: 8px;font-weight:bold;\">Test</td>\r\n<td style=\"border: 1px solid #111111;padding: 8px;font-weight:bold;\">Result</td>\r\n<td style=\"border: 1px solid #111111;padding: 8px;font-weight:bold;\">Reference Value</td>\r\n</tr>\r\n</thead>\r\n<tbody>\r\n<tr>\r\n<td style=\"border: 1px solid #111111;padding: 8px;\">ASO Titre </td>\r\n<td style=\"border: 1px solid #111111;padding: 8px;\"></td>\r\n<td style=\"border: 1px solid #111111;padding: 8px;\">4.50-11.00 K/uL</td>\r\n</tr>\r\n\r\n</tbody>\r\n</table>\r\n<div class=\"main\" style=\"background-color: ; width: 80%; margin: 0 auto;\">\r\n<div class=\"left\" style=\"display: table-cell; width: 330px; padding: 20px; background-color:;\"></div>\r\n<div class=\"middle\" style=\"display: table-cell; width: 330px; text-align: center; background-color:; padding: 20px;\"><img src=\"back_assets/doc_sign_1.png\" alt=\"\"></div>\r\n<div class=\"right\" style=\"display: table-cell; width: 330px; padding: 20px; text-align: right; background-color:;\"><img src=\"back_assets/doc_sign_1.png\" alt=\"\"></div>\r\n</div>\r\n\r\n\r\n\r\n\r\n','Blood',3),(7,4,3,'2018-11-07','2018-11-07 20:08:03','0000-00-00',3,0,'\r\n\r\n\r\n	\r\n\r\n\r\n<p>&nbsp;</p>\r\n<p>&nbsp;</p>\r\n<p>&nbsp;</p>\r\n\r\n<div style=\"width: 80%; margin: 0 auto;\">\r\n<table style=\"margin: 0 auto; width: 100%; margin-bottom: 20px;border-collapse: collapse;\">\r\n<tbody>\r\n<tr>\r\n<td style=\"text-align: left;border: 1px solid #111111;padding: 8px;font-weight:bold;\">ID</td>\r\n<td style=\"text-align: left;border: 1px solid #111111;padding: 8px;\">:04</td>\r\n<td style=\"text-align: right;border:1px solid #111111;padding: 8px;font-weight:bold;\">Rec Date : 07-11-2018</td>\r\n<td style=\"border: 1px solid #111111;padding: 8px;\"><span style=\"font-weight:bold;\">Delivery Date : </span>09-11-2018</td>\r\n</tr>\r\n<tr>\r\n<td style=\"text-align: left;border: 1px solid #111111;padding: 8px;font-weight:bold;\">Patient Name</td>\r\n<td style=\"border: 1px solid #111111;padding: 8px;\">:Mr,Bablu</td>\r\n<td style=\"text-align: right;border: 1px solid #111111;padding: 8px;\"><span style=\"font-weight:bold;\">Age</span> 25 YRS</td>\r\n<td>Sex Female</td>\r\n</tr>\r\n<tr>\r\n<td style=\"text-align: left;border: 1px solid #111111;padding: 8px;font-weight:bold;\">Ref By</td>\r\n<td colspan=\"3\" style=\"border: 1px solid #111111;padding: 8px;\">: Dr.Md.Younus Khan</td>\r\n</tr>\r\n<tr>\r\n<td style=\"text-align: left;border: 1px solid #111111;padding: 8px;font-weight:bold;\">Speciman</td>\r\n<td colspan=\"3\" style=\"border: 1px solid #111111;padding: 8px;\">: &nbsp;Blood</td>\r\n</tr>\r\n</tbody>\r\n</table>\r\n</div>\r\n<h1 style=\"text-align: center; color: green; font-weight: bold; margin: 0 auto; border: 1px solid #111111; width: 350px; box-shadow: 5px 10px #888888; margin-bottom: 30px;\">Serology Report</h1>\r\n<div style=\"margin: 0 auto;\">\r\n<h3 style=\"text-align: center; font-weight: bold; margin: 0 auto; margin-bottom: 30px;\">Tests are carried out by :</h3>\r\n</div>\r\n<table style=\"margin: 0 auto; width: 80%; margin-bottom: 20px; text-align: center;border-collapse: collapse;\">\r\n<thead>\r\n\r\n<tr>\r\n<td style=\"border: 1px solid #111111;padding: 8px;font-weight:bold;\">Test</td>\r\n<td style=\"border: 1px solid #111111;padding: 8px;font-weight:bold;\">Result</td>\r\n<td style=\"border: 1px solid #111111;padding: 8px;font-weight:bold;\">Reference Value</td>\r\n</tr>\r\n</thead>\r\n<tbody>\r\n<tr>\r\n<td style=\"border: 1px solid #111111;padding: 8px;\">ASO Titer</td>\r\n<td style=\"border: 1px solid #111111;padding: 8px;\">200 iu/ml</td>\r\n<td style=\"border: 1px solid #111111;padding: 8px;\">200 iu/ml<br></td>\r\n</tr>\r\n\r\n</tbody>\r\n</table>\r\n<div class=\"main\" style=\"background-color: ; width: 80%; margin: 0 auto;\">\r\n<div class=\"left\" style=\"display: table-cell; width: 330px; padding: 20px; background-color:;\"><img src=\"back_assets/doc_sign_1.png\" alt=\"\"></div>\r\n<div class=\"middle\" style=\"display: table-cell; width: 330px; text-align: center; background-color:; padding: 20px;\"><img src=\"back_assets/doc_sign_1.png\" alt=\"\"></div>\r\n<div class=\"right\" style=\"display: table-cell; width: 330px; padding: 20px; text-align: right; background-color:;\"><img src=\"back_assets/doc_sign_1.png\" alt=\"\"></div>\r\n</div>\r\n\r\n\r\n\r\n\r\n','Blood',3),(8,4,4,'2018-11-07','2018-11-07 20:21:58',NULL,3,NULL,NULL,NULL,1),(9,4,4,'2018-11-07','2018-11-07 20:21:58','0000-00-00',4,0,'\r\n\r\n\r\n	\r\n\r\n\r\n<p>&nbsp;</p>\r\n<p>&nbsp;</p>\r\n<p>&nbsp;</p>\r\n\r\n<div style=\"width: 80%; margin: 0 auto;\">\r\n<table style=\"margin: 0 auto; width: 100%; margin-bottom: 20px;border-collapse: collapse;\">\r\n<tbody>\r\n<tr>\r\n<td style=\"text-align: left;border: 1px solid #111111;padding: 8px;font-weight:bold;\">ID</td>\r\n<td style=\"text-align: left;border: 1px solid #111111;padding: 8px;\">:04</td>\r\n<td style=\"text-align: right;border:1px solid #111111;padding: 8px;font-weight:bold;\">Rec Date : 07-11-2018</td>\r\n<td style=\"border: 1px solid #111111;padding: 8px;\"><span style=\"font-weight:bold;\">Delivery Date : </span>09-11-2018</td>\r\n</tr>\r\n<tr>\r\n<td style=\"text-align: left;border: 1px solid #111111;padding: 8px;font-weight:bold;\">Patient Name</td>\r\n<td style=\"border: 1px solid #111111;padding: 8px;\">:Mr,Bablu</td>\r\n<td style=\"text-align: right;border: 1px solid #111111;padding: 8px;\"><span style=\"font-weight:bold;\">Age</span> 25 YRS</td>\r\n<td>Sex Female</td>\r\n</tr>\r\n<tr>\r\n<td style=\"text-align: left;border: 1px solid #111111;padding: 8px;font-weight:bold;\">Ref By</td>\r\n<td colspan=\"3\" style=\"border: 1px solid #111111;padding: 8px;\">: Dr.Md.Younus Khan</td>\r\n</tr>\r\n<tr>\r\n<td style=\"text-align: left;border: 1px solid #111111;padding: 8px;font-weight:bold;\">Speciman</td>\r\n<td colspan=\"3\" style=\"border: 1px solid #111111;padding: 8px;\">: &nbsp;Blood</td>\r\n</tr>\r\n</tbody>\r\n</table>\r\n</div>\r\n<h1 style=\"text-align: center; color: green; font-weight: bold; margin: 0 auto; border: 1px solid #111111; width: 350px; box-shadow: 5px 10px #888888; margin-bottom: 30px;\">Serology Report</h1>\r\n<div style=\"margin: 0 auto;\">\r\n<h3 style=\"text-align: center; font-weight: bold; margin: 0 auto; margin-bottom: 30px;\">Tests are carried out by :</h3>\r\n</div>\r\n<table style=\"margin: 0 auto; width: 80%; margin-bottom: 20px; text-align: center;border-collapse: collapse;\">\r\n<thead>\r\n\r\n<tr>\r\n<td style=\"border: 1px solid #111111;padding: 8px;font-weight:bold;\">Test</td>\r\n<td style=\"border: 1px solid #111111;padding: 8px;font-weight:bold;\">Result</td>\r\n<td style=\"border: 1px solid #111111;padding: 8px;font-weight:bold;\">Reference Value</td>\r\n</tr>\r\n</thead>\r\n<tbody>\r\n<tr>\r\n<td style=\"border: 1px solid #111111;padding: 8px;\">RA/RF Titre </td>\r\n<td style=\"border: 1px solid #111111;padding: 8px;\">Negative (-ve)</td>\r\n<td style=\"border: 1px solid #111111;padding: 8px;\">:</td>\r\n</tr>\r\n\r\n</tbody>\r\n</table>\r\n<div class=\"main\" style=\"background-color: ; width: 80%; margin: 0 auto;\">\r\n<div class=\"left\" style=\"display: table-cell; width: 330px; padding: 20px; background-color:;\"><img src=\"back_assets/doc_sign_1.png\" alt=\"\"></div>\r\n<div class=\"middle\" style=\"display: table-cell; width: 330px; text-align: center; background-color:; padding: 20px;\"><img src=\"back_assets/doc_sign_1.png\" alt=\"\"></div>\r\n<div class=\"right\" style=\"display: table-cell; width: 330px; padding: 20px; text-align: right; background-color:;\"><img src=\"back_assets/doc_sign_1.png\" alt=\"\"></div>\r\n</div>\r\n\r\n\r\n\r\n\r\n','Blood',3),(10,4,4,'2018-11-07','2018-11-07 20:21:58',NULL,11,NULL,NULL,NULL,1),(11,4,4,'2018-11-07','2018-11-07 20:21:59',NULL,16,NULL,NULL,NULL,1),(12,4,4,'2018-11-07','2018-11-07 20:21:59',NULL,41,NULL,NULL,NULL,1),(13,4,4,'2018-11-07','2018-11-07 20:21:59',NULL,44,NULL,NULL,NULL,1),(14,4,4,'2018-11-07','2018-11-07 20:21:59',NULL,28,NULL,NULL,NULL,1),(15,6,5,'2018-11-07','2018-11-07 20:24:46',NULL,3,NULL,NULL,NULL,1),(16,6,5,'2018-11-07','2018-11-07 20:24:46',NULL,4,NULL,NULL,NULL,1),(17,6,5,'2018-11-07','2018-11-07 20:24:46',NULL,11,NULL,NULL,NULL,1),(18,6,5,'2018-11-07','2018-11-07 20:24:46',NULL,16,NULL,NULL,NULL,1),(19,6,5,'2018-11-07','2018-11-07 20:24:46',NULL,41,NULL,NULL,NULL,1),(20,6,5,'2018-11-07','2018-11-07 20:24:46',NULL,44,NULL,NULL,NULL,1),(21,6,5,'2018-11-07','2018-11-07 20:24:46',NULL,28,NULL,NULL,NULL,1),(22,6,5,'2018-11-07','2018-11-07 20:24:46','0000-00-00',111,0,'\r\n\r\n\r\n	\r\n\r\n\r\n<p>&nbsp;</p>\r\n<p>&nbsp;</p>\r\n<p>&nbsp;</p>\r\n\r\n<div style=\"width: 80%; margin: 0 auto;\">\r\n<table style=\"margin: 0 auto; width: 100%; margin-bottom: 20px;border-collapse: collapse;\">\r\n<tbody>\r\n<tr>\r\n<td style=\"text-align: left;border: 1px solid #111111;padding: 8px;font-weight:bold;\">ID</td>\r\n<td style=\"text-align: left;border: 1px solid #111111;padding: 8px;\">:06</td>\r\n<td style=\"text-align: right;border:1px solid #111111;padding: 8px;font-weight:bold;\">Rec Date : 07-11-2018</td>\r\n<td style=\"border: 1px solid #111111;padding: 8px;\"><span style=\"font-weight:bold;\">Delivery Date : </span>09-11-2018</td>\r\n</tr>\r\n<tr>\r\n<td style=\"text-align: left;border: 1px solid #111111;padding: 8px;font-weight:bold;\">Patient Name</td>\r\n<td style=\"border: 1px solid #111111;padding: 8px;\">:Mr.Sufi</td>\r\n<td style=\"text-align: right;border: 1px solid #111111;padding: 8px;\"><span style=\"font-weight:bold;\">Age</span> 23 YRS</td>\r\n<td>Sex Female</td>\r\n</tr>\r\n<tr>\r\n<td style=\"text-align: left;border: 1px solid #111111;padding: 8px;font-weight:bold;\">Ref By</td>\r\n<td colspan=\"3\" style=\"border: 1px solid #111111;padding: 8px;\">: Dr.Md.Younus Khan</td>\r\n</tr>\r\n<tr>\r\n<td style=\"text-align: left;border: 1px solid #111111;padding: 8px;font-weight:bold;\">Speciman</td>\r\n<td colspan=\"3\" style=\"border: 1px solid #111111;padding: 8px;\">: &nbsp;Blood</td>\r\n</tr>\r\n</tbody>\r\n</table>\r\n</div>\r\n<h1 style=\"text-align: center; color: green; font-weight: bold; margin: 0 auto; border: 1px solid #111111; width: 350px; box-shadow: 5px 10px #888888; margin-bottom: 30px;\">BIOCHEMISTRY Report</h1>\r\n<div style=\"margin: 0 auto;\">\r\n<h3 style=\"text-align: center; font-weight: bold; margin: 0 auto; margin-bottom: 30px;\">S.Lipid Profile (Fasting)<br></h3><h3 style=\"text-align: center; font-weight: bold; margin: 0 auto; margin-bottom: 30px;\">Tests are carried out by :</h3>\r\n</div>\r\n<table style=\"margin: 0 auto; width: 80%; margin-bottom: 20px; text-align: center;border-collapse: collapse;\">\r\n<thead>\r\n\r\n<tr>\r\n<td style=\"border: 1px solid #111111;padding: 8px;font-weight:bold;\">Test</td>\r\n<td style=\"border: 1px solid #111111;padding: 8px;font-weight:bold;\">Result</td>\r\n<td style=\"border: 1px solid #111111;padding: 8px;font-weight:bold;\">Reference Value</td>\r\n</tr>\r\n</thead>\r\n<tbody>\r\n<tr>\r\n<td style=\"border: 1px solid #111111;padding: 8px;\">S.Cholesterol</td>\r\n<td style=\"border: 1px solid #111111;padding: 8px;\"></td>\r\n<td style=\"border: 1px solid #111111;padding: 8px;\">4.50-11.00 K/uL</td>\r\n</tr><tr><td style=\"border: 1px solid #111111;padding: 8px;\">HDL-S.Cholesterol</td><td style=\"border: 1px solid #111111;padding: 8px;\"><br></td><td style=\"border: 1px solid #111111;padding: 8px;\"><br></td></tr><tr><td style=\"border: 1px solid #111111;padding: 8px;\">LDL-S.Cholesterol</td><td style=\"border: 1px solid #111111;padding: 8px;\"><br></td><td style=\"border: 1px solid #111111;padding: 8px;\"><br></td></tr><tr><td style=\"border: 1px solid #111111;padding: 8px;\">TG</td><td style=\"border: 1px solid #111111;padding: 8px;\"><br></td><td style=\"border: 1px solid #111111;padding: 8px;\"><br></td></tr>\r\n\r\n</tbody>\r\n</table>\r\n<div class=\"main\" style=\"background-color: ; width: 80%; margin: 0 auto;\">\r\n<div class=\"left\" style=\"display: table-cell; width: 330px; padding: 20px; background-color:;\"><img src=\"back_assets/doc_sign_1.png\" alt=\"\"></div>\r\n<div class=\"middle\" style=\"display: table-cell; width: 330px; text-align: center; background-color:; padding: 20px;\"><img src=\"back_assets/doc_sign_1.png\" alt=\"\"></div>\r\n<div class=\"right\" style=\"display: table-cell; width: 330px; padding: 20px; text-align: right; background-color:;\"><img src=\"back_assets/doc_sign_1.png\" alt=\"\"></div>\r\n</div>\r\n\r\n\r\n\r\n\r\n','Blood',3),(23,6,5,'2018-11-07','2018-11-07 20:24:46',NULL,141,NULL,NULL,NULL,1),(24,1,6,'2018-11-07','2018-11-07 20:25:26',NULL,4,NULL,NULL,NULL,1),(25,1,6,'2018-11-07','2018-11-07 20:25:26',NULL,5,NULL,NULL,NULL,1),(26,7,7,'2018-11-07','2018-11-07 21:46:10',NULL,11,NULL,NULL,NULL,1),(27,2,8,'2018-11-07','2018-11-07 21:52:33',NULL,3,NULL,NULL,NULL,1),(28,2,8,'2018-11-07','2018-11-07 21:52:33',NULL,4,NULL,NULL,NULL,1),(29,8,9,'2018-11-08','2018-11-08 10:09:42',NULL,36,NULL,NULL,NULL,1),(30,9,10,'2018-11-09','2018-11-09 09:54:01',NULL,195,NULL,NULL,NULL,1),(31,9,10,'2018-11-09','2018-11-09 09:54:01',NULL,13,NULL,NULL,NULL,1),(32,10,11,'2018-11-09','2018-11-09 10:11:46',NULL,27,NULL,NULL,NULL,1),(33,10,11,'2018-11-09','2018-11-09 10:11:46',NULL,196,NULL,NULL,NULL,1),(34,10,11,'2018-11-09','2018-11-09 10:11:46',NULL,16,NULL,NULL,NULL,1),(35,11,12,'2018-11-09','2018-11-09 10:18:01',NULL,27,NULL,NULL,NULL,1),(36,11,12,'2018-11-09','2018-11-09 10:18:01',NULL,196,NULL,NULL,NULL,1),(37,11,12,'2018-11-09','2018-11-09 10:18:01',NULL,16,NULL,NULL,NULL,1),(38,11,12,'2018-11-09','2018-11-09 10:18:01',NULL,57,NULL,NULL,NULL,1),(39,11,12,'2018-11-09','2018-11-09 10:18:01',NULL,33,NULL,NULL,NULL,1),(40,11,12,'2018-11-09','2018-11-09 10:18:01',NULL,102,NULL,NULL,NULL,1),(41,11,12,'2018-11-09','2018-11-09 10:18:01',NULL,177,NULL,NULL,NULL,1),(42,11,12,'2018-11-09','2018-11-09 10:18:01',NULL,10,NULL,NULL,NULL,1),(43,12,13,'2018-11-09','2018-11-09 10:28:53',NULL,27,NULL,NULL,NULL,1),(44,12,13,'2018-11-09','2018-11-09 10:28:53',NULL,196,NULL,NULL,NULL,1),(45,12,13,'2018-11-09','2018-11-09 10:28:53',NULL,57,NULL,NULL,NULL,1),(46,12,13,'2018-11-09','2018-11-09 10:28:53',NULL,16,NULL,NULL,NULL,1),(47,12,13,'2018-11-09','2018-11-09 10:28:53',NULL,43,NULL,NULL,NULL,1),(48,12,13,'2018-11-09','2018-11-09 10:28:53',NULL,89,NULL,NULL,NULL,1),(49,13,14,'2018-11-09','2018-11-09 10:39:11',NULL,27,NULL,NULL,NULL,1),(50,13,14,'2018-11-09','2018-11-09 10:39:11',NULL,133,NULL,NULL,NULL,1),(51,13,14,'2018-11-09','2018-11-09 10:39:11',NULL,150,NULL,NULL,NULL,1),(52,13,14,'2018-11-09','2018-11-09 10:39:11',NULL,10,NULL,NULL,NULL,1),(53,14,15,'2018-11-09','2018-11-09 10:43:22',NULL,141,NULL,NULL,NULL,1),(54,14,16,'2018-11-09','2018-11-09 10:50:01',NULL,196,NULL,NULL,NULL,1),(55,14,16,'2018-11-09','2018-11-09 10:50:01',NULL,16,NULL,NULL,NULL,1),(56,15,17,'2018-11-09','2018-11-09 10:52:58',NULL,27,NULL,NULL,NULL,1),(57,15,17,'2018-11-09','2018-11-09 10:52:58',NULL,9,NULL,NULL,NULL,1),(58,15,17,'2018-11-09','2018-11-09 10:52:58',NULL,57,NULL,NULL,NULL,1),(59,16,18,'2018-11-09','2018-11-09 10:57:00',NULL,177,NULL,NULL,NULL,1),(60,17,19,'2018-11-09','2018-11-09 11:03:09',NULL,27,NULL,NULL,NULL,1),(61,17,19,'2018-11-09','2018-11-09 11:03:09',NULL,196,NULL,NULL,NULL,1),(62,17,19,'2018-11-09','2018-11-09 11:03:10',NULL,16,NULL,NULL,NULL,1),(63,17,19,'2018-11-09','2018-11-09 11:03:10',NULL,186,NULL,NULL,NULL,1),(64,17,19,'2018-11-09','2018-11-09 11:03:10',NULL,6,NULL,NULL,NULL,1),(65,17,19,'2018-11-09','2018-11-09 11:03:10',NULL,20,NULL,NULL,NULL,1),(66,17,19,'2018-11-09','2018-11-09 11:03:10',NULL,33,NULL,NULL,NULL,1),(67,17,19,'2018-11-09','2018-11-09 11:03:10',NULL,112,NULL,NULL,NULL,1),(68,18,20,'2018-11-09','2018-11-09 11:09:50',NULL,43,NULL,NULL,NULL,1),(69,18,20,'2018-11-09','2018-11-09 11:09:50',NULL,16,NULL,NULL,NULL,1),(70,18,20,'2018-11-09','2018-11-09 11:09:50',NULL,20,NULL,NULL,NULL,1),(71,19,21,'2018-11-09','2018-11-09 11:13:21',NULL,177,NULL,NULL,NULL,1),(72,19,21,'2018-11-09','2018-11-09 11:13:21',NULL,27,NULL,NULL,NULL,1),(73,19,21,'2018-11-09','2018-11-09 11:13:21',NULL,57,NULL,NULL,NULL,1),(74,19,21,'2018-11-09','2018-11-09 11:13:21',NULL,9,NULL,NULL,NULL,1),(75,19,21,'2018-11-09','2018-11-09 11:13:22',NULL,196,NULL,NULL,NULL,1),(76,19,21,'2018-11-09','2018-11-09 11:13:22',NULL,16,NULL,NULL,NULL,1),(77,19,22,'2018-11-09','2018-11-09 11:18:08',NULL,27,NULL,NULL,NULL,1),(78,19,22,'2018-11-09','2018-11-09 11:18:08',NULL,177,NULL,NULL,NULL,1),(79,19,22,'2018-11-09','2018-11-09 11:18:08',NULL,196,NULL,NULL,NULL,1),(80,19,22,'2018-11-09','2018-11-09 11:18:08',NULL,16,NULL,NULL,NULL,1),(81,19,22,'2018-11-09','2018-11-09 11:18:08',NULL,57,NULL,NULL,NULL,1),(82,20,23,'2018-11-09','2018-11-09 11:33:03',NULL,27,NULL,NULL,NULL,1),(83,20,23,'2018-11-09','2018-11-09 11:33:03',NULL,196,NULL,NULL,NULL,1),(84,20,23,'2018-11-09','2018-11-09 11:33:03',NULL,16,NULL,NULL,NULL,1),(85,21,24,'2018-11-09','2018-11-09 11:50:28',NULL,27,NULL,NULL,NULL,1),(86,21,24,'2018-11-09','2018-11-09 11:50:28',NULL,10,NULL,NULL,NULL,1),(87,21,24,'2018-11-09','2018-11-09 11:50:28',NULL,196,NULL,NULL,NULL,1),(88,21,24,'2018-11-09','2018-11-09 11:50:28',NULL,186,NULL,NULL,NULL,1),(89,21,24,'2018-11-09','2018-11-09 11:50:28',NULL,6,NULL,NULL,NULL,1),(90,21,24,'2018-11-09','2018-11-09 11:50:28',NULL,57,NULL,NULL,NULL,1),(91,21,24,'2018-11-09','2018-11-09 11:50:28',NULL,33,NULL,NULL,NULL,1),(92,9,25,'2018-11-09','2018-11-09 12:04:56',NULL,43,NULL,NULL,NULL,1),(93,22,26,'2018-11-09','2018-11-09 12:11:10',NULL,43,NULL,NULL,NULL,1),(94,22,26,'2018-11-09','2018-11-09 12:11:10',NULL,33,NULL,NULL,NULL,1),(95,22,26,'2018-11-09','2018-11-09 12:11:10',NULL,16,NULL,NULL,NULL,1),(96,22,26,'2018-11-09','2018-11-09 12:11:10',NULL,112,NULL,NULL,NULL,1),(97,22,27,'2018-11-09','2018-11-09 12:15:45',NULL,27,NULL,NULL,NULL,1),(98,22,27,'2018-11-09','2018-11-09 12:15:45',NULL,196,NULL,NULL,NULL,1),(99,22,27,'2018-11-09','2018-11-09 12:15:45',NULL,86,NULL,NULL,NULL,1),(100,24,28,'2018-11-09','2018-11-09 12:29:32',NULL,27,NULL,NULL,NULL,1),(101,24,28,'2018-11-09','2018-11-09 12:29:32',NULL,196,NULL,NULL,NULL,1),(102,24,28,'2018-11-09','2018-11-09 12:29:32',NULL,16,NULL,NULL,NULL,1),(103,24,28,'2018-11-09','2018-11-09 12:29:32',NULL,43,NULL,NULL,NULL,1),(104,24,28,'2018-11-09','2018-11-09 12:29:32',NULL,57,NULL,NULL,NULL,1),(105,24,28,'2018-11-09','2018-11-09 12:29:32',NULL,89,NULL,NULL,NULL,1),(106,25,29,'2018-11-09','2018-11-09 12:42:03',NULL,27,NULL,NULL,NULL,1),(107,25,29,'2018-11-09','2018-11-09 12:42:03',NULL,58,NULL,NULL,NULL,1),(108,25,29,'2018-11-09','2018-11-09 12:42:03',NULL,196,NULL,NULL,NULL,1),(109,25,29,'2018-11-09','2018-11-09 12:42:03',NULL,197,NULL,NULL,NULL,1),(110,25,29,'2018-11-09','2018-11-09 12:42:03',NULL,23,NULL,NULL,NULL,1),(111,25,29,'2018-11-09','2018-11-09 12:42:03',NULL,16,NULL,NULL,NULL,1),(112,25,29,'2018-11-09','2018-11-09 12:42:03',NULL,20,NULL,NULL,NULL,1),(113,25,29,'2018-11-09','2018-11-09 12:42:03',NULL,186,NULL,NULL,NULL,1),(114,25,29,'2018-11-09','2018-11-09 12:42:03',NULL,86,NULL,NULL,NULL,1),(115,26,30,'2018-11-09','2018-11-09 12:45:38',NULL,33,NULL,NULL,NULL,1),(116,26,30,'2018-11-09','2018-11-09 12:45:38',NULL,27,NULL,NULL,NULL,1),(117,26,30,'2018-11-09','2018-11-09 12:45:38',NULL,196,NULL,NULL,NULL,1),(118,26,30,'2018-11-09','2018-11-09 12:45:38',NULL,16,NULL,NULL,NULL,1),(119,26,30,'2018-11-09','2018-11-09 12:45:38',NULL,177,NULL,NULL,NULL,1),(120,26,30,'2018-11-09','2018-11-09 12:45:38',NULL,86,NULL,NULL,NULL,1),(121,27,31,'2018-11-09','2018-11-09 12:56:28',NULL,27,NULL,NULL,NULL,1),(122,27,31,'2018-11-09','2018-11-09 12:56:28',NULL,8,NULL,NULL,NULL,1),(123,27,31,'2018-11-09','2018-11-09 12:56:28',NULL,6,NULL,NULL,NULL,1),(124,27,31,'2018-11-09','2018-11-09 12:56:28',NULL,23,NULL,NULL,NULL,1),(125,27,31,'2018-11-09','2018-11-09 12:56:28',NULL,16,NULL,NULL,NULL,1),(126,28,32,'2018-11-09','2018-11-09 13:16:29',NULL,196,NULL,NULL,NULL,1),(127,30,33,'2018-11-09','2018-11-09 13:21:07',NULL,84,NULL,NULL,NULL,1),(128,30,33,'2018-11-09','2018-11-09 13:21:07',NULL,196,NULL,NULL,NULL,1),(129,31,34,'2018-11-09','2018-11-09 13:24:30',NULL,33,NULL,NULL,NULL,1),(130,32,35,'2018-11-09','2018-11-09 13:29:52',NULL,177,NULL,NULL,NULL,1),(131,32,35,'2018-11-09','2018-11-09 13:29:52',NULL,85,NULL,NULL,NULL,1),(132,32,35,'2018-11-09','2018-11-09 13:29:52',NULL,89,NULL,NULL,NULL,1),(133,32,35,'2018-11-09','2018-11-09 13:29:52',NULL,16,NULL,NULL,NULL,1),(134,33,36,'2018-11-09','2018-11-09 13:34:20',NULL,27,NULL,NULL,NULL,1),(135,34,37,'2018-11-09','2018-11-09 13:56:40',NULL,33,NULL,NULL,NULL,1),(136,35,38,'2018-11-09','2018-11-09 14:24:43',NULL,33,NULL,NULL,NULL,1),(137,36,39,'2018-11-09','2018-11-09 14:30:38',NULL,27,NULL,NULL,NULL,1),(138,36,39,'2018-11-09','2018-11-09 14:30:38',NULL,57,NULL,NULL,NULL,1),(139,36,39,'2018-11-09','2018-11-09 14:30:38',NULL,186,NULL,NULL,NULL,1),(140,36,39,'2018-11-09','2018-11-09 14:30:38','0000-00-00',20,0,'<!DOCTYPE html>\r\n<html>\r\n<head>\r\n	\r\n</head>\r\n<body>\r\n<p> </p>\r\n<p> </p>\r\n<p> </p>\r\n\r\n<div style=\"width: 80%; margin: 0 auto;\">\r\n<table style=\"margin: 0 auto; width: 100%; margin-bottom: 20px;border-collapse: collapse;\">\r\n<tbody>\r\n<tr>\r\n<td style=\"text-align: left;border: 1px solid #111111;padding: 8px;font-weight:bold;\">ID</td>\r\n<td style=\"text-align: left;border: 1px solid #111111;padding: 8px;\">:036</td>\r\n<td style=\"text-align: right;border:1px solid #111111;padding: 8px;font-weight:bold;\">Rec Date : 09-11-2018</td>\r\n<td style=\"border: 1px solid #111111;padding: 8px;\"><span style=\"font-weight:bold;\">Delivery Date : </span>11-11-2018</td>\r\n</tr>\r\n<tr>\r\n<td style=\"text-align: left;border: 1px solid #111111;padding: 8px;font-weight:bold;\">Patient Name</td>\r\n<td style=\"border: 1px solid #111111;padding: 8px;\">:Sabber hosen</td>\r\n<td style=\"text-align: right;border: 1px solid #111111;padding: 8px;\"><span style=\"font-weight:bold;\">Age</span> 21 YRS</td>\r\n<td>Sex Female</td>\r\n</tr>\r\n<tr>\r\n<td style=\"text-align: left;border: 1px solid #111111;padding: 8px;font-weight:bold;\">Ref By</td>\r\n<td colspan=\"3\" style=\"border: 1px solid #111111;padding: 8px;\">: Dr.Md.Younus Khan</td>\r\n</tr>\r\n<tr>\r\n<td style=\"text-align: left;border: 1px solid #111111;padding: 8px;font-weight:bold;\">Speciman</td>\r\n<td colspan=\"3\" style=\"border: 1px solid #111111;padding: 8px;\">:  Blood</td>\r\n</tr>\r\n</tbody>\r\n</table>\r\n</div>\r\n<h1 style=\"text-align: center; color: green; font-weight: bold; margin: 0 auto; border: 1px solid #111111; width: 350px; box-shadow: 5px 10px #888888; margin-bottom: 30px;\">BIOCHEMISTRY Report</h1>\r\n<div style=\"margin: 0 auto;\">\r\n<h3 style=\"text-align: center; font-weight: bold; margin: 0 auto; margin-bottom: 30px;\">Tests are carried out by :</h3>\r\n</div>\r\n<table style=\"margin: 0 auto; width: 80%; margin-bottom: 20px; text-align: center;border-collapse: collapse;\">\r\n<thead>\r\n\r\n<tr>\r\n<td style=\"border: 1px solid #111111;padding: 8px;font-weight:bold;\">Test</td>\r\n<td style=\"border: 1px solid #111111;padding: 8px;font-weight:bold;\">Result</td>\r\n<td style=\"border: 1px solid #111111;padding: 8px;font-weight:bold;\">Reference Value</td>\r\n</tr>\r\n</thead>\r\n<tbody>\r\n<tr>\r\n<td style=\"border: 1px solid #111111;padding: 8px;\">S.Billirubin Total</td>\r\n<td style=\"border: 1px solid #111111;padding: 8px;\"></td>\r\n<td style=\"border: 1px solid #111111;padding: 8px;\">4.50-11.00 K/uL</td>\r\n</tr>\r\n\r\n</tbody>\r\n</table>\r\n<div class=\"main\" style=\"background-color: ; width: 80%; margin: 0 auto;\">\r\n<div class=\"left\" style=\"display: table-cell; width: 330px; padding: 20px; background-color:;\"><img src=\"back_assets/doc_sign_1.png\" alt=\"\" /></div>\r\n<div class=\"middle\" style=\"display: table-cell; width: 330px; text-align: center; background-color:; padding: 20px;\"><img src=\"back_assets/doc_sign_1.png\" alt=\"\" /></div>\r\n<div class=\"right\" style=\"display: table-cell; width: 330px; padding: 20px; text-align: right; background-color:;\"><img src=\"back_assets/doc_sign_1.png\" alt=\"\" /></div>\r\n</div>\r\n</body>\r\n</html>\r\n\r\n\r\n','Blood',3),(141,36,39,'2018-11-09','2018-11-09 14:30:38',NULL,196,NULL,NULL,NULL,1),(142,36,39,'2018-11-09','2018-11-09 14:30:38',NULL,16,NULL,NULL,NULL,1),(143,37,40,'2018-11-09','2018-11-09 14:37:25',NULL,85,NULL,NULL,NULL,1),(144,37,40,'2018-11-09','2018-11-09 14:37:25',NULL,196,NULL,NULL,NULL,1),(145,38,41,'2018-11-09','2018-11-09 14:39:43',NULL,186,NULL,NULL,NULL,1),(146,39,42,'2018-11-09','2018-11-09 14:41:47',NULL,186,NULL,NULL,NULL,1),(147,39,42,'2018-11-09','2018-11-09 14:41:48',NULL,23,NULL,NULL,NULL,1),(148,40,43,'2018-11-09','2018-11-09 14:53:42',NULL,177,NULL,NULL,NULL,1),(149,41,44,'2018-11-09','2018-11-09 15:02:21',NULL,27,NULL,NULL,NULL,1),(150,41,44,'2018-11-09','2018-11-09 15:02:21',NULL,57,NULL,NULL,NULL,1),(151,41,44,'2018-11-09','2018-11-09 15:02:21',NULL,196,NULL,NULL,NULL,1),(152,41,44,'2018-11-09','2018-11-09 15:02:21',NULL,16,NULL,NULL,NULL,1),(153,41,44,'2018-11-09','2018-11-09 15:02:21',NULL,69,NULL,NULL,NULL,1),(154,42,45,'2018-11-09','2018-11-09 15:42:28',NULL,196,NULL,NULL,NULL,1),(155,42,45,'2018-11-09','2018-11-09 15:42:28',NULL,177,NULL,NULL,NULL,1),(156,42,45,'2018-11-09','2018-11-09 15:42:28',NULL,86,NULL,NULL,NULL,1),(157,43,46,'2018-11-09','2018-11-09 16:53:39',NULL,27,NULL,NULL,NULL,1),(158,43,46,'2018-11-09','2018-11-09 16:53:39',NULL,196,NULL,NULL,NULL,1),(159,43,46,'2018-11-09','2018-11-09 16:53:39',NULL,16,NULL,NULL,NULL,1),(160,43,46,'2018-11-09','2018-11-09 16:53:39',NULL,177,NULL,NULL,NULL,1),(161,41,47,'2018-11-09','2018-11-09 17:06:56',NULL,9,NULL,NULL,NULL,1),(162,45,48,'2018-11-10','2018-11-10 11:02:57',NULL,27,NULL,NULL,NULL,1),(163,45,48,'2018-11-10','2018-11-10 11:02:57',NULL,33,NULL,NULL,NULL,1),(164,45,49,'2018-11-10','2018-11-10 11:06:13',NULL,196,NULL,NULL,NULL,1),(165,45,49,'2018-11-10','2018-11-10 11:06:13',NULL,177,NULL,NULL,NULL,1),(166,45,49,'2018-11-10','2018-11-10 11:06:13',NULL,16,NULL,NULL,NULL,1),(167,45,49,'2018-11-10','2018-11-10 11:06:13',NULL,57,NULL,NULL,NULL,1),(168,45,49,'2018-11-10','2018-11-10 11:06:13',NULL,43,NULL,NULL,NULL,1),(169,45,49,'2018-11-10','2018-11-10 11:06:13',NULL,89,NULL,NULL,NULL,1),(170,46,50,'2018-11-10','2018-11-10 11:19:28',NULL,27,NULL,NULL,NULL,1),(171,46,50,'2018-11-10','2018-11-10 11:19:28',NULL,196,NULL,NULL,NULL,1),(172,46,50,'2018-11-10','2018-11-10 11:19:28',NULL,16,NULL,NULL,NULL,1),(173,46,50,'2018-11-10','2018-11-10 11:19:28',NULL,177,NULL,NULL,NULL,1),(174,46,50,'2018-11-10','2018-11-10 11:19:28',NULL,86,NULL,NULL,NULL,1),(175,47,51,'2018-11-10','2018-11-10 11:22:49',NULL,196,NULL,NULL,NULL,1),(176,47,51,'2018-11-10','2018-11-10 11:22:49',NULL,141,NULL,NULL,NULL,1),(177,48,52,'2018-11-10','2018-11-10 11:25:16',NULL,111,NULL,NULL,NULL,1),(178,49,53,'2018-11-10','2018-11-10 11:29:59',NULL,27,NULL,NULL,NULL,1),(179,49,53,'2018-11-10','2018-11-10 11:29:59',NULL,196,NULL,NULL,NULL,1),(180,49,53,'2018-11-10','2018-11-10 11:29:59',NULL,16,NULL,NULL,NULL,1),(181,49,53,'2018-11-10','2018-11-10 11:29:59',NULL,177,NULL,NULL,NULL,1),(182,49,53,'2018-11-10','2018-11-10 11:29:59',NULL,86,NULL,NULL,NULL,1),(183,50,54,'2018-11-10','2018-11-10 11:38:07',NULL,43,NULL,NULL,NULL,1),(184,50,54,'2018-11-10','2018-11-10 11:38:07',NULL,196,NULL,NULL,NULL,1),(185,51,55,'2018-11-10','2018-11-10 11:48:02',NULL,118,NULL,NULL,NULL,1),(186,51,55,'2018-11-10','2018-11-10 11:48:02',NULL,10,NULL,NULL,NULL,1),(187,51,55,'2018-11-10','2018-11-10 11:48:02',NULL,86,NULL,NULL,NULL,1),(188,52,56,'2018-11-10','2018-11-10 11:56:26',NULL,43,NULL,NULL,NULL,1),(189,53,57,'2018-11-10','2018-11-10 12:13:51',NULL,36,NULL,NULL,NULL,1),(190,54,58,'2018-11-10','2018-11-10 12:22:10',NULL,27,NULL,NULL,NULL,1),(191,54,58,'2018-11-10','2018-11-10 12:22:10',NULL,57,NULL,NULL,NULL,1),(192,54,58,'2018-11-10','2018-11-10 12:22:10',NULL,196,NULL,NULL,NULL,1),(193,54,58,'2018-11-10','2018-11-10 12:22:10',NULL,177,NULL,NULL,NULL,1),(194,54,58,'2018-11-10','2018-11-10 12:22:10',NULL,16,NULL,NULL,NULL,1),(195,54,58,'2018-11-10','2018-11-10 12:22:10',NULL,43,NULL,NULL,NULL,1),(196,54,58,'2018-11-10','2018-11-10 12:22:10',NULL,89,NULL,NULL,NULL,1),(197,55,59,'2018-11-10','2018-11-10 12:29:02',NULL,27,NULL,NULL,NULL,1),(198,55,59,'2018-11-10','2018-11-10 12:29:03',NULL,196,NULL,NULL,NULL,1),(199,55,59,'2018-11-10','2018-11-10 12:29:03',NULL,16,NULL,NULL,NULL,1),(200,55,59,'2018-11-10','2018-11-10 12:29:03',NULL,23,NULL,NULL,NULL,1),(201,29,60,'2018-11-10','2018-11-10 13:26:12',NULL,27,NULL,NULL,NULL,1),(202,29,60,'2018-11-10','2018-11-10 13:26:13',NULL,196,NULL,NULL,NULL,1),(203,29,60,'2018-11-10','2018-11-10 13:26:13',NULL,16,NULL,NULL,NULL,1),(204,29,60,'2018-11-10','2018-11-10 13:26:13',NULL,57,NULL,NULL,NULL,1),(205,29,60,'2018-11-10','2018-11-10 13:26:13',NULL,177,NULL,NULL,NULL,1),(206,29,60,'2018-11-10','2018-11-10 13:26:13',NULL,86,NULL,NULL,NULL,1),(207,57,61,'2018-11-10','2018-11-10 13:28:23',NULL,196,NULL,NULL,NULL,1),(208,57,61,'2018-11-10','2018-11-10 13:28:23',NULL,16,NULL,NULL,NULL,1),(209,57,61,'2018-11-10','2018-11-10 13:28:23',NULL,177,NULL,NULL,NULL,1),(210,57,61,'2018-11-10','2018-11-10 13:28:23',NULL,86,NULL,NULL,NULL,1),(211,58,62,'2018-11-10','2018-11-10 13:33:35',NULL,197,NULL,NULL,NULL,1),(212,59,63,'2018-11-10','2018-11-10 14:25:30',NULL,196,NULL,NULL,NULL,1),(213,59,63,'2018-11-10','2018-11-10 14:25:30',NULL,57,NULL,NULL,NULL,1),(214,59,63,'2018-11-10','2018-11-10 14:25:30',NULL,43,NULL,NULL,NULL,1),(215,59,63,'2018-11-10','2018-11-10 14:25:30',NULL,33,NULL,NULL,NULL,1),(216,60,64,'2018-11-10','2018-11-10 14:30:04',NULL,33,NULL,NULL,NULL,1),(217,60,64,'2018-11-10','2018-11-10 14:30:04',NULL,57,NULL,NULL,NULL,1),(218,61,65,'2018-11-10','2018-11-10 15:40:46',NULL,27,NULL,NULL,NULL,1),(219,61,65,'2018-11-10','2018-11-10 15:40:46',NULL,57,NULL,NULL,NULL,1),(220,61,65,'2018-11-10','2018-11-10 15:40:46',NULL,43,NULL,NULL,NULL,1),(221,61,65,'2018-11-10','2018-11-10 15:40:46',NULL,196,NULL,NULL,NULL,1),(222,61,65,'2018-11-10','2018-11-10 15:40:46',NULL,16,NULL,NULL,NULL,1),(223,61,65,'2018-11-10','2018-11-10 15:40:46',NULL,177,NULL,NULL,NULL,1),(224,61,65,'2018-11-10','2018-11-10 15:40:46',NULL,86,NULL,NULL,NULL,1),(225,62,66,'2018-11-10','2018-11-10 15:52:29',NULL,27,NULL,NULL,NULL,1),(226,62,66,'2018-11-10','2018-11-10 15:52:29',NULL,196,NULL,NULL,NULL,1),(227,62,66,'2018-11-10','2018-11-10 15:52:29',NULL,23,NULL,NULL,NULL,1),(228,62,66,'2018-11-10','2018-11-10 15:52:29',NULL,16,NULL,NULL,NULL,1),(229,62,66,'2018-11-10','2018-11-10 15:52:29',NULL,8,NULL,NULL,NULL,1),(230,62,66,'2018-11-10','2018-11-10 15:52:29',NULL,43,NULL,NULL,NULL,1),(231,63,67,'2018-11-10','2018-11-10 16:07:45',NULL,16,NULL,NULL,NULL,1),(232,64,68,'2018-11-10','2018-11-10 16:19:20',NULL,43,NULL,NULL,NULL,1),(233,64,68,'2018-11-10','2018-11-10 16:19:20',NULL,196,NULL,NULL,NULL,1),(234,64,68,'2018-11-10','2018-11-10 16:19:20',NULL,186,NULL,NULL,NULL,1),(235,65,69,'2018-11-10','2018-11-10 16:34:22',NULL,196,NULL,NULL,NULL,1),(236,66,70,'2018-11-10','2018-11-10 17:14:32',NULL,86,NULL,NULL,NULL,1),(237,66,70,'2018-11-10','2018-11-10 17:14:33',NULL,23,NULL,NULL,NULL,1),(238,66,70,'2018-11-10','2018-11-10 17:14:33',NULL,196,NULL,NULL,NULL,1),(239,66,70,'2018-11-10','2018-11-10 17:14:33',NULL,20,NULL,NULL,NULL,1),(240,67,71,'2018-11-10','2018-11-10 18:09:47',NULL,27,NULL,NULL,NULL,1),(241,67,71,'2018-11-10','2018-11-10 18:09:47',NULL,196,NULL,NULL,NULL,1),(242,67,71,'2018-11-10','2018-11-10 18:09:47',NULL,16,NULL,NULL,NULL,1),(243,67,71,'2018-11-10','2018-11-10 18:09:47',NULL,33,NULL,NULL,NULL,1),(244,67,71,'2018-11-10','2018-11-10 18:09:47',NULL,154,NULL,NULL,NULL,1),(245,68,72,'2018-11-10','2018-11-10 18:12:04',NULL,89,NULL,NULL,NULL,1),(246,68,72,'2018-11-10','2018-11-10 18:12:04',NULL,196,NULL,NULL,NULL,1),(247,68,72,'2018-11-10','2018-11-10 18:12:04',NULL,16,NULL,NULL,NULL,1),(248,69,73,'2018-11-10','2018-11-10 19:02:16',NULL,10,NULL,NULL,NULL,1),(249,70,74,'2018-11-10','2018-11-10 21:13:34',NULL,27,NULL,NULL,NULL,1),(250,70,74,'2018-11-10','2018-11-10 21:13:34',NULL,108,NULL,NULL,NULL,1),(251,70,74,'2018-11-10','2018-11-10 21:13:34',NULL,8,NULL,NULL,NULL,1),(252,70,74,'2018-11-10','2018-11-10 21:13:34',NULL,57,NULL,NULL,NULL,1),(253,71,75,'2018-11-11','2018-11-11 10:23:24',NULL,10,NULL,NULL,NULL,1),(254,71,75,'2018-11-11','2018-11-11 10:23:24',NULL,186,NULL,NULL,NULL,1),(255,71,75,'2018-11-11','2018-11-11 10:23:24',NULL,6,NULL,NULL,NULL,1),(256,71,75,'2018-11-11','2018-11-11 10:23:25',NULL,16,NULL,NULL,NULL,1),(257,72,76,'2018-11-11','2018-11-11 10:53:31',NULL,195,NULL,NULL,NULL,1),(258,72,76,'2018-11-11','2018-11-11 10:53:31',NULL,13,NULL,NULL,NULL,1),(259,72,76,'2018-11-11','2018-11-11 10:53:31',NULL,43,NULL,NULL,NULL,1),(260,73,77,'2018-11-11','2018-11-11 10:56:42',NULL,28,NULL,NULL,NULL,1),(261,73,77,'2018-11-11','2018-11-11 10:56:42',NULL,186,NULL,NULL,NULL,1),(262,73,77,'2018-11-11','2018-11-11 10:56:42',NULL,10,NULL,NULL,NULL,1),(263,74,78,'2018-11-11','2018-11-11 11:04:34',NULL,10,NULL,NULL,NULL,1),(264,74,78,'2018-11-11','2018-11-11 11:04:34',NULL,186,NULL,NULL,NULL,1),(265,74,78,'2018-11-11','2018-11-11 11:04:34',NULL,6,NULL,NULL,NULL,1),(266,74,78,'2018-11-11','2018-11-11 11:04:34',NULL,199,NULL,NULL,NULL,1),(267,74,78,'2018-11-11','2018-11-11 11:04:34',NULL,200,NULL,NULL,NULL,1),(268,75,79,'2018-11-11','2018-11-11 11:40:27',NULL,27,NULL,NULL,NULL,1),(269,75,79,'2018-11-11','2018-11-11 11:40:27',NULL,9,NULL,NULL,NULL,1),(270,75,79,'2018-11-11','2018-11-11 11:40:27','0000-00-00',196,0,'\r\n\r\n\r\n	\r\n\r\n\r\n<p>&nbsp;</p>\r\n<p>&nbsp;</p>\r\n<p>&nbsp;</p>\r\n\r\n<div style=\"width: 80%; margin: 0 auto;\">\r\n<table style=\"margin: 0 auto; width: 100%; margin-bottom: 20px;border-collapse: collapse;\">\r\n<tbody>\r\n<tr>\r\n<td style=\"text-align: left;border: 1px solid #111111;padding: 8px;font-weight:bold;\">ID</td>\r\n<td style=\"text-align: left;border: 1px solid #111111;padding: 8px;\">:075</td>\r\n<td style=\"text-align: right;border:1px solid #111111;padding: 8px;font-weight:bold;\">Rec Date : 11-11-2018</td>\r\n<td style=\"border: 1px solid #111111;padding: 8px;\"><span style=\"font-weight:bold;\">Delivery Date : </span>13-11-2018</td>\r\n</tr>\r\n<tr>\r\n<td style=\"text-align: left;border: 1px solid #111111;padding: 8px;font-weight:bold;\">Patient Name</td>\r\n<td style=\"border: 1px solid #111111;padding: 8px;\">:Kamal Gazi</td>\r\n<td style=\"text-align: right;border: 1px solid #111111;padding: 8px;\"><span style=\"font-weight:bold;\">Age</span> 26 YRS</td>\r\n<td>Sex Female</td>\r\n</tr>\r\n<tr>\r\n<td style=\"text-align: left;border: 1px solid #111111;padding: 8px;font-weight:bold;\">Ref By</td>\r\n<td colspan=\"3\" style=\"border: 1px solid #111111;padding: 8px;\">: Dr.Md.Younus Khan</td>\r\n</tr>\r\n<tr>\r\n<td style=\"text-align: left;border: 1px solid #111111;padding: 8px;font-weight:bold;\">Speciman</td>\r\n<td colspan=\"3\" style=\"border: 1px solid #111111;padding: 8px;\">: &nbsp;Blood</td>\r\n</tr>\r\n</tbody>\r\n</table>\r\n</div>\r\n<h1 style=\"text-align: center; color: green; font-weight: bold; margin: 0 auto; border: 1px solid #111111; width: 350px; box-shadow: 5px 10px #888888; margin-bottom: 30px;\">BIOCHEMISTRY Report</h1>\r\n<div style=\"margin: 0 auto;\">\r\n<h3 style=\"text-align: center; font-weight: bold; margin: 0 auto; margin-bottom: 30px;\">Tests are carried out by :</h3>\r\n</div>\r\n<table style=\"margin: 0 auto; width: 80%; margin-bottom: 20px; text-align: center;border-collapse: collapse;\">\r\n<thead>\r\n\r\n<tr>\r\n<td style=\"border: 1px solid #111111;padding: 8px;font-weight:bold;\">Test</td>\r\n<td style=\"border: 1px solid #111111;padding: 8px;font-weight:bold;\">Result</td>\r\n<td style=\"border: 1px solid #111111;padding: 8px;font-weight:bold;\">Reference Value</td>\r\n</tr>\r\n</thead>\r\n<tbody>\r\n<tr>\r\n<td style=\"border: 1px solid #111111;padding: 8px;\">RBS</td>\r\n<td style=\"border: 1px solid #111111;padding: 8px;\">6.6 mmol/l</td>\r\n<td style=\"border: 1px solid #111111;padding: 8px;\">6.6 mmol/l<br></td>\r\n</tr>\r\n\r\n</tbody>\r\n</table>\r\n<div class=\"main\" style=\"background-color: ; width: 80%; margin: 0 auto;\">\r\n<div class=\"left\" style=\"display: table-cell; width: 330px; padding: 20px; background-color:;\"><img src=\"back_assets/doc_sign_1.png\" alt=\"\"></div>\r\n<div class=\"middle\" style=\"display: table-cell; width: 330px; text-align: center; background-color:; padding: 20px;\"><img src=\"back_assets/doc_sign_1.png\" alt=\"\"></div>\r\n<div class=\"right\" style=\"display: table-cell; width: 330px; padding: 20px; text-align: right; background-color:;\"><img src=\"back_assets/doc_sign_1.png\" alt=\"\"></div>\r\n</div>\r\n\r\n\r\n\r\n\r\n','Blood',3),(271,75,79,'2018-11-11','2018-11-11 11:40:27',NULL,16,NULL,NULL,NULL,1),(272,75,79,'2018-11-11','2018-11-11 11:40:27',NULL,20,NULL,NULL,NULL,1),(273,75,79,'2018-11-11','2018-11-11 11:40:27',NULL,186,NULL,NULL,NULL,1),(274,75,79,'2018-11-11','2018-11-11 11:40:27',NULL,57,NULL,NULL,NULL,1),(275,76,80,'2018-11-11','2018-11-11 12:17:11',NULL,27,NULL,NULL,NULL,1),(276,76,80,'2018-11-11','2018-11-11 12:17:11',NULL,20,NULL,NULL,NULL,1),(277,76,80,'2018-11-11','2018-11-11 12:17:11',NULL,57,NULL,NULL,NULL,1),(278,76,80,'2018-11-11','2018-11-11 12:17:11',NULL,33,NULL,NULL,NULL,1),(279,76,80,'2018-11-11','2018-11-11 12:17:11',NULL,141,NULL,NULL,NULL,1),(280,77,81,'2018-11-11','2018-11-11 12:40:27',NULL,33,NULL,NULL,NULL,1),(281,78,82,'2018-11-11','2018-11-11 12:45:01',NULL,27,NULL,NULL,NULL,1),(282,78,82,'2018-11-11','2018-11-11 12:45:01',NULL,57,NULL,NULL,NULL,1),(283,78,82,'2018-11-11','2018-11-11 12:45:01',NULL,196,NULL,NULL,NULL,1),(284,78,82,'2018-11-11','2018-11-11 12:45:01',NULL,16,NULL,NULL,NULL,1),(285,78,82,'2018-11-11','2018-11-11 12:45:01',NULL,20,NULL,NULL,NULL,1),(286,78,82,'2018-11-11','2018-11-11 12:45:01',NULL,33,NULL,NULL,NULL,1),(287,78,82,'2018-11-11','2018-11-11 12:45:01',NULL,96,NULL,NULL,NULL,1),(288,79,83,'2018-11-11','2018-11-11 13:13:07',NULL,196,NULL,NULL,NULL,1),(289,79,83,'2018-11-11','2018-11-11 13:13:07',NULL,16,NULL,NULL,NULL,1),(290,80,84,'2018-11-11','2018-11-11 13:22:13',NULL,27,NULL,NULL,NULL,1),(291,80,84,'2018-11-11','2018-11-11 13:22:13',NULL,57,NULL,NULL,NULL,1),(292,80,84,'2018-11-11','2018-11-11 13:22:13',NULL,9,NULL,NULL,NULL,1),(293,80,84,'2018-11-11','2018-11-11 13:22:13',NULL,33,NULL,NULL,NULL,1),(294,80,84,'2018-11-11','2018-11-11 13:22:13',NULL,86,NULL,NULL,NULL,1),(295,81,85,'2018-11-11','2018-11-11 14:05:48',NULL,27,NULL,NULL,NULL,1),(296,81,85,'2018-11-11','2018-11-11 14:05:48',NULL,57,NULL,NULL,NULL,1),(297,81,85,'2018-11-11','2018-11-11 14:05:48',NULL,196,NULL,NULL,NULL,1),(298,81,85,'2018-11-11','2018-11-11 14:05:48',NULL,16,NULL,NULL,NULL,1),(299,81,85,'2018-11-11','2018-11-11 14:05:48',NULL,9,NULL,NULL,NULL,1),(300,81,85,'2018-11-11','2018-11-11 14:05:48',NULL,20,NULL,NULL,NULL,1),(301,81,85,'2018-11-11','2018-11-11 14:05:48',NULL,86,NULL,NULL,NULL,1),(302,82,86,'2018-11-11','2018-11-11 14:18:52',NULL,196,NULL,NULL,NULL,1),(303,82,86,'2018-11-11','2018-11-11 14:18:52',NULL,16,NULL,NULL,NULL,1),(304,82,86,'2018-11-11','2018-11-11 14:18:52',NULL,23,NULL,NULL,NULL,1),(305,82,86,'2018-11-11','2018-11-11 14:18:52',NULL,28,NULL,NULL,NULL,1),(306,83,87,'2018-11-11','2018-11-11 14:28:05',NULL,27,NULL,NULL,NULL,1),(307,83,87,'2018-11-11','2018-11-11 14:28:05',NULL,16,NULL,NULL,NULL,1),(308,83,87,'2018-11-11','2018-11-11 14:28:05',NULL,196,NULL,NULL,NULL,1),(309,84,88,'2018-11-11','2018-11-11 15:05:18',NULL,27,NULL,NULL,NULL,1),(310,84,88,'2018-11-11','2018-11-11 15:05:18',NULL,20,NULL,NULL,NULL,1),(311,84,88,'2018-11-11','2018-11-11 15:05:18',NULL,57,NULL,NULL,NULL,1),(312,84,88,'2018-11-11','2018-11-11 15:05:18',NULL,63,NULL,NULL,NULL,1),(313,85,89,'2018-11-11','2018-11-11 17:57:20',NULL,186,NULL,NULL,NULL,1),(314,85,89,'2018-11-11','2018-11-11 17:57:20',NULL,6,NULL,NULL,NULL,1),(315,85,89,'2018-11-11','2018-11-11 17:57:20',NULL,199,NULL,NULL,NULL,1),(316,85,89,'2018-11-11','2018-11-11 17:57:20',NULL,200,NULL,NULL,NULL,1),(317,86,90,'2018-11-11','2018-11-11 18:22:57',NULL,28,NULL,NULL,NULL,1),(318,87,91,'2018-11-12','2018-11-12 11:00:03',NULL,196,NULL,NULL,NULL,1),(319,87,91,'2018-11-12','2018-11-12 11:00:03',NULL,70,NULL,NULL,NULL,1),(320,87,91,'2018-11-12','2018-11-12 11:00:03',NULL,10,NULL,NULL,NULL,1),(321,88,92,'2018-11-12','2018-11-12 11:09:32',NULL,86,NULL,NULL,NULL,1),(322,88,92,'2018-11-12','2018-11-12 11:09:32',NULL,196,NULL,NULL,NULL,1),(323,88,92,'2018-11-12','2018-11-12 11:09:32',NULL,16,NULL,NULL,NULL,1),(324,73,93,'2018-11-12','2018-11-12 11:12:52',NULL,177,NULL,NULL,NULL,1),(325,89,94,'2018-11-12','2018-11-12 11:19:45',NULL,199,NULL,NULL,NULL,1),(326,89,94,'2018-11-12','2018-11-12 11:19:45',NULL,200,NULL,NULL,NULL,1),(327,90,95,'2018-11-12','2018-11-12 11:29:42',NULL,86,NULL,NULL,NULL,1),(328,92,96,'2018-11-12','2018-11-12 11:43:16',NULL,177,NULL,NULL,NULL,1),(329,92,96,'2018-11-12','2018-11-12 11:43:16',NULL,201,NULL,NULL,NULL,1),(330,92,96,'2018-11-12','2018-11-12 11:43:16',NULL,57,NULL,NULL,NULL,1),(331,92,96,'2018-11-12','2018-11-12 11:43:16',NULL,43,NULL,NULL,NULL,1),(332,92,96,'2018-11-12','2018-11-12 11:43:16',NULL,196,NULL,NULL,NULL,1),(333,92,96,'2018-11-12','2018-11-12 11:43:16',NULL,16,NULL,NULL,NULL,1),(334,93,97,'2018-11-12','2018-11-12 12:00:41',NULL,27,NULL,NULL,NULL,1),(335,93,97,'2018-11-12','2018-11-12 12:00:41',NULL,196,NULL,NULL,NULL,1),(336,93,97,'2018-11-12','2018-11-12 12:00:41',NULL,16,NULL,NULL,NULL,1),(337,93,97,'2018-11-12','2018-11-12 12:00:41',NULL,9,NULL,NULL,NULL,1),(338,93,97,'2018-11-12','2018-11-12 12:00:41',NULL,197,NULL,NULL,NULL,1),(339,93,97,'2018-11-12','2018-11-12 12:00:41',NULL,57,NULL,NULL,NULL,1),(340,93,97,'2018-11-12','2018-11-12 12:00:41',NULL,86,NULL,NULL,NULL,1),(341,93,97,'2018-11-12','2018-11-12 12:00:41',NULL,112,NULL,NULL,NULL,1),(342,94,98,'2018-11-12','2018-11-12 12:03:34',NULL,27,NULL,NULL,NULL,1),(343,94,98,'2018-11-12','2018-11-12 12:03:34',NULL,3,NULL,NULL,NULL,1),(344,94,98,'2018-11-12','2018-11-12 12:03:34',NULL,8,NULL,NULL,NULL,1),(345,94,98,'2018-11-12','2018-11-12 12:03:34',NULL,10,NULL,NULL,NULL,1),(346,95,99,'2018-11-12','2018-11-12 12:05:10',NULL,43,NULL,NULL,NULL,1),(347,95,99,'2018-11-12','2018-11-12 12:05:10',NULL,45,NULL,NULL,NULL,1),(348,96,100,'2018-11-12','2018-11-12 12:08:08',NULL,43,NULL,NULL,NULL,1),(349,97,101,'2018-11-12','2018-11-12 12:11:29',NULL,36,NULL,NULL,NULL,1),(350,98,102,'2018-11-12','2018-11-12 12:28:03',NULL,27,NULL,NULL,NULL,1),(351,98,102,'2018-11-12','2018-11-12 12:28:03',NULL,177,NULL,NULL,NULL,1),(352,98,102,'2018-11-12','2018-11-12 12:28:03',NULL,196,NULL,NULL,NULL,1),(353,98,102,'2018-11-12','2018-11-12 12:28:03',NULL,16,NULL,NULL,NULL,1),(354,98,102,'2018-11-12','2018-11-12 12:28:03',NULL,112,NULL,NULL,NULL,1),(355,99,103,'2018-11-12','2018-11-12 12:35:05',NULL,27,NULL,NULL,NULL,1),(356,99,103,'2018-11-12','2018-11-12 12:35:05',NULL,20,NULL,NULL,NULL,1),(357,99,103,'2018-11-12','2018-11-12 12:35:05',NULL,57,NULL,NULL,NULL,1),(358,99,103,'2018-11-12','2018-11-12 12:35:05',NULL,9,NULL,NULL,NULL,1),(359,99,103,'2018-11-12','2018-11-12 12:35:05',NULL,177,NULL,NULL,NULL,1),(360,99,103,'2018-11-12','2018-11-12 12:35:05',NULL,196,NULL,NULL,NULL,1),(361,99,103,'2018-11-12','2018-11-12 12:35:06',NULL,16,NULL,NULL,NULL,1),(362,99,103,'2018-11-12','2018-11-12 12:35:06',NULL,86,NULL,NULL,NULL,1),(363,99,103,'2018-11-12','2018-11-12 12:35:06',NULL,66,NULL,NULL,NULL,1),(364,100,104,'2018-11-12','2018-11-12 12:43:14',NULL,63,NULL,NULL,NULL,1),(365,100,104,'2018-11-12','2018-11-12 12:43:14',NULL,62,NULL,NULL,NULL,1),(366,101,105,'2018-11-12','2018-11-12 13:21:25',NULL,86,NULL,NULL,NULL,1),(367,101,105,'2018-11-12','2018-11-12 13:21:25',NULL,196,NULL,NULL,NULL,1),(368,101,105,'2018-11-12','2018-11-12 13:21:25',NULL,33,NULL,NULL,NULL,1),(369,102,106,'2018-11-12','2018-11-12 13:24:57',NULL,27,NULL,NULL,NULL,1),(370,102,106,'2018-11-12','2018-11-12 13:24:57',NULL,196,NULL,NULL,NULL,1),(371,102,106,'2018-11-12','2018-11-12 13:24:57',NULL,16,NULL,NULL,NULL,1),(372,102,106,'2018-11-12','2018-11-12 13:24:57',NULL,20,NULL,NULL,NULL,1),(373,102,106,'2018-11-12','2018-11-12 13:24:57',NULL,33,NULL,NULL,NULL,1),(374,103,107,'2018-11-12','2018-11-12 14:08:27',NULL,199,NULL,NULL,NULL,1),(375,103,107,'2018-11-12','2018-11-12 14:08:27',NULL,186,NULL,NULL,NULL,1),(376,103,107,'2018-11-12','2018-11-12 14:08:27',NULL,200,NULL,NULL,NULL,1),(377,104,108,'2018-11-12','2018-11-12 14:31:19',NULL,27,NULL,NULL,NULL,1),(378,104,108,'2018-11-12','2018-11-12 14:31:19',NULL,57,NULL,NULL,NULL,1),(379,104,108,'2018-11-12','2018-11-12 14:31:19',NULL,196,NULL,NULL,NULL,1),(380,104,108,'2018-11-12','2018-11-12 14:31:19',NULL,16,NULL,NULL,NULL,1),(381,104,108,'2018-11-12','2018-11-12 14:31:19',NULL,26,NULL,NULL,NULL,1),(382,104,108,'2018-11-12','2018-11-12 14:31:19',NULL,43,NULL,NULL,NULL,1),(383,104,108,'2018-11-12','2018-11-12 14:31:19',NULL,33,NULL,NULL,NULL,1),(384,105,109,'2018-11-12','2018-11-12 14:41:56',NULL,27,NULL,NULL,NULL,1),(385,105,109,'2018-11-12','2018-11-12 14:41:56',NULL,196,NULL,NULL,NULL,1),(386,105,109,'2018-11-12','2018-11-12 14:41:56',NULL,23,NULL,NULL,NULL,1),(387,105,109,'2018-11-12','2018-11-12 14:41:56',NULL,16,NULL,NULL,NULL,1),(388,105,109,'2018-11-12','2018-11-12 14:41:56',NULL,177,NULL,NULL,NULL,1),(389,105,109,'2018-11-12','2018-11-12 14:41:56',NULL,141,NULL,NULL,NULL,1),(390,105,109,'2018-11-12','2018-11-12 14:41:56',NULL,187,NULL,NULL,NULL,1),(391,106,110,'2018-11-12','2018-11-12 15:10:08',NULL,27,NULL,NULL,NULL,1),(392,106,110,'2018-11-12','2018-11-12 15:10:08',NULL,57,NULL,NULL,NULL,1),(393,106,110,'2018-11-12','2018-11-12 15:10:08',NULL,196,NULL,NULL,NULL,1),(394,106,110,'2018-11-12','2018-11-12 15:10:08',NULL,16,NULL,NULL,NULL,1),(395,106,110,'2018-11-12','2018-11-12 15:10:08',NULL,186,NULL,NULL,NULL,1),(396,107,111,'2018-11-12','2018-11-12 16:18:55',NULL,196,NULL,NULL,NULL,1),(397,108,112,'2018-11-12','2018-11-12 16:41:58',NULL,196,NULL,NULL,NULL,1),(398,108,112,'2018-11-12','2018-11-12 16:41:58',NULL,16,NULL,NULL,NULL,1),(399,109,113,'2018-11-12','2018-11-12 17:52:50',NULL,27,NULL,NULL,NULL,1),(400,109,113,'2018-11-12','2018-11-12 17:52:50',NULL,196,NULL,NULL,NULL,1),(401,109,113,'2018-11-12','2018-11-12 17:52:50',NULL,16,NULL,NULL,NULL,1),(402,109,113,'2018-11-12','2018-11-12 17:52:50',NULL,57,NULL,NULL,NULL,1),(403,110,114,'2018-11-12','2018-11-12 17:55:10',NULL,27,NULL,NULL,NULL,1),(404,110,114,'2018-11-12','2018-11-12 17:55:10',NULL,196,NULL,NULL,NULL,1),(405,110,114,'2018-11-12','2018-11-12 17:55:10',NULL,16,NULL,NULL,NULL,1),(406,110,114,'2018-11-12','2018-11-12 17:55:10',NULL,23,NULL,NULL,NULL,1),(407,110,114,'2018-11-12','2018-11-12 17:55:10',NULL,141,NULL,NULL,NULL,1),(408,111,115,'2018-11-12','2018-11-12 18:16:50',NULL,16,NULL,NULL,NULL,1),(409,111,115,'2018-11-12','2018-11-12 18:16:50',NULL,43,NULL,NULL,NULL,1),(410,112,116,'2018-11-12','2018-11-12 18:22:25',NULL,27,NULL,NULL,NULL,1),(411,112,116,'2018-11-12','2018-11-12 18:22:25',NULL,196,NULL,NULL,NULL,1),(412,112,116,'2018-11-12','2018-11-12 18:22:25',NULL,16,NULL,NULL,NULL,1),(413,112,116,'2018-11-12','2018-11-12 18:22:25',NULL,23,NULL,NULL,NULL,1),(414,112,116,'2018-11-12','2018-11-12 18:22:25',NULL,141,NULL,NULL,NULL,1),(415,113,117,'2018-11-13','2018-11-13 09:54:47',NULL,57,NULL,NULL,NULL,1),(416,113,117,'2018-11-13','2018-11-13 09:54:47',NULL,163,NULL,NULL,NULL,1),(417,113,117,'2018-11-13','2018-11-13 09:54:47',NULL,33,NULL,NULL,NULL,1),(418,114,118,'2018-11-13','2018-11-13 12:01:18',NULL,34,NULL,NULL,NULL,1),(419,114,119,'2018-11-13','2018-11-13 12:03:29',NULL,34,NULL,NULL,NULL,1),(420,115,120,'2018-11-13','2018-11-13 12:05:26',NULL,196,NULL,NULL,NULL,1),(421,116,121,'2018-11-13','2018-11-13 13:02:30',NULL,10,NULL,NULL,NULL,1),(422,116,121,'2018-11-13','2018-11-13 13:02:30',NULL,28,NULL,NULL,NULL,1),(423,116,121,'2018-11-13','2018-11-13 13:02:30',NULL,186,NULL,NULL,NULL,1),(424,116,121,'2018-11-13','2018-11-13 13:02:30',NULL,36,NULL,NULL,NULL,1),(425,117,122,'2018-11-13','2018-11-13 13:04:02',NULL,196,NULL,NULL,NULL,1),(426,118,123,'2018-11-13','2018-11-13 13:06:01',NULL,27,NULL,NULL,NULL,1),(427,119,124,'2018-11-13','2018-11-13 13:51:48',NULL,28,NULL,NULL,NULL,1),(428,119,124,'2018-11-13','2018-11-13 13:51:48',NULL,186,NULL,NULL,NULL,1),(429,122,125,'2018-11-13','2018-11-13 15:42:07',NULL,36,NULL,NULL,NULL,1),(430,122,126,'2018-11-13','2018-11-13 16:08:42',NULL,10,NULL,NULL,NULL,1),(431,124,127,'2018-11-13','2018-11-13 16:20:58',NULL,186,NULL,NULL,NULL,1),(432,124,127,'2018-11-13','2018-11-13 16:20:59',NULL,6,NULL,NULL,NULL,1),(433,124,127,'2018-11-13','2018-11-13 16:20:59',NULL,199,NULL,NULL,NULL,1),(434,124,127,'2018-11-13','2018-11-13 16:20:59',NULL,200,NULL,NULL,NULL,1),(435,125,128,'2018-11-13','2018-11-13 17:31:23',NULL,27,NULL,NULL,NULL,1),(436,125,128,'2018-11-13','2018-11-13 17:31:23',NULL,196,NULL,NULL,NULL,1),(437,125,128,'2018-11-13','2018-11-13 17:31:23',NULL,16,NULL,NULL,NULL,1),(438,125,128,'2018-11-13','2018-11-13 17:31:23',NULL,177,NULL,NULL,NULL,1),(439,125,128,'2018-11-13','2018-11-13 17:31:23',NULL,57,NULL,NULL,NULL,1),(440,125,128,'2018-11-13','2018-11-13 17:31:23',NULL,6,NULL,NULL,NULL,1),(441,126,129,'2018-11-13','2018-11-13 17:39:36',NULL,196,NULL,NULL,NULL,1),(442,126,129,'2018-11-13','2018-11-13 17:39:36',NULL,16,NULL,NULL,NULL,1),(443,126,129,'2018-11-13','2018-11-13 17:39:36',NULL,177,NULL,NULL,NULL,1),(444,126,129,'2018-11-13','2018-11-13 17:39:36',NULL,57,NULL,NULL,NULL,1),(445,126,129,'2018-11-13','2018-11-13 17:39:36',NULL,28,NULL,NULL,NULL,1),(446,127,130,'2018-11-13','2018-11-13 18:15:21',NULL,27,NULL,NULL,NULL,1),(447,127,130,'2018-11-13','2018-11-13 18:15:21',NULL,177,NULL,NULL,NULL,1),(448,127,130,'2018-11-13','2018-11-13 18:15:21',NULL,16,NULL,NULL,NULL,1),(449,127,130,'2018-11-13','2018-11-13 18:15:21',NULL,57,NULL,NULL,NULL,1),(450,127,130,'2018-11-13','2018-11-13 18:15:21',NULL,86,NULL,NULL,NULL,1),(451,128,131,'2018-11-13','2018-11-13 18:57:59',NULL,28,NULL,NULL,NULL,1),(452,128,131,'2018-11-13','2018-11-13 18:57:59',NULL,141,NULL,NULL,NULL,1),(453,128,131,'2018-11-13','2018-11-13 18:57:59',NULL,16,NULL,NULL,NULL,1),(454,129,132,'2018-11-13','2018-11-13 19:52:50',NULL,27,NULL,NULL,NULL,1),(455,129,132,'2018-11-13','2018-11-13 19:52:50',NULL,23,NULL,NULL,NULL,1),(456,129,132,'2018-11-13','2018-11-13 19:52:50',NULL,26,NULL,NULL,NULL,1),(457,129,132,'2018-11-13','2018-11-13 19:52:50',NULL,186,NULL,NULL,NULL,1),(458,129,132,'2018-11-13','2018-11-13 19:52:50',NULL,43,NULL,NULL,NULL,1),(459,129,132,'2018-11-13','2018-11-13 19:52:50',NULL,141,NULL,NULL,NULL,1),(460,129,132,'2018-11-13','2018-11-13 19:52:50',NULL,33,NULL,NULL,NULL,1),(461,131,133,'2018-11-13','2018-11-13 21:07:51',NULL,33,NULL,NULL,NULL,1),(462,132,134,'2018-11-14','2018-11-14 10:43:34',NULL,195,NULL,NULL,NULL,1),(463,132,134,'2018-11-14','2018-11-14 10:43:34',NULL,13,NULL,NULL,NULL,1),(464,132,134,'2018-11-14','2018-11-14 10:43:34',NULL,111,NULL,NULL,NULL,1),(465,132,134,'2018-11-14','2018-11-14 10:43:34',NULL,177,NULL,NULL,NULL,1),(466,133,135,'2018-11-14','2018-11-14 10:49:37',NULL,10,NULL,NULL,NULL,1),(467,133,135,'2018-11-14','2018-11-14 10:49:37',NULL,186,NULL,NULL,NULL,1),(468,133,135,'2018-11-14','2018-11-14 10:49:37',NULL,6,NULL,NULL,NULL,1),(469,133,135,'2018-11-14','2018-11-14 10:49:37',NULL,199,NULL,NULL,NULL,1),(470,133,135,'2018-11-14','2018-11-14 10:49:37',NULL,200,NULL,NULL,NULL,1),(471,134,136,'2018-11-14','2018-11-14 10:55:24',NULL,28,NULL,NULL,NULL,1),(472,135,137,'2018-11-14','2018-11-14 11:08:48',NULL,86,NULL,NULL,NULL,1),(473,136,138,'2018-11-14','2018-11-14 11:29:28',NULL,196,NULL,NULL,NULL,1),(474,136,138,'2018-11-14','2018-11-14 11:29:28',NULL,16,NULL,NULL,NULL,1),(475,136,138,'2018-11-14','2018-11-14 11:29:28',NULL,57,NULL,NULL,NULL,1),(476,136,138,'2018-11-14','2018-11-14 11:29:28',NULL,43,NULL,NULL,NULL,1),(477,136,138,'2018-11-14','2018-11-14 11:29:28',NULL,33,NULL,NULL,NULL,1),(478,137,139,'2018-11-14','2018-11-14 11:38:55',NULL,111,NULL,NULL,NULL,1),(479,87,140,'2018-11-14','2018-11-14 11:59:25',NULL,196,NULL,NULL,NULL,1),(480,139,141,'2018-11-14','2018-11-14 12:03:46',NULL,57,NULL,NULL,NULL,1),(481,139,141,'2018-11-14','2018-11-14 12:03:46',NULL,196,NULL,NULL,NULL,1),(482,139,141,'2018-11-14','2018-11-14 12:03:46',NULL,16,NULL,NULL,NULL,1),(483,139,141,'2018-11-14','2018-11-14 12:03:46',NULL,33,NULL,NULL,NULL,1),(484,140,142,'2018-11-14','2018-11-14 12:22:33',NULL,10,NULL,NULL,NULL,1),(485,141,143,'2018-11-14','2018-11-14 12:26:40',NULL,10,NULL,NULL,NULL,1),(486,142,144,'2018-11-14','2018-11-14 12:47:46',NULL,196,NULL,NULL,NULL,1),(487,142,144,'2018-11-14','2018-11-14 12:47:46',NULL,16,NULL,NULL,NULL,1),(488,142,144,'2018-11-14','2018-11-14 12:47:46',NULL,57,NULL,NULL,NULL,1),(489,142,144,'2018-11-14','2018-11-14 12:47:46',NULL,177,NULL,NULL,NULL,1),(490,142,144,'2018-11-14','2018-11-14 12:47:46',NULL,86,NULL,NULL,NULL,1),(491,143,145,'2018-11-14','2018-11-14 12:57:26',NULL,186,NULL,NULL,NULL,1),(492,143,145,'2018-11-14','2018-11-14 12:57:26',NULL,6,NULL,NULL,NULL,1),(493,143,145,'2018-11-14','2018-11-14 12:57:27',NULL,199,NULL,NULL,NULL,1),(494,143,145,'2018-11-14','2018-11-14 12:57:27',NULL,10,NULL,NULL,NULL,1),(495,145,146,'2018-11-14','2018-11-14 13:14:57',NULL,27,NULL,NULL,NULL,1),(496,145,146,'2018-11-14','2018-11-14 13:14:57',NULL,177,NULL,NULL,NULL,1),(497,145,146,'2018-11-14','2018-11-14 13:14:57',NULL,86,NULL,NULL,NULL,1),(498,145,146,'2018-11-14','2018-11-14 13:14:57',NULL,196,NULL,NULL,NULL,1),(499,145,146,'2018-11-14','2018-11-14 13:14:57',NULL,16,NULL,NULL,NULL,1),(500,145,146,'2018-11-14','2018-11-14 13:14:57',NULL,57,NULL,NULL,NULL,1),(501,145,146,'2018-11-14','2018-11-14 13:14:57',NULL,197,NULL,NULL,NULL,1),(502,145,146,'2018-11-14','2018-11-14 13:14:57',NULL,7,NULL,NULL,NULL,1),(503,146,147,'2018-11-14','2018-11-14 13:23:57',NULL,36,NULL,NULL,NULL,1),(504,147,148,'2018-11-14','2018-11-14 13:30:50',NULL,27,NULL,NULL,NULL,1),(505,147,148,'2018-11-14','2018-11-14 13:30:50',NULL,23,NULL,NULL,NULL,1),(506,147,148,'2018-11-14','2018-11-14 13:30:50',NULL,16,NULL,NULL,NULL,1),(507,147,148,'2018-11-14','2018-11-14 13:30:50',NULL,102,NULL,NULL,NULL,1),(508,148,149,'2018-11-14','2018-11-14 13:53:32',NULL,196,NULL,NULL,NULL,1),(509,148,149,'2018-11-14','2018-11-14 13:53:32',NULL,16,NULL,NULL,NULL,1),(510,148,149,'2018-11-14','2018-11-14 13:53:33',NULL,89,NULL,NULL,NULL,1),(511,149,150,'2018-11-14','2018-11-14 14:04:23',NULL,196,NULL,NULL,NULL,1),(512,149,150,'2018-11-14','2018-11-14 14:04:23',NULL,177,NULL,NULL,NULL,1),(513,149,150,'2018-11-14','2018-11-14 14:04:23',NULL,16,NULL,NULL,NULL,1),(514,149,150,'2018-11-14','2018-11-14 14:04:23',NULL,9,NULL,NULL,NULL,1),(515,149,150,'2018-11-14','2018-11-14 14:04:23',NULL,57,NULL,NULL,NULL,1),(516,150,151,'2018-11-14','2018-11-14 14:19:53',NULL,27,NULL,NULL,NULL,1),(517,150,151,'2018-11-14','2018-11-14 14:19:53',NULL,57,NULL,NULL,NULL,1),(518,150,151,'2018-11-14','2018-11-14 14:19:53',NULL,196,NULL,NULL,NULL,1),(519,150,151,'2018-11-14','2018-11-14 14:19:53',NULL,16,NULL,NULL,NULL,1),(520,150,151,'2018-11-14','2018-11-14 14:19:53',NULL,23,NULL,NULL,NULL,1),(521,150,151,'2018-11-14','2018-11-14 14:19:53',NULL,177,NULL,NULL,NULL,1),(522,150,151,'2018-11-14','2018-11-14 14:19:53',NULL,141,NULL,NULL,NULL,1),(523,150,151,'2018-11-14','2018-11-14 14:19:53',NULL,17,NULL,NULL,NULL,1),(524,150,151,'2018-11-14','2018-11-14 14:19:53',NULL,142,NULL,NULL,NULL,1),(525,150,151,'2018-11-14','2018-11-14 14:19:53',NULL,26,NULL,NULL,NULL,1),(526,150,151,'2018-11-14','2018-11-14 14:19:53',NULL,43,NULL,NULL,NULL,1),(527,150,151,'2018-11-14','2018-11-14 14:19:53',NULL,33,NULL,NULL,NULL,1),(528,150,151,'2018-11-14','2018-11-14 14:19:53',NULL,86,NULL,NULL,NULL,1),(529,150,151,'2018-11-14','2018-11-14 14:19:53',NULL,202,NULL,NULL,NULL,1),(530,152,152,'2018-11-14','2018-11-14 14:22:13',NULL,43,NULL,NULL,NULL,1),(531,153,153,'2018-11-14','2018-11-14 14:32:54',NULL,62,NULL,NULL,NULL,1),(532,153,153,'2018-11-14','2018-11-14 14:32:54',NULL,196,NULL,NULL,NULL,1),(533,153,153,'2018-11-14','2018-11-14 14:32:54',NULL,16,NULL,NULL,NULL,1),(534,154,154,'2018-11-14','2018-11-14 14:34:53',NULL,33,NULL,NULL,NULL,1),(535,155,155,'2018-11-14','2018-11-14 15:15:06',NULL,27,NULL,NULL,NULL,1),(536,155,155,'2018-11-14','2018-11-14 15:15:06',NULL,197,NULL,NULL,NULL,1),(537,0,156,'2018-11-14','2018-11-14 17:15:17',NULL,27,NULL,NULL,NULL,1),(538,0,156,'2018-11-14','2018-11-14 17:15:17',NULL,57,NULL,NULL,NULL,1),(539,0,156,'2018-11-14','2018-11-14 17:15:17',NULL,196,NULL,NULL,NULL,1),(540,0,156,'2018-11-14','2018-11-14 17:15:17',NULL,16,NULL,NULL,NULL,1),(541,0,156,'2018-11-14','2018-11-14 17:15:17',NULL,43,NULL,NULL,NULL,1),(542,0,156,'2018-11-14','2018-11-14 17:15:17',NULL,141,NULL,NULL,NULL,1),(543,0,156,'2018-11-14','2018-11-14 17:15:17',NULL,177,NULL,NULL,NULL,1),(544,0,156,'2018-11-14','2018-11-14 17:15:17',NULL,62,NULL,NULL,NULL,1),(545,0,175,'2018-11-14','2018-11-14 17:27:08',NULL,27,NULL,NULL,NULL,1),(546,0,175,'2018-11-14','2018-11-14 17:27:08',NULL,20,NULL,NULL,NULL,1),(547,0,175,'2018-11-14','2018-11-14 17:27:08',NULL,33,NULL,NULL,NULL,1),(548,0,180,'2018-11-14','2018-11-14 17:43:53',NULL,27,NULL,NULL,NULL,1),(549,0,180,'2018-11-14','2018-11-14 17:43:53',NULL,20,NULL,NULL,NULL,1),(550,0,180,'2018-11-14','2018-11-14 17:43:53',NULL,33,NULL,NULL,NULL,1),(551,160,193,'2018-11-14','2018-11-14 18:28:10',NULL,28,NULL,NULL,NULL,1),(552,161,194,'2018-11-14','2018-11-14 18:29:13',NULL,28,NULL,NULL,NULL,1),(553,162,195,'2018-11-14','2018-11-14 18:32:44',NULL,27,NULL,NULL,NULL,1),(554,162,195,'2018-11-14','2018-11-14 18:32:44',NULL,20,NULL,NULL,NULL,1),(555,162,195,'2018-11-14','2018-11-14 18:32:45',NULL,33,NULL,NULL,NULL,1),(556,163,196,'2018-11-14','2018-11-14 18:46:55',NULL,27,NULL,NULL,NULL,1),(557,163,196,'2018-11-14','2018-11-14 18:46:55',NULL,57,NULL,NULL,NULL,1),(558,163,196,'2018-11-14','2018-11-14 18:46:55',NULL,196,NULL,NULL,NULL,1),(559,163,196,'2018-11-14','2018-11-14 18:46:55',NULL,16,NULL,NULL,NULL,1),(560,163,196,'2018-11-14','2018-11-14 18:46:55',NULL,20,NULL,NULL,NULL,1),(561,163,196,'2018-11-14','2018-11-14 18:46:55',NULL,9,NULL,NULL,NULL,1),(562,164,197,'2018-11-14','2018-11-14 18:57:26',NULL,27,NULL,NULL,NULL,1),(563,164,197,'2018-11-14','2018-11-14 18:57:26',NULL,57,NULL,NULL,NULL,1),(564,164,197,'2018-11-14','2018-11-14 18:57:26',NULL,196,NULL,NULL,NULL,1),(565,164,197,'2018-11-14','2018-11-14 18:57:26',NULL,16,NULL,NULL,NULL,1),(566,164,197,'2018-11-14','2018-11-14 18:57:26',NULL,43,NULL,NULL,NULL,1),(567,164,197,'2018-11-14','2018-11-14 18:57:26',NULL,141,NULL,NULL,NULL,1),(568,164,197,'2018-11-14','2018-11-14 18:57:26',NULL,177,NULL,NULL,NULL,1),(569,164,197,'2018-11-14','2018-11-14 18:57:26',NULL,62,NULL,NULL,NULL,1),(570,166,198,'2018-11-16','2018-11-16 02:59:55',NULL,3,NULL,NULL,NULL,1),(571,166,198,'2018-11-16','2018-11-16 02:59:55',NULL,4,NULL,NULL,NULL,1),(572,166,198,'2018-11-16','2018-11-16 02:59:55',NULL,5,NULL,NULL,NULL,1),(573,167,199,'2018-11-16','2018-11-16 14:23:07',NULL,5,NULL,NULL,NULL,1),(574,167,199,'2018-11-16','2018-11-16 14:23:07',NULL,111,NULL,NULL,NULL,1),(575,167,199,'2018-11-16','2018-11-16 14:23:07',NULL,9,NULL,NULL,NULL,1),(576,168,200,'2018-11-16','2018-11-16 15:04:06',NULL,3,NULL,NULL,NULL,1),(577,168,200,'2018-11-16','2018-11-16 15:04:06',NULL,4,NULL,NULL,NULL,1),(578,168,200,'2018-11-16','2018-11-16 15:04:06',NULL,111,NULL,NULL,NULL,1),(579,168,200,'2018-11-16','2018-11-16 15:04:06',NULL,12,NULL,NULL,NULL,1),(580,169,201,'2018-11-17','2018-11-17 02:28:08',NULL,3,NULL,NULL,NULL,1),(581,169,201,'2018-11-17','2018-11-17 02:28:08',NULL,4,NULL,NULL,NULL,1),(582,169,201,'2018-11-17','2018-11-17 02:28:08',NULL,9,NULL,NULL,NULL,1);

/*Table structure for table `patient_timeline` */

DROP TABLE IF EXISTS `patient_timeline`;

CREATE TABLE `patient_timeline` (
  `id` int(11) NOT NULL AUTO_INCREMENT,
  `patient_id` int(11) NOT NULL DEFAULT '0',
  `order_id` int(11) DEFAULT '0',
  `type` int(2) NOT NULL DEFAULT '0' COMMENT '1 = registration 2=cabin transfer 3= release 4=operation',
  `cabin_no` int(11) NOT NULL DEFAULT '0',
  `created_at` datetime DEFAULT NULL,
  `updated_at` timestamp NULL DEFAULT CURRENT_TIMESTAMP,
  PRIMARY KEY (`id`)
) ENGINE=InnoDB AUTO_INCREMENT=4 DEFAULT CHARSET=latin1;

/*Data for the table `patient_timeline` */

insert  into `patient_timeline`(`id`,`patient_id`,`order_id`,`type`,`cabin_no`,`created_at`,`updated_at`) values (1,1,1,1,1,'2018-11-07 22:53:08','2018-11-07 22:53:08'),(2,1,1,3,1,'2018-11-07 22:54:57','2018-11-07 22:54:57'),(3,1,2,3,1,'2018-11-07 23:03:33','2018-11-07 23:03:33');

/*Table structure for table `patient_transaction_info` */

DROP TABLE IF EXISTS `patient_transaction_info`;

CREATE TABLE `patient_transaction_info` (
  `id` int(11) NOT NULL AUTO_INCREMENT,
  `patient_test_order_id` int(11) NOT NULL DEFAULT '0',
  `transaction_id` bigint(20) NOT NULL DEFAULT '0',
  `bank_tran_id` varchar(255) DEFAULT NULL,
  `amount_to_pay` double NOT NULL DEFAULT '0',
  `amount_paid` double NOT NULL DEFAULT '0',
  `card_name` varchar(255) CHARACTER SET utf8 COLLATE utf8_unicode_ci DEFAULT NULL,
  `card_no` bigint(20) NOT NULL DEFAULT '0',
  `card_type` int(11) NOT NULL DEFAULT '0',
  `card_issuer_country` varchar(255) CHARACTER SET utf8 COLLATE utf8_unicode_ci DEFAULT NULL,
  `card_holder_name` varchar(255) CHARACTER SET utf8 COLLATE utf8_unicode_ci DEFAULT NULL,
  `status` int(11) NOT NULL DEFAULT '1',
  `created_at` datetime DEFAULT NULL,
  `updated_at` timestamp NOT NULL DEFAULT CURRENT_TIMESTAMP,
  PRIMARY KEY (`id`)
) ENGINE=InnoDB AUTO_INCREMENT=202 DEFAULT CHARSET=latin1;

/*Data for the table `patient_transaction_info` */

insert  into `patient_transaction_info`(`id`,`patient_test_order_id`,`transaction_id`,`bank_tran_id`,`amount_to_pay`,`amount_paid`,`card_name`,`card_no`,`card_type`,`card_issuer_country`,`card_holder_name`,`status`,`created_at`,`updated_at`) values (1,1,2,NULL,2050,1000,NULL,0,0,NULL,NULL,1,'2018-11-07 17:42:16','2018-11-07 17:42:16'),(2,2,3,NULL,400,0,NULL,0,0,NULL,NULL,1,'2018-11-07 20:06:20','2018-11-07 20:06:20'),(3,3,4,NULL,400,300,NULL,0,0,NULL,NULL,1,'2018-11-07 20:08:03','2018-11-07 20:08:03'),(4,4,4,NULL,3600,3600,NULL,0,0,NULL,NULL,1,'2018-11-07 20:21:58','2018-11-07 20:21:58'),(5,5,6,NULL,6000,6000,NULL,0,0,NULL,NULL,1,'2018-11-07 20:24:46','2018-11-07 20:24:46'),(6,6,1,NULL,1000,0,NULL,0,0,NULL,NULL,1,'2018-11-07 20:25:26','2018-11-07 20:25:26'),(7,7,7,NULL,200,0,NULL,0,0,NULL,NULL,1,'2018-11-07 21:46:10','2018-11-07 21:46:10'),(8,8,2,NULL,800,0,NULL,0,0,NULL,NULL,1,'2018-11-07 21:52:33','2018-11-07 21:52:33'),(9,9,8,NULL,1200,1200,NULL,0,0,NULL,NULL,1,'2018-11-08 10:09:42','2018-11-08 10:09:42'),(10,10,9,NULL,400,400,NULL,0,0,NULL,NULL,1,'2018-11-09 09:54:01','2018-11-09 09:54:01'),(11,11,10,NULL,1100,1000,NULL,0,0,NULL,NULL,1,'2018-11-09 10:11:46','2018-11-09 10:11:46'),(12,12,11,NULL,3500,3500,NULL,0,0,NULL,NULL,1,'2018-11-09 10:18:01','2018-11-09 10:18:01'),(13,13,12,NULL,3200,3000,NULL,0,0,NULL,NULL,1,'2018-11-09 10:28:53','2018-11-09 10:28:53'),(14,14,13,NULL,2800,2800,NULL,0,0,NULL,NULL,1,'2018-11-09 10:39:11','2018-11-09 10:39:11'),(15,15,14,NULL,1000,400,NULL,0,0,NULL,NULL,1,'2018-11-09 10:43:22','2018-11-09 10:43:22'),(16,16,14,NULL,600,400,NULL,0,0,NULL,NULL,1,'2018-11-09 10:50:01','2018-11-09 10:50:01'),(17,17,15,NULL,1100,700,NULL,0,0,NULL,NULL,1,'2018-11-09 10:52:58','2018-11-09 10:52:58'),(18,18,16,NULL,500,0,NULL,0,0,NULL,NULL,1,'2018-11-09 10:57:00','2018-11-09 10:57:00'),(19,19,17,NULL,4000,0,NULL,0,0,NULL,NULL,1,'2018-11-09 11:03:09','2018-11-09 11:03:09'),(20,20,18,NULL,1800,1800,NULL,0,0,NULL,NULL,1,'2018-11-09 11:09:50','2018-11-09 11:09:50'),(21,21,19,NULL,2200,1600,NULL,0,0,NULL,NULL,1,'2018-11-09 11:13:21','2018-11-09 11:13:21'),(22,22,19,NULL,1700,1300,NULL,0,0,NULL,NULL,1,'2018-11-09 11:18:08','2018-11-09 11:18:08'),(23,23,20,NULL,1100,800,NULL,0,0,NULL,NULL,1,'2018-11-09 11:33:03','2018-11-09 11:33:03'),(24,24,21,NULL,3000,2400,NULL,0,0,NULL,NULL,1,'2018-11-09 11:50:28','2018-11-09 11:50:28'),(25,25,9,NULL,1000,0,NULL,0,0,NULL,NULL,1,'2018-11-09 12:04:56','2018-11-09 12:04:56'),(26,26,22,NULL,3000,0,NULL,0,0,NULL,NULL,1,'2018-11-09 12:11:10','2018-11-09 12:11:10'),(27,27,22,NULL,1300,1300,NULL,0,0,NULL,NULL,1,'2018-11-09 12:15:45','2018-11-09 12:15:45'),(28,28,24,NULL,3000,1000,NULL,0,0,NULL,NULL,1,'2018-11-09 12:29:32','2018-11-09 12:29:32'),(29,29,25,NULL,3800,3800,NULL,0,0,NULL,NULL,1,'2018-11-09 12:42:03','2018-11-09 12:42:03'),(30,30,26,NULL,3400,0,NULL,0,0,NULL,NULL,1,'2018-11-09 12:45:38','2018-11-09 12:45:38'),(31,31,27,NULL,2700,1400,NULL,0,0,NULL,NULL,1,'2018-11-09 12:56:28','2018-11-09 12:56:28'),(32,32,28,NULL,200,100,NULL,0,0,NULL,NULL,1,'2018-11-09 13:16:29','2018-11-09 13:16:29'),(33,33,30,NULL,700,0,NULL,0,0,NULL,NULL,1,'2018-11-09 13:21:07','2018-11-09 13:21:07'),(34,34,31,NULL,1200,1200,NULL,0,0,NULL,NULL,1,'2018-11-09 13:24:30','2018-11-09 13:24:30'),(35,35,32,NULL,2300,2000,NULL,0,0,NULL,NULL,1,'2018-11-09 13:29:52','2018-11-09 13:29:52'),(36,36,33,NULL,500,500,NULL,0,0,NULL,NULL,1,'2018-11-09 13:34:20','2018-11-09 13:34:20'),(37,37,34,NULL,1200,0,NULL,0,0,NULL,NULL,1,'2018-11-09 13:56:40','2018-11-09 13:56:40'),(38,38,35,NULL,1200,0,NULL,0,0,NULL,NULL,1,'2018-11-09 14:24:43','2018-11-09 14:24:43'),(39,39,36,NULL,2100,2100,NULL,0,0,NULL,NULL,1,'2018-11-09 14:30:38','2018-11-09 14:30:38'),(40,40,37,NULL,800,550,NULL,0,0,NULL,NULL,1,'2018-11-09 14:37:25','2018-11-09 14:37:25'),(41,41,38,NULL,500,500,NULL,0,0,NULL,NULL,1,'2018-11-09 14:39:43','2018-11-09 14:39:43'),(42,42,39,NULL,900,900,NULL,0,0,NULL,NULL,1,'2018-11-09 14:41:47','2018-11-09 14:41:47'),(43,43,40,NULL,500,500,NULL,0,0,NULL,NULL,1,'2018-11-09 14:53:42','2018-11-09 14:53:42'),(44,44,41,NULL,1800,1600,NULL,0,0,NULL,NULL,1,'2018-11-09 15:02:21','2018-11-09 15:02:21'),(45,45,42,NULL,1300,1000,NULL,0,0,NULL,NULL,1,'2018-11-09 15:42:28','2018-11-09 15:42:28'),(46,46,43,NULL,1600,1200,NULL,0,0,NULL,NULL,1,'2018-11-09 16:53:39','2018-11-09 16:53:39'),(47,47,41,NULL,500,200,NULL,0,0,NULL,NULL,1,'2018-11-09 17:06:56','2018-11-09 17:06:56'),(48,48,45,NULL,1700,1300,NULL,0,0,NULL,NULL,1,'2018-11-10 11:02:57','2018-11-10 11:02:57'),(49,49,45,NULL,3000,2800,NULL,0,0,NULL,NULL,1,'2018-11-10 11:06:13','2018-11-10 11:06:13'),(50,50,46,NULL,2200,2200,NULL,0,0,NULL,NULL,1,'2018-11-10 11:19:28','2018-11-10 11:19:28'),(51,51,47,NULL,1200,600,NULL,0,0,NULL,NULL,1,'2018-11-10 11:22:49','2018-11-10 11:22:49'),(52,52,48,NULL,1000,1000,NULL,0,0,NULL,NULL,1,'2018-11-10 11:25:16','2018-11-10 11:25:16'),(53,53,49,NULL,2200,0,NULL,0,0,NULL,NULL,1,'2018-11-10 11:29:59','2018-11-10 11:29:59'),(54,54,50,NULL,1200,1200,NULL,0,0,NULL,NULL,1,'2018-11-10 11:38:07','2018-11-10 11:38:07'),(55,55,51,NULL,1100,1100,NULL,0,0,NULL,NULL,1,'2018-11-10 11:48:02','2018-11-10 11:48:02'),(56,56,52,NULL,1000,600,NULL,0,0,NULL,NULL,1,'2018-11-10 11:56:26','2018-11-10 11:56:26'),(57,57,53,NULL,1200,0,NULL,0,0,NULL,NULL,1,'2018-11-10 12:13:51','2018-11-10 12:13:51'),(58,58,54,NULL,3500,3500,NULL,0,0,NULL,NULL,1,'2018-11-10 12:22:10','2018-11-10 12:22:10'),(59,59,55,NULL,1500,1500,NULL,0,0,NULL,NULL,1,'2018-11-10 12:29:02','2018-11-10 12:29:02'),(60,60,29,NULL,2300,1100,NULL,0,0,NULL,NULL,1,'2018-11-10 13:26:12','2018-11-10 13:26:12'),(61,61,57,NULL,1700,0,NULL,0,0,NULL,NULL,1,'2018-11-10 13:28:23','2018-11-10 13:28:23'),(62,62,58,NULL,600,600,NULL,0,0,NULL,NULL,1,'2018-11-10 13:33:35','2018-11-10 13:33:35'),(63,63,59,NULL,2500,2200,NULL,0,0,NULL,NULL,1,'2018-11-10 14:25:30','2018-11-10 14:25:30'),(64,64,60,NULL,1300,1300,NULL,0,0,NULL,NULL,1,'2018-11-10 14:30:04','2018-11-10 14:30:04'),(65,65,61,NULL,3300,2600,NULL,0,0,NULL,NULL,1,'2018-11-10 15:40:46','2018-11-10 15:40:46'),(66,66,62,NULL,3500,0,NULL,0,0,NULL,NULL,1,'2018-11-10 15:52:29','2018-11-10 15:52:29'),(67,67,63,NULL,400,150,NULL,0,0,NULL,NULL,1,'2018-11-10 16:07:44','2018-11-10 16:07:44'),(68,68,64,NULL,1700,1700,NULL,0,0,NULL,NULL,1,'2018-11-10 16:19:20','2018-11-10 16:19:20'),(69,69,65,NULL,200,100,NULL,0,0,NULL,NULL,1,'2018-11-10 16:34:22','2018-11-10 16:34:22'),(70,70,66,NULL,1600,1000,NULL,0,0,NULL,NULL,1,'2018-11-10 17:14:32','2018-11-10 17:14:32'),(71,71,67,NULL,2800,2000,NULL,0,0,NULL,NULL,1,'2018-11-10 18:09:47','2018-11-10 18:09:47'),(72,72,68,NULL,1400,800,NULL,0,0,NULL,NULL,1,'2018-11-10 18:12:04','2018-11-10 18:12:04'),(73,73,69,NULL,100,0,NULL,0,0,NULL,NULL,1,'2018-11-10 19:02:16','2018-11-10 19:02:16'),(74,74,70,NULL,2200,1400,NULL,0,0,NULL,NULL,1,'2018-11-10 21:13:34','2018-11-10 21:13:34'),(75,75,71,NULL,1400,0,NULL,0,0,NULL,NULL,1,'2018-11-11 10:23:24','2018-11-11 10:23:24'),(76,76,72,NULL,1400,700,NULL,0,0,NULL,NULL,1,'2018-11-11 10:53:31','2018-11-11 10:53:31'),(77,77,73,NULL,800,800,NULL,0,0,NULL,NULL,1,'2018-11-11 10:56:42','2018-11-11 10:56:42'),(78,78,74,NULL,1400,0,NULL,0,0,NULL,NULL,1,'2018-11-11 11:04:34','2018-11-11 11:04:34'),(79,79,75,NULL,2600,2500,NULL,0,0,NULL,NULL,1,'2018-11-11 11:40:27','2018-11-11 11:40:27'),(80,80,76,NULL,3200,3200,NULL,0,0,NULL,NULL,1,'2018-11-11 12:17:11','2018-11-11 12:17:11'),(81,81,77,NULL,1200,1200,NULL,0,0,NULL,NULL,1,'2018-11-11 12:40:27','2018-11-11 12:40:27'),(82,82,78,NULL,3400,3400,NULL,0,0,NULL,NULL,1,'2018-11-11 12:45:01','2018-11-11 12:45:01'),(83,83,79,NULL,600,600,NULL,0,0,NULL,NULL,1,'2018-11-11 13:13:07','2018-11-11 13:13:07'),(84,84,80,NULL,2900,2700,NULL,0,0,NULL,NULL,1,'2018-11-11 13:22:13','2018-11-11 13:22:13'),(85,85,81,NULL,2700,1600,NULL,0,0,NULL,NULL,1,'2018-11-11 14:05:48','2018-11-11 14:05:48'),(86,86,82,NULL,1200,1200,NULL,0,0,NULL,NULL,1,'2018-11-11 14:18:51','2018-11-11 14:18:51'),(87,87,83,NULL,1100,1100,NULL,0,0,NULL,NULL,1,'2018-11-11 14:28:05','2018-11-11 14:28:05'),(88,88,84,NULL,1600,0,NULL,0,0,NULL,NULL,1,'2018-11-11 15:05:18','2018-11-11 15:05:18'),(89,89,85,NULL,1300,1300,NULL,0,0,NULL,NULL,1,'2018-11-11 17:57:20','2018-11-11 17:57:20'),(90,90,86,NULL,200,0,NULL,0,0,NULL,NULL,1,'2018-11-11 18:22:57','2018-11-11 18:22:57'),(91,91,87,NULL,900,900,NULL,0,0,NULL,NULL,1,'2018-11-12 11:00:03','2018-11-12 11:00:03'),(92,92,88,NULL,1200,800,NULL,0,0,NULL,NULL,1,'2018-11-12 11:09:32','2018-11-12 11:09:32'),(93,93,73,NULL,500,500,NULL,0,0,NULL,NULL,1,'2018-11-12 11:12:52','2018-11-12 11:12:52'),(94,94,89,NULL,400,0,NULL,0,0,NULL,NULL,1,'2018-11-12 11:19:45','2018-11-12 11:19:45'),(95,95,90,NULL,600,600,NULL,0,0,NULL,NULL,1,'2018-11-12 11:29:42','2018-11-12 11:29:42'),(96,96,92,NULL,2800,2800,NULL,0,0,NULL,NULL,1,'2018-11-12 11:43:16','2018-11-12 11:43:16'),(97,97,93,NULL,3200,3000,NULL,0,0,NULL,NULL,1,'2018-11-12 12:00:41','2018-11-12 12:00:41'),(98,98,94,NULL,2000,2000,NULL,0,0,NULL,NULL,1,'2018-11-12 12:03:34','2018-11-12 12:03:34'),(99,99,95,NULL,2200,1600,NULL,0,0,NULL,NULL,1,'2018-11-12 12:05:10','2018-11-12 12:05:10'),(100,100,96,NULL,1000,1000,NULL,0,0,NULL,NULL,1,'2018-11-12 12:08:08','2018-11-12 12:08:08'),(101,101,97,NULL,1200,0,NULL,0,0,NULL,NULL,1,'2018-11-12 12:11:29','2018-11-12 12:11:29'),(102,102,98,NULL,2000,2000,NULL,0,0,NULL,NULL,1,'2018-11-12 12:28:02','2018-11-12 12:28:02'),(103,103,99,NULL,3700,1500,NULL,0,0,NULL,NULL,1,'2018-11-12 12:35:05','2018-11-12 12:35:05'),(104,104,100,NULL,1200,0,NULL,0,0,NULL,NULL,1,'2018-11-12 12:43:14','2018-11-12 12:43:14'),(105,105,101,NULL,2000,1600,NULL,0,0,NULL,NULL,1,'2018-11-12 13:21:25','2018-11-12 13:21:25'),(106,106,102,NULL,2700,1800,NULL,0,0,NULL,NULL,1,'2018-11-12 13:24:57','2018-11-12 13:24:57'),(107,107,103,NULL,900,0,NULL,0,0,NULL,NULL,1,'2018-11-12 14:08:27','2018-11-12 14:08:27'),(108,108,104,NULL,3400,3000,NULL,0,0,NULL,NULL,1,'2018-11-12 14:31:19','2018-11-12 14:31:19'),(109,109,105,NULL,4000,2000,NULL,0,0,NULL,NULL,1,'2018-11-12 14:41:56','2018-11-12 14:41:56'),(110,110,106,NULL,1700,1700,NULL,0,0,NULL,NULL,1,'2018-11-12 15:10:08','2018-11-12 15:10:08'),(111,111,107,NULL,200,100,NULL,0,0,NULL,NULL,1,'2018-11-12 16:18:55','2018-11-12 16:18:55'),(112,112,108,NULL,600,400,NULL,0,0,NULL,NULL,1,'2018-11-12 16:41:57','2018-11-12 16:41:57'),(113,113,109,NULL,1200,900,NULL,0,0,NULL,NULL,1,'2018-11-12 17:52:50','2018-11-12 17:52:50'),(114,114,110,NULL,2500,0,NULL,0,0,NULL,NULL,1,'2018-11-12 17:55:10','2018-11-12 17:55:10'),(115,115,111,NULL,1400,1400,NULL,0,0,NULL,NULL,1,'2018-11-12 18:16:50','2018-11-12 18:16:50'),(116,116,112,NULL,2500,0,NULL,0,0,NULL,NULL,1,'2018-11-12 18:22:25','2018-11-12 18:22:25'),(117,117,113,NULL,1500,1200,NULL,0,0,NULL,NULL,1,'2018-11-13 09:54:47','2018-11-13 09:54:47'),(118,118,114,NULL,1200,1100,NULL,0,0,NULL,NULL,1,'2018-11-13 12:01:18','2018-11-13 12:01:18'),(119,119,114,NULL,1200,1100,NULL,0,0,NULL,NULL,1,'2018-11-13 12:03:29','2018-11-13 12:03:29'),(120,120,115,NULL,200,200,NULL,0,0,NULL,NULL,1,'2018-11-13 12:05:26','2018-11-13 12:05:26'),(121,121,116,NULL,2000,0,NULL,0,0,NULL,NULL,1,'2018-11-13 13:02:30','2018-11-13 13:02:30'),(122,122,117,NULL,200,100,NULL,0,0,NULL,NULL,1,'2018-11-13 13:04:02','2018-11-13 13:04:02'),(123,123,118,NULL,500,300,NULL,0,0,NULL,NULL,1,'2018-11-13 13:06:01','2018-11-13 13:06:01'),(124,124,119,NULL,700,0,NULL,0,0,NULL,NULL,1,'2018-11-13 13:51:48','2018-11-13 13:51:48'),(125,125,122,NULL,1200,1200,NULL,0,0,NULL,NULL,1,'2018-11-13 15:42:06','2018-11-13 15:42:06'),(126,126,122,NULL,100,100,NULL,0,0,NULL,NULL,1,'2018-11-13 16:08:42','2018-11-13 16:08:42'),(127,127,124,NULL,1300,1300,NULL,0,0,NULL,NULL,1,'2018-11-13 16:20:58','2018-11-13 16:20:58'),(128,128,125,NULL,2100,2000,NULL,0,0,NULL,NULL,1,'2018-11-13 17:31:23','2018-11-13 17:31:23'),(129,129,126,NULL,1400,1400,NULL,0,0,NULL,NULL,1,'2018-11-13 17:39:36','2018-11-13 17:39:36'),(130,130,127,NULL,2100,2000,NULL,0,0,NULL,NULL,1,'2018-11-13 18:15:21','2018-11-13 18:15:21'),(131,131,128,NULL,1600,800,NULL,0,0,NULL,NULL,1,'2018-11-13 18:57:59','2018-11-13 18:57:59'),(132,132,129,NULL,5000,4800,NULL,0,0,NULL,NULL,1,'2018-11-13 19:52:50','2018-11-13 19:52:50'),(133,133,131,NULL,1200,0,NULL,0,0,NULL,NULL,1,'2018-11-13 21:07:51','2018-11-13 21:07:51'),(134,134,132,NULL,1900,1800,NULL,0,0,NULL,NULL,1,'2018-11-14 10:43:34','2018-11-14 10:43:34'),(135,135,133,NULL,1400,0,NULL,0,0,NULL,NULL,1,'2018-11-14 10:49:37','2018-11-14 10:49:37'),(136,136,134,NULL,200,0,NULL,0,0,NULL,NULL,1,'2018-11-14 10:55:24','2018-11-14 10:55:24'),(137,137,135,NULL,600,400,NULL,0,0,NULL,NULL,1,'2018-11-14 11:08:48','2018-11-14 11:08:48'),(138,138,136,NULL,2900,2900,NULL,0,0,NULL,NULL,1,'2018-11-14 11:29:28','2018-11-14 11:29:28'),(139,139,137,NULL,1000,1000,NULL,0,0,NULL,NULL,1,'2018-11-14 11:38:55','2018-11-14 11:38:55'),(140,140,87,NULL,200,100,NULL,0,0,NULL,NULL,1,'2018-11-14 11:59:25','2018-11-14 11:59:25'),(141,141,139,NULL,1900,1200,NULL,0,0,NULL,NULL,1,'2018-11-14 12:03:46','2018-11-14 12:03:46'),(142,142,140,NULL,100,0,NULL,0,0,NULL,NULL,1,'2018-11-14 12:22:33','2018-11-14 12:22:33'),(143,143,141,NULL,100,0,NULL,0,0,NULL,NULL,1,'2018-11-14 12:26:40','2018-11-14 12:26:40'),(144,144,142,NULL,1800,1600,NULL,0,0,NULL,NULL,1,'2018-11-14 12:47:46','2018-11-14 12:47:46'),(145,145,143,NULL,1200,600,NULL,0,0,NULL,NULL,1,'2018-11-14 12:57:26','2018-11-14 12:57:26'),(146,146,145,NULL,3200,3200,NULL,0,0,NULL,NULL,1,'2018-11-14 13:14:57','2018-11-14 13:14:57'),(147,147,146,NULL,1200,1000,NULL,0,0,NULL,NULL,1,'2018-11-14 13:23:57','2018-11-14 13:23:57'),(148,148,147,NULL,1800,1000,NULL,0,0,NULL,NULL,1,'2018-11-14 13:30:50','2018-11-14 13:30:50'),(149,149,148,NULL,1400,1400,NULL,0,0,NULL,NULL,1,'2018-11-14 13:53:32','2018-11-14 13:53:32'),(150,150,149,NULL,1600,1500,NULL,0,0,NULL,NULL,1,'2018-11-14 14:04:23','2018-11-14 14:04:23'),(151,151,150,NULL,8800,0,NULL,0,0,NULL,NULL,1,'2018-11-14 14:19:53','2018-11-14 14:19:53'),(152,152,152,NULL,1000,500,NULL,0,0,NULL,NULL,1,'2018-11-14 14:22:13','2018-11-14 14:22:13'),(153,153,153,NULL,1200,800,NULL,0,0,NULL,NULL,1,'2018-11-14 14:32:54','2018-11-14 14:32:54'),(154,154,154,NULL,1200,1200,NULL,0,0,NULL,NULL,1,'2018-11-14 14:34:53','2018-11-14 14:34:53'),(155,155,155,NULL,1100,800,NULL,0,0,NULL,NULL,1,'2018-11-14 15:15:06','2018-11-14 15:15:06'),(156,156,0,NULL,4300,4000,NULL,0,0,NULL,NULL,1,'2018-11-14 17:15:17','2018-11-14 17:15:17'),(157,157,0,NULL,4300,4000,NULL,0,0,NULL,NULL,1,'2018-11-14 17:15:22','2018-11-14 17:15:22'),(158,158,0,NULL,4300,4000,NULL,0,0,NULL,NULL,1,'2018-11-14 17:15:22','2018-11-14 17:15:22'),(159,159,0,NULL,4300,4000,NULL,0,0,NULL,NULL,1,'2018-11-14 17:15:44','2018-11-14 17:15:44'),(160,160,0,NULL,4300,4000,NULL,0,0,NULL,NULL,1,'2018-11-14 17:15:45','2018-11-14 17:15:45'),(161,161,0,NULL,4300,4000,NULL,0,0,NULL,NULL,1,'2018-11-14 17:15:45','2018-11-14 17:15:45'),(162,162,0,NULL,4300,4000,NULL,0,0,NULL,NULL,1,'2018-11-14 17:15:45','2018-11-14 17:15:45'),(163,163,0,NULL,4300,4000,NULL,0,0,NULL,NULL,1,'2018-11-14 17:15:45','2018-11-14 17:15:45'),(164,164,0,NULL,4300,4000,NULL,0,0,NULL,NULL,1,'2018-11-14 17:15:46','2018-11-14 17:15:46'),(165,165,0,NULL,4300,4000,NULL,0,0,NULL,NULL,1,'2018-11-14 17:15:46','2018-11-14 17:15:46'),(166,166,0,NULL,4300,4000,NULL,0,0,NULL,NULL,1,'2018-11-14 17:15:46','2018-11-14 17:15:46'),(167,167,0,NULL,4300,4000,NULL,0,0,NULL,NULL,1,'2018-11-14 17:15:47','2018-11-14 17:15:47'),(168,168,0,NULL,4300,4000,NULL,0,0,NULL,NULL,1,'2018-11-14 17:15:53','2018-11-14 17:15:53'),(169,169,0,NULL,4300,4000,NULL,0,0,NULL,NULL,1,'2018-11-14 17:15:53','2018-11-14 17:15:53'),(170,170,0,NULL,4300,4000,NULL,0,0,NULL,NULL,1,'2018-11-14 17:15:54','2018-11-14 17:15:54'),(171,171,0,NULL,4300,4000,NULL,0,0,NULL,NULL,1,'2018-11-14 17:15:54','2018-11-14 17:15:54'),(172,172,0,NULL,4300,4000,NULL,0,0,NULL,NULL,1,'2018-11-14 17:15:54','2018-11-14 17:15:54'),(173,173,0,NULL,4300,4000,NULL,0,0,NULL,NULL,1,'2018-11-14 17:15:54','2018-11-14 17:15:54'),(174,174,0,NULL,4300,4000,NULL,0,0,NULL,NULL,1,'2018-11-14 17:15:54','2018-11-14 17:15:54'),(175,175,0,NULL,2100,1200,NULL,0,0,NULL,NULL,1,'2018-11-14 17:27:08','2018-11-14 17:27:08'),(176,176,0,NULL,2100,1200,NULL,0,0,NULL,NULL,1,'2018-11-14 17:27:09','2018-11-14 17:27:09'),(177,177,0,NULL,2100,1200,NULL,0,0,NULL,NULL,1,'2018-11-14 17:27:09','2018-11-14 17:27:09'),(178,178,0,NULL,2100,1200,NULL,0,0,NULL,NULL,1,'2018-11-14 17:27:09','2018-11-14 17:27:09'),(179,179,0,NULL,2100,1200,NULL,0,0,NULL,NULL,1,'2018-11-14 17:27:09','2018-11-14 17:27:09'),(180,180,0,NULL,2100,1200,NULL,0,0,NULL,NULL,1,'2018-11-14 17:43:53','2018-11-14 17:43:53'),(181,181,0,NULL,2100,1200,NULL,0,0,NULL,NULL,1,'2018-11-14 17:43:54','2018-11-14 17:43:54'),(182,182,0,NULL,2100,1200,NULL,0,0,NULL,NULL,1,'2018-11-14 17:43:54','2018-11-14 17:43:54'),(183,183,0,NULL,2100,1200,NULL,0,0,NULL,NULL,1,'2018-11-14 17:43:54','2018-11-14 17:43:54'),(184,184,0,NULL,2100,1200,NULL,0,0,NULL,NULL,1,'2018-11-14 17:43:54','2018-11-14 17:43:54'),(185,185,0,NULL,2100,1200,NULL,0,0,NULL,NULL,1,'2018-11-14 17:43:54','2018-11-14 17:43:54'),(186,186,0,NULL,2100,1200,NULL,0,0,NULL,NULL,1,'2018-11-14 17:43:55','2018-11-14 17:43:55'),(187,187,0,NULL,2100,1200,NULL,0,0,NULL,NULL,1,'2018-11-14 17:43:55','2018-11-14 17:43:55'),(188,188,0,NULL,2100,1200,NULL,0,0,NULL,NULL,1,'2018-11-14 17:43:55','2018-11-14 17:43:55'),(189,189,0,NULL,2100,1200,NULL,0,0,NULL,NULL,1,'2018-11-14 17:43:55','2018-11-14 17:43:55'),(190,190,0,NULL,2100,1200,NULL,0,0,NULL,NULL,1,'2018-11-14 17:53:01','2018-11-14 17:53:01'),(191,191,0,NULL,2100,1200,NULL,0,0,NULL,NULL,1,'2018-11-14 17:53:01','2018-11-14 17:53:01'),(192,192,0,NULL,2100,1200,NULL,0,0,NULL,NULL,1,'2018-11-14 17:53:01','2018-11-14 17:53:01'),(193,193,160,NULL,200,0,NULL,0,0,NULL,NULL,1,'2018-11-14 18:28:10','2018-11-14 18:28:10'),(194,194,161,NULL,200,0,NULL,0,0,NULL,NULL,1,'2018-11-14 18:29:13','2018-11-14 18:29:13'),(195,195,162,NULL,2100,1200,NULL,0,0,NULL,NULL,1,'2018-11-14 18:32:44','2018-11-14 18:32:44'),(196,196,163,NULL,2000,2000,NULL,0,0,NULL,NULL,1,'2018-11-14 18:46:54','2018-11-14 18:46:54'),(197,197,164,NULL,4300,4000,NULL,0,0,NULL,NULL,1,'2018-11-14 18:57:26','2018-11-14 18:57:26'),(198,198,166,NULL,2000,1990,NULL,0,0,NULL,NULL,1,'2018-11-16 02:59:55','2018-11-16 02:59:55'),(199,199,167,NULL,2200,1640,NULL,0,0,NULL,NULL,1,'2018-11-16 14:23:07','2018-11-16 14:23:07'),(200,200,168,NULL,2400,2000,NULL,0,0,NULL,NULL,1,'2018-11-16 15:04:06','2018-11-16 15:04:06'),(201,201,169,NULL,1600,1500,NULL,0,0,NULL,NULL,1,'2018-11-17 02:28:08','2018-11-17 02:28:08');

/*Table structure for table `payment` */

DROP TABLE IF EXISTS `payment`;

CREATE TABLE `payment` (
  `pay_id` int(11) NOT NULL AUTO_INCREMENT,
  `sell_buy_id` int(11) NOT NULL,
  `cust_supp_id` int(11) NOT NULL,
  `amount` double NOT NULL,
  `payment_type` int(1) NOT NULL COMMENT '1=cash; 2=check',
  `type` int(1) NOT NULL COMMENT '1=buy; 2=sell; 3=due or advance',
  `cash_out` tinyint(1) NOT NULL DEFAULT '0' COMMENT '1=when cash is out from my side',
  `user_id` int(11) NOT NULL DEFAULT '0' COMMENT 'track who logged in system',
  `created_at` datetime NOT NULL,
  `updated_at` timestamp NOT NULL DEFAULT CURRENT_TIMESTAMP ON UPDATE CURRENT_TIMESTAMP,
  PRIMARY KEY (`pay_id`)
) ENGINE=InnoDB AUTO_INCREMENT=33 DEFAULT CHARSET=utf8;

/*Data for the table `payment` */

insert  into `payment`(`pay_id`,`sell_buy_id`,`cust_supp_id`,`amount`,`payment_type`,`type`,`cash_out`,`user_id`,`created_at`,`updated_at`) values (1,1,1,50,1,1,0,0,'2018-11-07 21:22:39','2018-11-07 21:22:39'),(2,1,1,70,1,1,0,8,'2018-11-07 21:22:57','2018-11-07 21:22:57'),(3,1,1,0,1,2,0,0,'2018-11-07 21:26:05','2018-11-07 21:26:05'),(4,1,1,0,1,2,0,8,'2018-11-07 21:26:16','2018-11-07 21:31:05'),(5,2,1,0,1,1,0,0,'2018-11-07 21:27:18','2018-11-07 21:27:18'),(6,1,1,140,1,2,0,8,'2018-11-07 21:31:28','2018-11-07 21:31:28'),(7,2,1,0,1,2,0,0,'2018-11-07 21:40:35','2018-11-07 21:40:35'),(8,3,2,0,1,1,0,0,'2018-11-08 11:18:13','2018-11-08 11:18:13'),(9,4,2,1800,1,1,0,0,'2018-11-08 11:20:01','2018-11-08 11:20:01'),(10,2,1,0,1,2,0,8,'2018-11-08 18:14:00','2018-11-08 18:14:00'),(11,2,1,35,1,2,0,8,'2018-11-08 18:14:34','2018-11-08 18:14:34'),(12,5,3,0,1,1,0,0,'2018-11-09 10:31:43','2018-11-09 10:31:43'),(13,6,3,0,1,1,0,0,'2018-11-09 12:12:31','2018-11-09 12:12:31'),(14,7,4,0,1,1,0,0,'2018-11-09 14:01:23','2018-11-09 14:01:23'),(15,8,5,0,1,1,0,0,'2018-11-09 14:06:59','2018-11-09 14:06:59'),(16,9,6,0,1,1,0,0,'2018-11-09 14:13:42','2018-11-09 14:13:42'),(17,10,7,0,1,1,0,0,'2018-11-09 15:33:42','2018-11-09 15:33:42'),(18,11,7,0,1,1,0,0,'2018-11-09 15:39:02','2018-11-09 15:39:02'),(19,12,7,0,1,1,0,0,'2018-11-09 15:49:49','2018-11-09 15:49:49'),(20,13,7,0,1,1,0,0,'2018-11-09 15:52:44','2018-11-09 15:52:44'),(21,3,2,0,1,2,0,0,'2018-11-09 20:23:49','2018-11-09 20:23:49'),(22,14,8,0,1,1,0,0,'2018-11-10 11:05:26','2018-11-10 11:05:26'),(23,15,9,1000,1,1,0,0,'2018-11-10 11:14:03','2018-11-10 11:14:03'),(24,16,2,2668.8,1,1,0,0,'2018-11-10 12:26:48','2018-11-10 12:26:48'),(25,17,10,0,1,1,0,0,'2018-11-10 13:07:42','2018-11-10 13:07:42'),(26,18,10,0,1,1,0,0,'2018-11-10 16:03:34','2018-11-10 16:03:34'),(27,4,3,0,1,2,0,0,'2018-11-10 17:30:17','2018-11-10 17:30:17'),(28,4,3,0,1,2,0,8,'2018-11-10 17:30:38','2018-11-10 17:30:38'),(29,4,3,0,1,2,0,8,'2018-11-10 17:30:58','2018-11-10 17:30:58'),(30,4,3,39000,1,2,0,8,'2018-11-10 17:31:18','2018-11-10 17:31:18'),(31,19,9,190,1,1,0,0,'2018-11-11 15:13:30','2018-11-11 15:13:30'),(32,20,10,0,1,1,0,0,'2018-11-11 15:48:57','2018-11-11 15:48:57');

/*Table structure for table `payment_history` */

DROP TABLE IF EXISTS `payment_history`;

CREATE TABLE `payment_history` (
  `pay_id` int(11) NOT NULL AUTO_INCREMENT,
  `sell_buy_id` int(11) NOT NULL,
  `cust_supp_id` int(11) NOT NULL,
  `amount` double NOT NULL,
  `payment_type` int(1) NOT NULL COMMENT '1=cash; 2=check',
  `type` int(1) NOT NULL COMMENT '1=buy; 2=sell; 3=due or advance',
  `cash_out` tinyint(1) NOT NULL DEFAULT '0' COMMENT '1=when cash is out from my side',
  `user_id` int(11) NOT NULL DEFAULT '0' COMMENT 'track who logged in system',
  `created_at` datetime NOT NULL,
  `updated_at` timestamp NOT NULL DEFAULT CURRENT_TIMESTAMP ON UPDATE CURRENT_TIMESTAMP,
  PRIMARY KEY (`pay_id`)
) ENGINE=InnoDB AUTO_INCREMENT=7 DEFAULT CHARSET=utf8;

/*Data for the table `payment_history` */

insert  into `payment_history`(`pay_id`,`sell_buy_id`,`cust_supp_id`,`amount`,`payment_type`,`type`,`cash_out`,`user_id`,`created_at`,`updated_at`) values (1,1,1,50,1,2,0,0,'0000-00-00 00:00:00','2018-11-07 21:31:06'),(2,1,1,70,1,2,0,0,'0000-00-00 00:00:00','2018-11-07 21:31:06'),(3,1,1,0,1,2,0,0,'0000-00-00 00:00:00','2018-11-07 21:31:06'),(4,1,1,0,1,2,0,0,'0000-00-00 00:00:00','2018-11-07 21:31:06'),(5,2,1,0,1,2,0,0,'0000-00-00 00:00:00','2018-11-07 21:41:12'),(6,2,1,0,1,2,0,0,'0000-00-00 00:00:00','2018-11-07 21:41:12');

/*Table structure for table `product` */

DROP TABLE IF EXISTS `product`;

CREATE TABLE `product` (
  `id` int(11) NOT NULL AUTO_INCREMENT,
  `p_code` varchar(255) COLLATE utf8_unicode_ci NOT NULL DEFAULT '0',
  `p_name` varchar(255) COLLATE utf8_unicode_ci DEFAULT NULL,
  `p_buy_price` double NOT NULL DEFAULT '0',
  `p_sell_price` double DEFAULT NULL,
  `p_unit_id` int(11) NOT NULL DEFAULT '0',
  `p_cat_id` int(11) NOT NULL DEFAULT '0',
  `p_sub_cat_id` int(11) NOT NULL DEFAULT '0',
  `p_generic_id` int(11) NOT NULL DEFAULT '0',
  `pack_size_id` int(11) DEFAULT '0',
  `p_opening_qty` int(11) NOT NULL DEFAULT '0',
  `p_reorder_qty` int(11) NOT NULL DEFAULT '0',
  `p_img` varchar(255) COLLATE utf8_unicode_ci DEFAULT NULL,
  `p_company_id` int(11) NOT NULL DEFAULT '0',
  `p_current_stock` int(11) NOT NULL DEFAULT '0',
  `status` int(11) NOT NULL DEFAULT '1',
  `created_at` datetime DEFAULT NULL,
  `updated_at` timestamp NOT NULL DEFAULT CURRENT_TIMESTAMP ON UPDATE CURRENT_TIMESTAMP,
  PRIMARY KEY (`id`)
) ENGINE=InnoDB AUTO_INCREMENT=82 DEFAULT CHARSET=utf8 COLLATE=utf8_unicode_ci;

/*Data for the table `product` */

insert  into `product`(`id`,`p_code`,`p_name`,`p_buy_price`,`p_sell_price`,`p_unit_id`,`p_cat_id`,`p_sub_cat_id`,`p_generic_id`,`pack_size_id`,`p_opening_qty`,`p_reorder_qty`,`p_img`,`p_company_id`,`p_current_stock`,`status`,`created_at`,`updated_at`) values (1,'000001','orcef 200mg',30,35,1,3,0,1,0,4,10,'default.jpg',1,-2,2,'2018-11-07 21:21:04','2018-11-10 17:30:17'),(2,'000002\n','diclofen-100mg-suppo',17.14,20,1,4,0,8,0,0,10,'default.jpg',5,0,2,'2018-11-08 10:53:17','2018-11-08 11:22:34'),(3,'000003\n','diclofen-50mgsuppo',12.9,15,1,4,0,8,0,25,10,'default.jpg',5,25,1,'2018-11-08 10:54:47','2018-11-08 11:20:01'),(4,'000004\n','raltrox-2ml',65.3,100,1,2,0,5,0,20,5,'default.jpg',5,20,1,'2018-11-08 10:57:16','2018-11-08 11:20:01'),(5,'000005\n','diclofen100mgsuppo',17.15,20,1,4,0,8,0,10,10,'default.jpg',5,17,1,'2018-11-08 11:16:48','2018-11-10 17:30:17'),(6,'000006\n','algin2mg',20,25,1,2,0,11,0,55,10,'default.jpg',1,56,1,'2018-11-09 09:43:27','2018-11-10 16:03:34'),(7,'000007\n','ceftizone-i\\v1gm',100,200,1,2,0,4,0,100,10,'default.jpg',1,89,1,'2018-11-09 09:45:29','2018-11-10 17:30:17'),(8,'000008\n','ceftizone-i\\v2gm',210,340,1,2,0,4,0,32,10,'default.jpg',1,32,1,'2018-11-09 09:46:37','2018-11-09 10:31:44'),(9,'000009\n','dexa-im/iv',20,25,1,2,0,12,0,110,10,'default.jpg',1,110,1,'2018-11-09 09:58:35','2018-11-09 10:31:44'),(10,'000010\n','furocef-im\\iv750',100.4,125,1,2,0,13,0,11,5,'default.jpg',1,-2,1,'2018-11-09 10:03:01','2018-11-10 17:30:17'),(11,'000011\n','maxpro40mg',60,90,1,2,0,10,0,40,5,'default.jpg',1,40,1,'2018-11-09 10:04:39','2018-11-09 10:31:44'),(12,'000012\n','oxyton5iu',8,10,1,2,0,14,0,220,10,'default.jpg',1,220,1,'2018-11-09 10:06:24','2018-11-09 10:31:44'),(13,'000013\n','rolac30mg-im\\iv',35,55,1,2,0,9,0,120,10,'default.jpg',1,120,1,'2018-11-09 10:11:24','2018-11-09 10:31:44'),(14,'000014\n','Rolac60mg-im\\iv',65,95,0,2,0,10,0,0,10,'default.jpg',1,0,1,'2018-11-09 10:13:25','2018-11-09 10:13:25'),(15,'000015\n','rolac-60mg-im\\iv',65.3,95,1,2,0,9,0,40,10,'default.jpg',1,40,1,'2018-11-09 10:23:20','2018-11-09 10:31:44'),(16,'000016\n','fenadin120mg',7,8,1,1,0,3,NULL,100,10,'Default_image',1,100,1,'2018-11-09 10:37:15','2018-11-09 12:12:31'),(17,'000017\n','fenadin60mg',3,4,1,1,0,3,0,30,10,'default.jpg',1,30,1,'2018-11-09 10:39:10','2018-11-09 12:12:31'),(18,'000018\n','maxpro20mg-tab',4.3,5,1,1,0,10,0,700,10,'default.jpg',1,700,1,'2018-11-09 10:41:21','2018-11-09 12:12:32'),(19,'000019\n','orcef200mg',30,160,1,3,0,1,0,160,10,'default.jpg',1,160,1,'2018-11-09 10:45:14','2018-11-09 12:12:32'),(20,'000020\n','orcef400mg',43,50,1,3,0,1,NULL,120,10,'Default_image',1,120,1,'2018-11-09 10:47:56','2018-11-09 12:12:32'),(21,'000021\n','rolac-10mg-tab',10.31,12,1,1,0,9,0,280,10,'default.jpg',1,280,1,'2018-11-09 10:55:48','2018-11-09 12:12:32'),(22,'000022\n','sodium-hypochlorite',250,400,3,5,0,0,0,6,1,'default.jpg',6,6,1,'2018-11-09 14:00:31','2018-11-09 14:01:23'),(23,'000023\n','triject-iv1gm',92,190,1,2,0,4,0,250,10,'default.jpg',7,250,1,'2018-11-09 14:06:07','2018-11-09 14:06:59'),(24,'000024\n','betadine10/1000ml',677.64,800,3,5,0,0,0,10,1,'default.jpg',8,10,1,'2018-11-09 14:12:31','2018-11-09 14:13:42'),(25,'000025\n','electrosal-i/vinfusion-1000ml',76.14,92,1,6,0,0,0,200,10,'default.jpg',9,280,1,'2018-11-09 15:15:21','2018-11-09 15:39:03'),(26,'000026\n','eleectrosal-i\\vinfusion500ml',59,71.3,1,6,0,0,NULL,20,5,'Default_image',9,20,1,'2018-11-09 15:18:13','2018-11-09 15:33:42'),(27,'000027\n','glucolin-i\\v1000ml',76.14,92,1,6,0,0,0,100,10,'default.jpg',9,100,1,'2018-11-09 15:20:48','2018-11-09 15:33:42'),(28,'000028\n','kolosal-i\\vinfusion1000ml',76.14,92,1,6,0,0,0,20,10,'default.jpg',9,20,1,'2018-11-09 15:22:52','2018-11-09 15:33:43'),(29,'000029\n','glucosal-i\\vinfusion',83.75,101.19,1,6,0,0,0,20,10,'default.jpg',9,180,1,'2018-11-09 15:24:56','2018-11-09 15:52:44'),(30,'000030\n','normalin-i\\v1000ml',72.31,87.39,1,6,0,0,0,20,10,'default.jpg',9,20,1,'2018-11-09 15:26:39','2018-11-09 15:33:43'),(31,'000031\n','glucolin-ds-i\\v1000ml',87.55,110,1,6,0,0,0,20,10,'default.jpg',9,20,1,'2018-11-09 15:36:42','2018-11-09 15:39:03'),(32,'000032\n','meena[sanitary-napkin]',32,80,1,7,0,0,0,150,10,'default.jpg',10,150,1,'2018-11-10 10:56:19','2018-11-10 11:05:26'),(33,'000033\n','than-gauge[14y]',120,200,1,0,0,0,0,40,5,'default.jpg',10,40,1,'2018-11-10 10:58:54','2018-11-10 11:05:26'),(34,'000034\n','cotton[400gm]',120,200,1,0,0,0,NULL,20,10,'Default_image',10,20,1,'2018-11-10 11:00:21','2018-11-10 11:05:26'),(35,'000035\n','ephidin',50,200,1,2,0,16,0,20,5,'default.jpg',9,20,1,'2018-11-10 11:12:50','2018-11-10 11:14:04'),(36,'000036\n','ranitid50mg[ing]',8.57,10,1,2,0,17,0,30,5,'default.jpg',5,30,1,'2018-11-10 12:12:11','2018-11-10 12:26:49'),(37,'000037\n','cotson100mg[ing]',43.17,50,1,2,0,7,0,10,5,'default.jpg',5,10,1,'2018-11-10 12:16:01','2018-11-10 12:26:49'),(38,'000038\n','esotid40mg',45,90,1,2,0,10,0,10,5,'default.jpg',5,10,1,'2018-11-10 12:18:46','2018-11-10 12:26:49'),(39,'000039\n','ometid40mg[ing]',45,90,1,2,0,19,0,10,5,'default.jpg',5,10,1,'2018-11-10 12:21:01','2018-11-10 12:26:49'),(40,'000040\n','pantid40mg[ing]',45,90,1,2,0,20,0,24,5,'default.jpg',5,24,1,'2018-11-10 12:22:47','2018-11-10 12:26:49'),(41,'000041\n','Linda-ds[ing]',21,35,1,2,0,14,0,40,5,'default.jpg',11,40,1,'2018-11-10 13:01:06','2018-11-10 13:07:43'),(42,'000042\n','neostig[ing]',5.4,10,1,2,0,22,0,25,5,'default.jpg',9,25,1,'2018-11-10 13:02:47','2018-11-10 13:07:43'),(43,'000043\n','ketalar[ing]',115,150,1,2,0,21,0,5,1,'default.jpg',9,5,1,'2018-11-10 13:04:06','2018-11-10 13:07:43'),(44,'000044\n','salin-set',24,40,1,8,0,0,0,80,10,'default.jpg',12,80,1,'2018-11-10 14:58:37','2018-11-11 15:48:58'),(45,'000045\n','vesofix-i\\vcanolla-18G',64,100,1,8,0,0,0,50,5,'default.jpg',12,50,1,'2018-11-10 15:00:18','2018-11-11 15:48:58'),(46,'000046\n','vesofix-iv-canolla20G',58,100,1,8,0,0,0,30,5,'default.jpg',12,30,1,'2018-11-10 15:01:55','2018-11-11 15:48:58'),(47,'000047\n','vasofix-iv-canolla22G',59,100,1,8,0,0,0,20,5,'default.jpg',12,20,1,'2018-11-10 15:03:01','2018-11-11 15:48:58'),(48,'000048\n','vasofix-ivcanolla24G',63,120,1,8,0,0,0,50,5,'default.jpg',12,50,1,'2018-11-10 15:04:21','2018-11-11 15:48:58'),(49,'000049\n','i\\vcanolla[n]18',14,50,1,8,0,0,0,120,5,'default.jpg',12,120,1,'2018-11-10 15:06:20','2018-11-11 15:48:58'),(50,'000050\n','i/vcanolla[n]20G',14,50,1,8,0,0,0,0,5,'default.jpg',12,0,1,'2018-11-10 15:07:24','2018-11-10 15:07:24'),(51,'000051\n','i\\vcanolla22G',14,50,1,8,0,0,0,0,5,'default.jpg',12,0,1,'2018-11-10 15:08:21','2018-11-10 15:08:21'),(52,'000052\n','spinal\\needlee25G',80,100,1,8,0,0,0,25,5,'default.jpg',12,25,1,'2018-11-10 15:11:00','2018-11-11 15:48:58'),(53,'000053\n','catheer[bardia]14',89,150,1,8,0,0,NULL,10,5,'Default_image',12,10,1,'2018-11-10 15:13:46','2018-11-11 15:48:59'),(54,'000054\n','catheter [bardia]16',89,150,1,8,0,0,NULL,10,5,'Default_image',12,10,1,'2018-11-10 15:15:34','2018-11-11 15:48:58'),(55,'000055\n','catheter [normal]14',30,100,1,8,0,0,0,10,5,'default.jpg',12,10,1,'2018-11-10 15:17:39','2018-11-11 15:48:59'),(56,'000056\n','catheter [normal]16',30,100,1,8,0,0,0,10,5,'default.jpg',12,10,1,'2018-11-10 15:19:26','2018-11-11 15:48:59'),(57,'000057\n','urine Bag',17.5,40,1,8,0,0,0,40,5,'default.jpg',12,40,1,'2018-11-10 15:21:32','2018-11-11 15:48:59'),(58,'000058\n','cord clam',6,20,0,8,0,0,0,0,5,'default.jpg',12,0,1,'2018-11-10 15:22:25','2018-11-10 15:22:25'),(59,'000059\n','E-T tube',41,80,1,8,0,0,0,54,5,'default.jpg',12,54,1,'2018-11-10 15:24:07','2018-11-11 15:48:59'),(60,'000060\n','Gloves [comfit]',37,50,1,8,0,0,0,150,5,'default.jpg',12,150,1,'2018-11-10 15:27:31','2018-11-11 15:48:59'),(61,'000061\n','prolin 2\\0[c]',212.5,350,1,8,0,0,0,12,5,'default.jpg',12,12,1,'2018-11-10 15:29:05','2018-11-11 15:48:59'),(62,'000062\n','atropine',6.5,10,1,2,0,0,0,30,5,'default.jpg',12,30,1,'2018-11-10 15:31:55','2018-11-11 15:48:59'),(63,'000063\n','paloxi',80,100,1,2,0,23,0,2,1,'default.jpg',0,2,1,'2018-11-11 15:11:38','2018-11-11 15:13:30'),(64,'000064\n','k-one',30,35,1,2,0,0,0,1,1,'default.jpg',0,1,1,'2018-11-11 15:12:20','2018-11-11 15:13:30'),(65,'000065\n','cord-clam',6,20,1,8,0,0,0,50,10,'default.jpg',12,50,1,'2018-11-11 15:41:09','2018-11-11 15:48:58'),(66,'000066\n','prolin 2\\0[r]',218,350,1,8,0,0,NULL,0,5,'Default_image',12,0,1,'2018-11-11 15:51:19','2018-11-12 11:20:04'),(67,'000067\n','cat gut1',124.17,200,1,8,0,0,0,0,5,'default.jpg',12,0,1,'2018-11-11 15:57:28','2018-11-11 15:57:28'),(68,'000068\n','cat gut 0',95.83,150,1,8,0,0,0,0,5,'default.jpg',12,0,1,'2018-11-11 15:59:12','2018-11-11 15:59:12'),(69,'000069\n','vicryl 0[r]',265,400,1,8,0,0,0,0,5,'default.jpg',12,0,1,'2018-11-11 16:01:06','2018-11-11 16:01:06'),(70,'000070\n','vicryl 1',106,200,1,8,0,0,0,0,5,'default.jpg',12,0,1,'2018-11-11 16:31:57','2018-11-11 16:31:57'),(71,'000071\n','madi -tape-2\'\'',55.63,150,1,8,0,0,0,0,10,'default.jpg',12,0,1,'2018-11-11 16:42:40','2018-11-11 16:42:40'),(72,'000072\n','madi-tap-1\'\'',55.63,100,1,8,0,0,0,0,10,'default.jpg',12,0,1,'2018-11-11 16:43:40','2018-11-11 16:43:40'),(73,'000073\n','feeding-tube',14,50,1,8,0,0,0,0,5,'default.jpg',12,0,1,'2018-11-11 16:44:48','2018-11-11 16:44:48'),(74,'000074\n','blood-bag',66,150,1,8,0,0,0,0,2,'default.jpg',12,0,1,'2018-11-11 16:45:55','2018-11-11 16:45:55'),(75,'000075\n','blood-set',30,50,1,8,0,0,0,0,2,'default.jpg',12,0,1,'2018-11-11 16:46:53','2018-11-11 16:46:53'),(76,'000076\n','buriet-set',92,150,1,8,0,0,0,0,5,'default.jpg',12,0,1,'2018-11-11 16:48:28','2018-11-11 16:48:28'),(77,'000077\n','silk-0/1',112.5,200,1,8,0,0,0,0,2,'default.jpg',12,0,1,'2018-11-11 16:49:43','2018-11-11 16:49:43'),(78,'000078\n','D-water',5.2,10,1,8,0,0,0,0,10,'default.jpg',12,0,1,'2018-11-11 16:51:57','2018-11-11 16:51:57'),(79,'000079\n','propofol1gm',180,250,1,8,0,0,0,0,2,'default.jpg',12,0,1,'2018-11-11 16:54:43','2018-11-11 16:54:43'),(80,'000080\n','suxa',78,150,1,8,0,0,0,0,5,'default.jpg',12,0,1,'2018-11-11 16:59:09','2018-11-11 16:59:09'),(81,'000081\n','vencur',150,200,1,2,0,0,0,0,10,'default.jpg',12,0,1,'2018-11-11 17:00:22','2018-11-11 17:00:22');

/*Table structure for table `product_category` */

DROP TABLE IF EXISTS `product_category`;

CREATE TABLE `product_category` (
  `id` int(11) NOT NULL AUTO_INCREMENT,
  `p_category_name` varchar(255) COLLATE utf8_unicode_ci DEFAULT NULL,
  `status` int(11) DEFAULT '1',
  `created_at` datetime DEFAULT NULL,
  `updated_at` timestamp NOT NULL DEFAULT CURRENT_TIMESTAMP,
  PRIMARY KEY (`id`)
) ENGINE=InnoDB AUTO_INCREMENT=9 DEFAULT CHARSET=utf8 COLLATE=utf8_unicode_ci;

/*Data for the table `product_category` */

insert  into `product_category`(`id`,`p_category_name`,`status`,`created_at`,`updated_at`) values (1,'tablet',1,NULL,'2018-11-07 21:19:28'),(2,'injection',1,NULL,'2018-11-07 21:19:31'),(3,'capsules',1,NULL,'2018-11-07 21:19:34'),(4,'suppositories',1,NULL,'2018-11-08 10:50:03'),(5,'liquiet-litter',1,NULL,'2018-11-09 13:58:45'),(6,'infusion',1,NULL,'2018-11-09 15:09:05'),(7,'pad',1,NULL,'2018-11-10 10:54:49'),(8,'surgical',1,NULL,'2018-11-10 14:57:54');

/*Table structure for table `registration` */

DROP TABLE IF EXISTS `registration`;

CREATE TABLE `registration` (
  `id` bigint(20) NOT NULL AUTO_INCREMENT,
  `login_id` bigint(20) NOT NULL DEFAULT '0',
  `user_name` varchar(150) COLLATE utf8_unicode_ci DEFAULT NULL,
  `email` varchar(255) COLLATE utf8_unicode_ci DEFAULT NULL,
  `password` varchar(255) COLLATE utf8_unicode_ci DEFAULT NULL,
  `phone_no` varchar(20) COLLATE utf8_unicode_ci DEFAULT NULL,
  `address` varchar(250) COLLATE utf8_unicode_ci DEFAULT NULL,
  `user_picture` varchar(100) COLLATE utf8_unicode_ci DEFAULT NULL,
  `gender` varchar(10) COLLATE utf8_unicode_ci DEFAULT NULL,
  `created_at` datetime DEFAULT NULL,
  `updated_at` timestamp NOT NULL DEFAULT CURRENT_TIMESTAMP,
  PRIMARY KEY (`id`)
) ENGINE=InnoDB DEFAULT CHARSET=utf8 COLLATE=utf8_unicode_ci;

/*Data for the table `registration` */

/*Table structure for table `return_product` */

DROP TABLE IF EXISTS `return_product`;

CREATE TABLE `return_product` (
  `id` int(11) NOT NULL AUTO_INCREMENT,
  `supp_id` int(11) NOT NULL DEFAULT '0',
  `buy_sell_bill_no` bigint(20) NOT NULL DEFAULT '0',
  `sell_buy_id` int(11) NOT NULL DEFAULT '0',
  `type` int(11) NOT NULL DEFAULT '0',
  `created_at` datetime DEFAULT NULL,
  `updated_at` timestamp NOT NULL DEFAULT CURRENT_TIMESTAMP,
  PRIMARY KEY (`id`)
) ENGINE=InnoDB DEFAULT CHARSET=latin1;

/*Data for the table `return_product` */

/*Table structure for table `return_product_det` */

DROP TABLE IF EXISTS `return_product_det`;

CREATE TABLE `return_product_det` (
  `id` int(11) NOT NULL AUTO_INCREMENT,
  `ret_id` int(11) NOT NULL DEFAULT '0',
  `p_id` int(11) NOT NULL DEFAULT '0',
  `ret_qty` int(11) NOT NULL DEFAULT '0',
  `created_at` datetime DEFAULT NULL,
  `updated_at` timestamp NOT NULL DEFAULT CURRENT_TIMESTAMP,
  PRIMARY KEY (`id`)
) ENGINE=InnoDB DEFAULT CHARSET=latin1;

/*Data for the table `return_product_det` */

/*Table structure for table `room` */

DROP TABLE IF EXISTS `room`;

CREATE TABLE `room` (
  `id` int(11) NOT NULL AUTO_INCREMENT,
  `hospital_id` int(11) DEFAULT '0',
  `cabin_class_id` int(11) NOT NULL DEFAULT '0',
  `cabin_sub_class_id` int(11) NOT NULL DEFAULT '0',
  `room_title` varchar(255) DEFAULT NULL,
  `room_price` double NOT NULL,
  `seat_capacity` bigint(20) NOT NULL DEFAULT '0',
  `status` int(11) NOT NULL DEFAULT '1',
  `created_at` datetime DEFAULT NULL,
  `updated_at` timestamp NOT NULL DEFAULT CURRENT_TIMESTAMP,
  PRIMARY KEY (`id`)
) ENGINE=InnoDB AUTO_INCREMENT=2 DEFAULT CHARSET=latin1;

/*Data for the table `room` */

insert  into `room`(`id`,`hospital_id`,`cabin_class_id`,`cabin_sub_class_id`,`room_title`,`room_price`,`seat_capacity`,`status`,`created_at`,`updated_at`) values (1,5,3,1,'301',2500,2,1,'2018-11-07 22:51:49','2018-11-07 22:51:49');

/*Table structure for table `sell` */

DROP TABLE IF EXISTS `sell`;

CREATE TABLE `sell` (
  `sell_id` int(11) NOT NULL AUTO_INCREMENT,
  `sell_code` varchar(10) NOT NULL,
  `bill_no` varchar(50) DEFAULT NULL,
  `export_no` varchar(50) DEFAULT NULL,
  `cust_id` int(11) NOT NULL DEFAULT '0',
  `credit` double NOT NULL DEFAULT '0',
  `discount` double NOT NULL DEFAULT '0',
  `vat` double NOT NULL DEFAULT '0',
  `debit` double NOT NULL DEFAULT '0',
  `delivery_cost` double(10,2) NOT NULL,
  `user_id` int(11) NOT NULL DEFAULT '0' COMMENT 'track who logged in system',
  `created_at` datetime NOT NULL,
  `updated_at` timestamp NOT NULL DEFAULT CURRENT_TIMESTAMP ON UPDATE CURRENT_TIMESTAMP,
  `net_total` double NOT NULL DEFAULT '0',
  PRIMARY KEY (`sell_id`)
) ENGINE=InnoDB AUTO_INCREMENT=5 DEFAULT CHARSET=utf8;

/*Data for the table `sell` */

insert  into `sell`(`sell_id`,`sell_code`,`bill_no`,`export_no`,`cust_id`,`credit`,`discount`,`vat`,`debit`,`delivery_cost`,`user_id`,`created_at`,`updated_at`,`net_total`) values (1,'inv-000001','787896','',1,140,0,0,140,0.00,0,'2018-11-07 21:31:05','2018-11-07 21:31:28',140),(2,'inv-000002','6592928','',1,35,0,0,35,0.00,0,'2018-11-07 21:41:12','2018-11-08 18:14:33',35),(3,'inv-000003','456456','',2,35,0,0,0,0.00,0,'2018-11-09 20:23:49','2018-11-09 20:23:49',35),(4,'inv-000004','001','',3,3990,0,0,39000,0.00,0,'2018-11-10 17:30:16','2018-11-10 17:31:18',3990);

/*Table structure for table `sell_details` */

DROP TABLE IF EXISTS `sell_details`;

CREATE TABLE `sell_details` (
  `sell_det_id` int(11) NOT NULL AUTO_INCREMENT,
  `sell_id` int(11) NOT NULL,
  `p_id` int(11) NOT NULL,
  `sell_price` double NOT NULL,
  `sell_qty` double NOT NULL,
  `created_at` datetime NOT NULL,
  `updated_at` timestamp NOT NULL DEFAULT CURRENT_TIMESTAMP ON UPDATE CURRENT_TIMESTAMP,
  PRIMARY KEY (`sell_det_id`)
) ENGINE=InnoDB AUTO_INCREMENT=8 DEFAULT CHARSET=utf8;

/*Data for the table `sell_details` */

insert  into `sell_details`(`sell_det_id`,`sell_id`,`p_id`,`sell_price`,`sell_qty`,`created_at`,`updated_at`) values (1,1,1,35,4,'2018-11-07 21:26:05','2018-11-07 21:31:05'),(2,2,1,35,1,'2018-11-07 21:40:35','2018-11-07 21:40:35'),(3,3,1,35,1,'2018-11-09 20:23:49','2018-11-09 20:23:49'),(4,4,1,35,3,'2018-11-10 17:30:16','2018-11-10 17:30:16'),(5,4,7,200,11,'2018-11-10 17:30:16','2018-11-10 17:30:16'),(6,4,5,20,3,'2018-11-10 17:30:16','2018-11-10 17:30:16'),(7,4,10,125,13,'2018-11-10 17:30:17','2018-11-10 17:30:17');

/*Table structure for table `sell_details_history` */

DROP TABLE IF EXISTS `sell_details_history`;

CREATE TABLE `sell_details_history` (
  `sell_det_id` int(11) NOT NULL AUTO_INCREMENT,
  `sell_id` int(11) NOT NULL,
  `p_id` int(11) NOT NULL,
  `sell_price` double NOT NULL,
  `sell_qty` double NOT NULL,
  `created_at` datetime NOT NULL,
  `updated_at` timestamp NOT NULL DEFAULT CURRENT_TIMESTAMP ON UPDATE CURRENT_TIMESTAMP,
  PRIMARY KEY (`sell_det_id`)
) ENGINE=InnoDB AUTO_INCREMENT=3 DEFAULT CHARSET=utf8;

/*Data for the table `sell_details_history` */

insert  into `sell_details_history`(`sell_det_id`,`sell_id`,`p_id`,`sell_price`,`sell_qty`,`created_at`,`updated_at`) values (1,1,1,35,4,'2018-11-07 21:31:05','2018-11-07 21:31:05'),(2,2,1,35,1,'2018-11-07 21:41:12','2018-11-07 21:41:12');

/*Table structure for table `sell_history` */

DROP TABLE IF EXISTS `sell_history`;

CREATE TABLE `sell_history` (
  `sell_id` int(11) NOT NULL AUTO_INCREMENT,
  `sell_code` varchar(10) NOT NULL,
  `bill_no` varchar(50) DEFAULT NULL,
  `export_no` varchar(50) DEFAULT NULL,
  `cust_id` int(11) NOT NULL DEFAULT '0',
  `credit` double NOT NULL DEFAULT '0',
  `discount` double NOT NULL DEFAULT '0',
  `vat` double NOT NULL DEFAULT '0',
  `debit` double NOT NULL DEFAULT '0',
  `net_total` double NOT NULL DEFAULT '0',
  `delivery_cost` double(10,2) NOT NULL,
  `user_id` int(11) NOT NULL DEFAULT '0' COMMENT 'track who logged in system',
  `created_at` datetime NOT NULL,
  `updated_at` timestamp NOT NULL DEFAULT CURRENT_TIMESTAMP ON UPDATE CURRENT_TIMESTAMP,
  PRIMARY KEY (`sell_id`),
  UNIQUE KEY `bill_no` (`bill_no`)
) ENGINE=InnoDB AUTO_INCREMENT=3 DEFAULT CHARSET=utf8;

/*Data for the table `sell_history` */

insert  into `sell_history`(`sell_id`,`sell_code`,`bill_no`,`export_no`,`cust_id`,`credit`,`discount`,`vat`,`debit`,`net_total`,`delivery_cost`,`user_id`,`created_at`,`updated_at`) values (1,'',NULL,NULL,0,70,10,0,60,60,0.00,0,'2018-11-07 21:31:05','2018-11-07 21:31:05'),(2,'',NULL,NULL,0,35,0,0,0,35,0.00,0,'2018-11-07 21:41:12','2018-11-07 21:41:12');

/*Table structure for table `service_info` */

DROP TABLE IF EXISTS `service_info`;

CREATE TABLE `service_info` (
  `id` int(11) NOT NULL AUTO_INCREMENT,
  `service_name` varchar(255) CHARACTER SET utf8 COLLATE utf8_unicode_ci DEFAULT NULL,
  `Service_price` double(10,2) NOT NULL DEFAULT '0.00',
  `created_at` datetime DEFAULT NULL,
  `updated_at` timestamp NOT NULL DEFAULT CURRENT_TIMESTAMP,
  `service_type` int(11) DEFAULT NULL COMMENT '1=Daily Type,2=One Time',
  `service_status` int(11) DEFAULT '1' COMMENT '1=active,2=Delete',
  `user_id` varchar(255) DEFAULT NULL,
  `hospital_id` int(11) DEFAULT NULL,
  PRIMARY KEY (`id`)
) ENGINE=InnoDB AUTO_INCREMENT=3 DEFAULT CHARSET=latin1;

/*Data for the table `service_info` */

insert  into `service_info`(`id`,`service_name`,`Service_price`,`created_at`,`updated_at`,`service_type`,`service_status`,`user_id`,`hospital_id`) values (1,'fsdcsdc',5000.00,'2018-11-18 03:19:06','2018-11-18 03:42:48',2,1,'care',5),(2,'wec3e',500.00,'2018-11-18 03:24:36','2018-11-18 03:39:14',1,2,'care',5);

/*Table structure for table `stock` */

DROP TABLE IF EXISTS `stock`;

CREATE TABLE `stock` (
  `st_id` int(11) NOT NULL AUTO_INCREMENT,
  `sell_buy_id` int(11) NOT NULL,
  `p_id` int(11) NOT NULL,
  `st_open` int(11) NOT NULL DEFAULT '0',
  `st_in` double NOT NULL,
  `st_out` double NOT NULL,
  `st_close` int(11) NOT NULL DEFAULT '0',
  `type` int(1) NOT NULL COMMENT '1=buy, 2=sell,3=return',
  `created_at` datetime NOT NULL,
  `updated_at` timestamp NOT NULL DEFAULT CURRENT_TIMESTAMP ON UPDATE CURRENT_TIMESTAMP,
  PRIMARY KEY (`st_id`)
) ENGINE=InnoDB AUTO_INCREMENT=74 DEFAULT CHARSET=utf8;

/*Data for the table `stock` */

insert  into `stock`(`st_id`,`sell_buy_id`,`p_id`,`st_open`,`st_in`,`st_out`,`st_close`,`type`,`created_at`,`updated_at`) values (1,1,1,0,4,0,4,1,'2018-11-07 21:22:39','2018-11-07 21:22:39'),(2,1,1,8,0,4,4,2,'2018-11-07 21:31:06','2018-11-07 21:31:06'),(3,2,1,3,0,1,2,2,'2018-11-07 21:41:12','2018-11-07 21:41:12'),(4,2,1,3,0,1,2,2,'2018-11-07 21:41:12','2018-11-07 21:41:12'),(5,3,5,0,10,0,10,1,'2018-11-08 11:18:13','2018-11-08 11:18:13'),(6,4,5,10,10,0,20,1,'2018-11-08 11:20:01','2018-11-08 11:20:01'),(7,4,3,0,25,0,25,1,'2018-11-08 11:20:01','2018-11-08 11:20:01'),(8,4,4,0,20,0,20,1,'2018-11-08 11:20:01','2018-11-08 11:20:01'),(9,5,6,0,55,0,55,1,'2018-11-09 10:31:43','2018-11-09 10:31:43'),(10,5,7,0,100,0,100,1,'2018-11-09 10:31:43','2018-11-09 10:31:43'),(11,5,8,0,32,0,32,1,'2018-11-09 10:31:43','2018-11-09 10:31:43'),(12,5,9,0,110,0,110,1,'2018-11-09 10:31:43','2018-11-09 10:31:43'),(13,5,10,0,11,0,11,1,'2018-11-09 10:31:43','2018-11-09 10:31:43'),(14,5,11,0,40,0,40,1,'2018-11-09 10:31:43','2018-11-09 10:31:43'),(15,5,12,0,220,0,220,1,'2018-11-09 10:31:43','2018-11-09 10:31:43'),(16,5,13,0,120,0,120,1,'2018-11-09 10:31:43','2018-11-09 10:31:43'),(17,5,15,0,40,0,40,1,'2018-11-09 10:31:43','2018-11-09 10:31:43'),(18,6,16,0,100,0,100,1,'2018-11-09 12:12:31','2018-11-09 12:12:31'),(19,6,17,0,30,0,30,1,'2018-11-09 12:12:31','2018-11-09 12:12:31'),(20,6,18,0,700,0,700,1,'2018-11-09 12:12:31','2018-11-09 12:12:31'),(21,6,19,0,160,0,160,1,'2018-11-09 12:12:31','2018-11-09 12:12:31'),(22,6,20,0,120,0,120,1,'2018-11-09 12:12:31','2018-11-09 12:12:31'),(23,6,21,0,280,0,280,1,'2018-11-09 12:12:31','2018-11-09 12:12:31'),(24,7,22,0,6,0,6,1,'2018-11-09 14:01:23','2018-11-09 14:01:23'),(25,8,23,0,250,0,250,1,'2018-11-09 14:06:59','2018-11-09 14:06:59'),(26,9,24,0,10,0,10,1,'2018-11-09 14:13:42','2018-11-09 14:13:42'),(27,10,25,0,200,0,200,1,'2018-11-09 15:33:42','2018-11-09 15:33:42'),(28,10,26,0,20,0,20,1,'2018-11-09 15:33:42','2018-11-09 15:33:42'),(29,10,27,0,100,0,100,1,'2018-11-09 15:33:42','2018-11-09 15:33:42'),(30,10,29,0,20,0,20,1,'2018-11-09 15:33:42','2018-11-09 15:33:42'),(31,10,28,0,20,0,20,1,'2018-11-09 15:33:42','2018-11-09 15:33:42'),(32,10,30,0,20,0,20,1,'2018-11-09 15:33:42','2018-11-09 15:33:42'),(33,11,25,200,80,0,280,1,'2018-11-09 15:39:02','2018-11-09 15:39:02'),(34,11,31,0,20,0,20,1,'2018-11-09 15:39:02','2018-11-09 15:39:02'),(35,12,29,20,80,0,100,1,'2018-11-09 15:49:49','2018-11-09 15:49:49'),(36,13,29,100,80,0,180,1,'2018-11-09 15:52:44','2018-11-09 15:52:44'),(37,3,1,2,0,1,1,2,'2018-11-09 20:23:49','2018-11-09 20:23:49'),(38,14,32,0,150,0,150,1,'2018-11-10 11:05:26','2018-11-10 11:05:26'),(39,14,33,0,40,0,40,1,'2018-11-10 11:05:26','2018-11-10 11:05:26'),(40,14,34,0,20,0,20,1,'2018-11-10 11:05:26','2018-11-10 11:05:26'),(41,15,35,0,20,0,20,1,'2018-11-10 11:14:04','2018-11-10 11:14:04'),(42,16,36,0,30,0,30,1,'2018-11-10 12:26:48','2018-11-10 12:26:48'),(43,16,37,0,10,0,10,1,'2018-11-10 12:26:48','2018-11-10 12:26:48'),(44,16,38,0,10,0,10,1,'2018-11-10 12:26:48','2018-11-10 12:26:48'),(45,16,39,0,10,0,10,1,'2018-11-10 12:26:48','2018-11-10 12:26:48'),(46,16,40,0,24,0,24,1,'2018-11-10 12:26:48','2018-11-10 12:26:48'),(47,17,41,0,40,0,40,1,'2018-11-10 13:07:43','2018-11-10 13:07:43'),(48,17,43,0,5,0,5,1,'2018-11-10 13:07:43','2018-11-10 13:07:43'),(49,17,42,0,25,0,25,1,'2018-11-10 13:07:43','2018-11-10 13:07:43'),(50,18,6,55,1,0,56,1,'2018-11-10 16:03:34','2018-11-10 16:03:34'),(51,4,1,1,0,3,-2,2,'2018-11-10 17:30:17','2018-11-10 17:30:17'),(52,4,7,100,0,11,89,2,'2018-11-10 17:30:17','2018-11-10 17:30:17'),(53,4,5,20,0,3,17,2,'2018-11-10 17:30:17','2018-11-10 17:30:17'),(54,4,10,11,0,13,-2,2,'2018-11-10 17:30:17','2018-11-10 17:30:17'),(55,19,63,0,2,0,2,1,'2018-11-11 15:13:30','2018-11-11 15:13:30'),(56,19,64,0,1,0,1,1,'2018-11-11 15:13:30','2018-11-11 15:13:30'),(57,20,65,0,50,0,50,1,'2018-11-11 15:48:57','2018-11-11 15:48:57'),(58,20,44,0,80,0,80,1,'2018-11-11 15:48:57','2018-11-11 15:48:57'),(59,20,45,0,50,0,50,1,'2018-11-11 15:48:57','2018-11-11 15:48:57'),(60,20,46,0,30,0,30,1,'2018-11-11 15:48:57','2018-11-11 15:48:57'),(61,20,47,0,20,0,20,1,'2018-11-11 15:48:57','2018-11-11 15:48:57'),(62,20,48,0,50,0,50,1,'2018-11-11 15:48:57','2018-11-11 15:48:57'),(63,20,49,0,120,0,120,1,'2018-11-11 15:48:57','2018-11-11 15:48:57'),(64,20,52,0,25,0,25,1,'2018-11-11 15:48:58','2018-11-11 15:48:58'),(65,20,54,0,10,0,10,1,'2018-11-11 15:48:58','2018-11-11 15:48:58'),(66,20,53,0,10,0,10,1,'2018-11-11 15:48:58','2018-11-11 15:48:58'),(67,20,56,0,10,0,10,1,'2018-11-11 15:48:58','2018-11-11 15:48:58'),(68,20,55,0,10,0,10,1,'2018-11-11 15:48:58','2018-11-11 15:48:58'),(69,20,57,0,40,0,40,1,'2018-11-11 15:48:58','2018-11-11 15:48:58'),(70,20,59,0,54,0,54,1,'2018-11-11 15:48:58','2018-11-11 15:48:58'),(71,20,60,0,150,0,150,1,'2018-11-11 15:48:58','2018-11-11 15:48:58'),(72,20,61,0,12,0,12,1,'2018-11-11 15:48:58','2018-11-11 15:48:58'),(73,20,62,0,30,0,30,1,'2018-11-11 15:48:58','2018-11-11 15:48:58');

/*Table structure for table `stock_history` */

DROP TABLE IF EXISTS `stock_history`;

CREATE TABLE `stock_history` (
  `st_id` int(11) NOT NULL AUTO_INCREMENT,
  `sell_buy_id` int(11) NOT NULL,
  `p_id` int(11) NOT NULL,
  `st_open` int(11) NOT NULL DEFAULT '0',
  `st_in` double NOT NULL,
  `st_out` double NOT NULL,
  `st_close` int(11) NOT NULL DEFAULT '0',
  `type` int(1) NOT NULL COMMENT '1=buy, 2=sell,3=purchase_return,4=sale_return',
  `created_at` datetime NOT NULL,
  `updated_at` timestamp NOT NULL DEFAULT CURRENT_TIMESTAMP ON UPDATE CURRENT_TIMESTAMP,
  PRIMARY KEY (`st_id`)
) ENGINE=InnoDB AUTO_INCREMENT=5 DEFAULT CHARSET=utf8;

/*Data for the table `stock_history` */

insert  into `stock_history`(`st_id`,`sell_buy_id`,`p_id`,`st_open`,`st_in`,`st_out`,`st_close`,`type`,`created_at`,`updated_at`) values (1,1,1,0,4,0,4,1,'2018-11-07 21:31:06','2018-11-07 21:31:06'),(2,1,1,4,0,2,2,2,'2018-11-07 21:31:06','2018-11-07 21:31:06'),(3,2,1,2,6,0,8,2,'2018-11-07 21:41:12','2018-11-07 21:41:12'),(4,2,1,4,0,1,3,2,'2018-11-07 21:41:12','2018-11-07 21:41:12');

/*Table structure for table `supplier` */

DROP TABLE IF EXISTS `supplier`;

CREATE TABLE `supplier` (
  `id` int(11) NOT NULL AUTO_INCREMENT,
  `supp_name` varchar(255) COLLATE utf8_unicode_ci DEFAULT NULL,
  `supp_phone` varchar(255) COLLATE utf8_unicode_ci DEFAULT NULL,
  `supp_address` varchar(255) COLLATE utf8_unicode_ci DEFAULT NULL,
  `status` int(11) NOT NULL DEFAULT '1',
  `created_at` datetime DEFAULT NULL,
  `updated_at` timestamp NOT NULL DEFAULT CURRENT_TIMESTAMP,
  PRIMARY KEY (`id`)
) ENGINE=InnoDB AUTO_INCREMENT=11 DEFAULT CHARSET=utf8 COLLATE=utf8_unicode_ci;

/*Data for the table `supplier` */

insert  into `supplier`(`id`,`supp_name`,`supp_phone`,`supp_address`,`status`,`created_at`,`updated_at`) values (1,'rakib','01721266012','ctg',2,'2018-11-07 21:18:54','2018-11-07 21:18:54'),(2,'opsonin','01916833633','chadpur',1,'2018-11-08 11:11:59','2018-11-08 11:11:59'),(3,'masum billa','01847127506','renata',1,'2018-11-08 17:26:18','2018-11-08 17:26:18'),(4,'greenland-pharma','01916833633','dhaka',1,'2018-11-09 13:52:22','2018-11-09 13:52:22'),(5,'SK-F','01916833633','dhk',1,'2018-11-09 14:03:29','2018-11-09 14:03:29'),(6,'city-overseas','01916833633','dhk',1,'2018-11-09 14:08:11','2018-11-09 14:08:11'),(7,'popular','01916833633','dhk',1,'2018-11-09 15:08:09','2018-11-09 15:08:09'),(8,'zm-surgical','01916833633','chadpur',1,'2018-11-10 10:51:02','2018-11-10 10:51:02'),(9,'nabana[pharmacy','01916833633','chadpur',1,'2018-11-10 11:08:53','2018-11-10 11:08:53'),(10,'saymon-surgical','01977016905','chadpur',1,'2018-11-10 11:39:31','2018-11-10 11:39:31');

/*Table structure for table `unit_info` */

DROP TABLE IF EXISTS `unit_info`;

CREATE TABLE `unit_info` (
  `id` int(11) NOT NULL AUTO_INCREMENT,
  `unit` varchar(255) COLLATE utf8_unicode_ci DEFAULT NULL,
  `status` int(11) NOT NULL DEFAULT '1',
  `created_at` datetime DEFAULT NULL,
  `updated_at` timestamp NOT NULL DEFAULT CURRENT_TIMESTAMP ON UPDATE CURRENT_TIMESTAMP,
  PRIMARY KEY (`id`)
) ENGINE=InnoDB AUTO_INCREMENT=4 DEFAULT CHARSET=utf8 COLLATE=utf8_unicode_ci;

/*Data for the table `unit_info` */

insert  into `unit_info`(`id`,`unit`,`status`,`created_at`,`updated_at`) values (1,'pcs',1,NULL,'2018-11-07 21:19:03'),(2,'box',1,NULL,'2018-11-07 21:19:06'),(3,'pot',1,NULL,'2018-11-09 13:55:47');

/*Table structure for table `vat` */

DROP TABLE IF EXISTS `vat`;

CREATE TABLE `vat` (
  `id` int(11) NOT NULL AUTO_INCREMENT,
  `vat_for` double NOT NULL DEFAULT '0',
  `created_at` datetime DEFAULT NULL,
  `updated_at` timestamp NOT NULL DEFAULT CURRENT_TIMESTAMP,
  PRIMARY KEY (`id`)
) ENGINE=InnoDB DEFAULT CHARSET=utf8 COLLATE=utf8_unicode_ci;

/*Data for the table `vat` */

/*!40101 SET SQL_MODE=@OLD_SQL_MODE */;
/*!40014 SET FOREIGN_KEY_CHECKS=@OLD_FOREIGN_KEY_CHECKS */;
